id,exam_id,student_id,severity,outcome,teacher_notes,reviewed_by,reviewed_at
1d43d82f-e222-4082-97d8-c612958ce06b,1aa46c8b-153c-449b-acf8-d4d8407b0953,3a5674e0-a1be-4280-8b22-a1a264f917ed,high,score_penalized,"Synthetic case for presentation: 2 events observed, severity=high, outcome=score_penalized.",90b1b286-043f-4b76-92e4-23c74608f5ea,"2026-08-27 15:00:00"
42a17fec-fb43-41d6-81ef-81cb7089c66d,1aa46c8b-153c-449b-acf8-d4d8407b0953,aae31381-53e3-4422-ad72-6ab7e89cbbca,high,score_penalized,"Synthetic case for presentation: 3 events observed, severity=high, outcome=score_penalized.",44154033-5719-4cb1-8f24-3f0f9acaf0b2,"2026-08-28 15:09:00"
411a55a3-2a68-49d2-8925-c680715f23e8,1aa46c8b-153c-449b-acf8-d4d8407b0953,f1c2a36c-fee9-4475-861a-3fbc53dd950a,low,pending,"Synthetic case for presentation: 1 events observed, severity=low, outcome=pending.",,
2d891dc7-a70c-42ad-8fce-498fe0982fbc,1aa46c8b-153c-449b-acf8-d4d8407b0953,382fc32d-b300-41c1-a73a-6c6bf1a18360,medium,warned,"Synthetic case for presentation: 2 events observed, severity=medium, outcome=warned.",44154033-5719-4cb1-8f24-3f0f9acaf0b2,"2026-08-30 15:27:00"
39633342-c76d-476d-89b3-f51eb4cb198e,1aa46c8b-153c-449b-acf8-d4d8407b0953,e49e894b-b553-4c77-8a62-9227780a2a93,high,score_penalized,"Synthetic case for presentation: 3 events observed, severity=high, outcome=score_penalized.",90b1b286-043f-4b76-92e4-23c74608f5ea,"2026-08-31 15:36:00"
ce1c4ee3-2d5d-4fa8-bb40-fee82ccabd0c,2e5e367e-a8ce-4305-85b8-3f5eb1e8ac85,9220534a-1785-43f4-94f4-bf7d47e94c58,low,pending,"Synthetic case for presentation: 1 events observed, severity=low, outcome=pending.",,
46b57256-eebe-4c7b-adeb-8bd8cbbea3da,2e5e367e-a8ce-4305-85b8-3f5eb1e8ac85,13d2ebc1-81c3-4ce7-aa83-02c2bcd018bd,medium,warned,"Synthetic case for presentation: 2 events observed, severity=medium, outcome=warned.",0c04aefd-e3c2-4260-8d14-8fe3141e0244,"2026-08-30 15:09:00"
fc8e0b97-59fc-4da6-81c6-56413efc7a55,2e5e367e-a8ce-4305-85b8-3f5eb1e8ac85,571d90f3-5c9b-4975-88be-e15f087838fd,high,score_penalized,"Synthetic case for presentation: 3 events observed, severity=high, outcome=score_penalized.",0c04aefd-e3c2-4260-8d14-8fe3141e0244,"2026-08-31 15:18:00"
dd5e60cc-2f03-4269-a20c-91b3b43db99d,2e5e367e-a8ce-4305-85b8-3f5eb1e8ac85,2c81523a-aa97-4d5e-b1a3-9b21befb07f1,high,score_penalized,"Synthetic case for presentation: 1 events observed, severity=high, outcome=score_penalized.",0c04aefd-e3c2-4260-8d14-8fe3141e0244,"2026-09-01 15:27:00"
37afcd33-9598-447a-b82e-086d07576649,2e5e367e-a8ce-4305-85b8-3f5eb1e8ac85,8f559342-82a9-499c-8bda-2b996bbed6ec,medium,warned,"Synthetic case for presentation: 2 events observed, severity=medium, outcome=warned.",90b1b286-043f-4b76-92e4-23c74608f5ea,"2026-09-02 15:36:00"
8a14acba-a6f1-415f-a57d-80a75d4d52af,3801c5e0-a35b-422e-94cb-b2782c2bb6da,8af6b44f-aae4-48f3-bfe2-b378afd50575,high,score_penalized,"Synthetic case for presentation: 3 events observed, severity=high, outcome=score_penalized.",90b1b286-043f-4b76-92e4-23c74608f5ea,"2026-08-31 15:00:00"
3c65ef1c-e2ea-469a-8f3c-1cd33ecf1bdb,3801c5e0-a35b-422e-94cb-b2782c2bb6da,dc9e0c0d-7429-45e2-bf33-e2d9ca9a92db,high,score_penalized,"Synthetic case for presentation: 1 events observed, severity=high, outcome=score_penalized.",06e5e44d-d984-4c9c-aea4-485f3ddc1650,"2026-09-01 15:09:00"
0afe5664-dcdd-4802-bd52-499840c67331,3801c5e0-a35b-422e-94cb-b2782c2bb6da,84992771-eb53-438c-a4d1-13a21986cef5,medium,warned,"Synthetic case for presentation: 2 events observed, severity=medium, outcome=warned.",06e5e44d-d984-4c9c-aea4-485f3ddc1650,"2026-09-02 15:18:00"
c4c0504e-bc0c-4bc6-a846-af702e7d3763,3801c5e0-a35b-422e-94cb-b2782c2bb6da,df96f758-914f-4e81-a1d6-dcd8fff73240,critical,invalidated,"Synthetic case for presentation: 3 events observed, severity=critical, outcome=invalidated.",06e5e44d-d984-4c9c-aea4-485f3ddc1650,"2026-09-03 15:27:00"
bb678742-c51e-4da4-bc5f-29311ef38e79,3801c5e0-a35b-422e-94cb-b2782c2bb6da,7a44a4dc-1d7b-4104-a8ee-eddd0139245a,low,pending,"Synthetic case for presentation: 1 events observed, severity=low, outcome=pending.",,
6eb5540c-2cac-45c5-ab8c-03650dab2b55,e2b46ea1-b118-4aab-9fbd-9ce774ec4c7e,b77cb189-d957-40ed-97b4-2bf1bfcde7d1,medium,warned,"Synthetic case for presentation: 2 events observed, severity=medium, outcome=warned.",90b1b286-043f-4b76-92e4-23c74608f5ea,"2026-09-02 15:00:00"
18565b87-2224-49b5-b4e3-605972e1a3d4,e2b46ea1-b118-4aab-9fbd-9ce774ec4c7e,1dfd4e3c-0050-432b-a540-a8a5a3ab9266,critical,invalidated,"Synthetic case for presentation: 3 events observed, severity=critical, outcome=invalidated.",4d8e621f-9cf5-43b5-af64-13e8b303a72f,"2026-09-03 15:09:00"
4ce4854a-63a5-4f55-a0fd-38a4659fb0e0,e2b46ea1-b118-4aab-9fbd-9ce774ec4c7e,373ed79d-6cb6-4ef2-9023-2114421fd559,low,pending,"Synthetic case for presentation: 1 events observed, severity=low, outcome=pending.",,
c21117be-1e1d-4350-918b-880e50462eb5,e2b46ea1-b118-4aab-9fbd-9ce774ec4c7e,5a5c3927-e23e-4fac-8ff3-f1add6fb46d7,medium,warned,"Synthetic case for presentation: 2 events observed, severity=medium, outcome=warned.",4d8e621f-9cf5-43b5-af64-13e8b303a72f,"2026-09-05 15:27:00"
92cda9b8-9671-4ccc-b062-3c05e83e456b,e2b46ea1-b118-4aab-9fbd-9ce774ec4c7e,bcdf545c-eac2-4b16-9cc2-0ef2ddbcc05e,high,score_penalized,"Synthetic case for presentation: 3 events observed, severity=high, outcome=score_penalized.",90b1b286-043f-4b76-92e4-23c74608f5ea,"2026-09-06 15:36:00"
cc060f73-215b-452f-a6a8-e76a1095b368,1b416d5a-47d8-4940-9b5d-bd34dff89327,4492e3ba-c60e-4c67-9bfd-1826d02a7a1b,low,pending,"Synthetic case for presentation: 1 events observed, severity=low, outcome=pending.",,
5628a814-7555-4d1b-8133-4d25301c64c5,1b416d5a-47d8-4940-9b5d-bd34dff89327,0ea477a3-ed5b-4412-864f-33277f0e4645,medium,warned,"Synthetic case for presentation: 2 events observed, severity=medium, outcome=warned.",85c5949e-233a-45c7-a837-c5790ed146f5,"2026-09-05 15:09:00"
903b4457-43de-4419-9d62-0b5855a378ab,1b416d5a-47d8-4940-9b5d-bd34dff89327,f9f01807-8da2-4f5a-8847-b42d15d1945b,high,score_penalized,"Synthetic case for presentation: 3 events observed, severity=high, outcome=score_penalized.",85c5949e-233a-45c7-a837-c5790ed146f5,"2026-09-06 15:18:00"
d50b38b5-573b-4e05-83f5-91d8b2a6913a,1b416d5a-47d8-4940-9b5d-bd34dff89327,3a2025c0-931e-41e8-b475-1471bf559991,low,pending,"Synthetic case for presentation: 1 events observed, severity=low, outcome=pending.",,
ddb407dd-4573-4062-a25f-fcf74d71aae9,1b416d5a-47d8-4940-9b5d-bd34dff89327,b0f68bc2-ec96-4163-a21b-3e76e4d6a219,high,score_penalized,"Synthetic case for presentation: 2 events observed, severity=high, outcome=score_penalized.",90b1b286-043f-4b76-92e4-23c74608f5ea,"2026-09-08 15:36:00"
3b735bcb-d1fe-4389-a27a-352de6756e50,1e5f36cd-391e-4e56-beb6-454260298ffd,503d9aa5-4d7a-4f28-8c7d-82093c35ee8c,high,score_penalized,"Synthetic case for presentation: 3 events observed, severity=high, outcome=score_penalized.",90b1b286-043f-4b76-92e4-23c74608f5ea,"2026-09-06 15:00:00"
4cd15117-71c1-40c0-8d0e-f79bc8257204,1e5f36cd-391e-4e56-beb6-454260298ffd,db68a2d8-d9a1-4a54-b3d1-6c72ea4242dd,low,pending,"Synthetic case for presentation: 1 events observed, severity=low, outcome=pending.",,
3640660b-932f-42a8-a97a-11bb2cda5ce3,1e5f36cd-391e-4e56-beb6-454260298ffd,2e318f90-913c-4dd9-9198-175e357a9659,high,score_penalized,"Synthetic case for presentation: 2 events observed, severity=high, outcome=score_penalized.",bd2d223c-8e46-43be-9efa-e10a5bfa3eef,"2026-09-08 15:18:00"
89e335b3-db0f-4397-bc2e-c6c36b9560c0,1e5f36cd-391e-4e56-beb6-454260298ffd,2db3b8f9-7df7-4c20-bd1b-c4808288947a,high,score_penalized,"Synthetic case for presentation: 3 events observed, severity=high, outcome=score_penalized.",bd2d223c-8e46-43be-9efa-e10a5bfa3eef,"2026-09-09 15:27:00"
def66ef7-50ea-4ecf-b7c7-902ec321fa6b,1e5f36cd-391e-4e56-beb6-454260298ffd,72edf252-324f-448d-87ef-18b35c685ee8,low,pending,"Synthetic case for presentation: 1 events observed, severity=low, outcome=pending.",,
260d3d7c-a79a-4448-9dd7-02b1ebcdbeaa,04132df5-4503-4db8-b754-96c8e96251d4,a467fe6a-bb52-469a-861a-5d5739657f8d,high,score_penalized,"Synthetic case for presentation: 2 events observed, severity=high, outcome=score_penalized.",90b1b286-043f-4b76-92e4-23c74608f5ea,"2026-09-08 15:00:00"
898a505f-0338-4dbf-b133-56370bae7e47,04132df5-4503-4db8-b754-96c8e96251d4,91865171-f3a4-4728-8d61-e12bbf73f6b6,high,score_penalized,"Synthetic case for presentation: 3 events observed, severity=high, outcome=score_penalized.",1cb05fe0-b865-4b18-a162-e6b61388f716,"2026-09-09 15:09:00"
c931a8a3-376c-4ff4-a47d-b7866558c655,04132df5-4503-4db8-b754-96c8e96251d4,6b12ed57-d356-4efe-98d1-e4028f174b5d,low,pending,"Synthetic case for presentation: 1 events observed, severity=low, outcome=pending.",,
7c501254-f4b4-40d1-916c-01ff5e4c6536,04132df5-4503-4db8-b754-96c8e96251d4,f97e51e7-e522-4493-909f-6c2594573f79,medium,warned,"Synthetic case for presentation: 2 events observed, severity=medium, outcome=warned.",1cb05fe0-b865-4b18-a162-e6b61388f716,"2026-09-11 15:27:00"
e910c01b-9bde-4c90-a4a6-f28464313831,04132df5-4503-4db8-b754-96c8e96251d4,b87cce12-66c1-40ff-941e-5def8d79684d,high,score_penalized,"Synthetic case for presentation: 3 events observed, severity=high, outcome=score_penalized.",90b1b286-043f-4b76-92e4-23c74608f5ea,"2026-09-12 15:36:00"
4cb00960-ecc6-484c-90b7-2c6e50708e91,a62844fc-a744-4ca4-a00d-dc77eaa5478f,dd1afa33-c63d-4df4-ad01-044c6aa4bce4,low,pending,"Synthetic case for presentation: 1 events observed, severity=low, outcome=pending.",,
9893c7fc-92d2-4a04-be36-fd761a062a47,a62844fc-a744-4ca4-a00d-dc77eaa5478f,b96dcf6d-7a86-44fc-b79b-6b90d7af74bd,medium,warned,"Synthetic case for presentation: 2 events observed, severity=medium, outcome=warned.",6610878f-ed49-4f72-bad9-de53a8c6d8c7,"2026-09-11 15:09:00"
84bcac93-b1d2-4bb0-bb95-acb9e9f8ffcd,a62844fc-a744-4ca4-a00d-dc77eaa5478f,743f97fa-289d-4316-8044-fa5b5c20cf15,high,score_penalized,"Synthetic case for presentation: 3 events observed, severity=high, outcome=score_penalized.",6610878f-ed49-4f72-bad9-de53a8c6d8c7,"2026-09-12 15:18:00"
64d1af3f-c111-487e-94fb-c031d1ec899a,a62844fc-a744-4ca4-a00d-dc77eaa5478f,54457d5b-b062-4d3e-8adc-334e169ac939,high,score_penalized,"Synthetic case for presentation: 1 events observed, severity=high, outcome=score_penalized.",6610878f-ed49-4f72-bad9-de53a8c6d8c7,"2026-09-13 15:27:00"
22614147-a91c-403b-9b35-8ae254fe740a,a62844fc-a744-4ca4-a00d-dc77eaa5478f,5b12e5fb-8a26-4042-8f1b-1f7821d4478f,medium,warned,"Synthetic case for presentation: 2 events observed, severity=medium, outcome=warned.",90b1b286-043f-4b76-92e4-23c74608f5ea,"2026-09-14 15:36:00"
f262bb86-4df1-4f0f-b406-798e5ad163c0,65018cba-0064-4e0b-b373-d52863272eb9,da7485b2-fc6c-407e-87a3-f609ee836a15,high,score_penalized,"Synthetic case for presentation: 3 events observed, severity=high, outcome=score_penalized.",90b1b286-043f-4b76-92e4-23c74608f5ea,"2026-09-12 15:00:00"
9bb04757-9b39-4832-b290-e7e9a3a6e4d0,65018cba-0064-4e0b-b373-d52863272eb9,09947134-b02a-4e1d-98c0-7425ec02dff3,high,score_penalized,"Synthetic case for presentation: 1 events observed, severity=high, outcome=score_penalized.",61c267c7-cbb9-40ee-bd32-1c091d59f8f6,"2026-09-13 15:09:00"
34aa432a-de1e-4925-9a4d-3efff42f7bf8,65018cba-0064-4e0b-b373-d52863272eb9,0ac48f93-f410-42c0-8be0-affc9cc97c8b,medium,warned,"Synthetic case for presentation: 2 events observed, severity=medium, outcome=warned.",61c267c7-cbb9-40ee-bd32-1c091d59f8f6,"2026-09-14 15:18:00"
80b761bd-1395-4119-9520-3c4f07eb7ec0,65018cba-0064-4e0b-b373-d52863272eb9,4e3295fc-c640-4822-9361-c27a0411fcf1,critical,invalidated,"Synthetic case for presentation: 3 events observed, severity=critical, outcome=invalidated.",61c267c7-cbb9-40ee-bd32-1c091d59f8f6,"2026-09-15 15:27:00"
fac82836-743d-47f7-88ee-6dfdfaf84327,65018cba-0064-4e0b-b373-d52863272eb9,baac066e-d9bc-49f5-900a-b5ae586c4a2b,low,pending,"Synthetic case for presentation: 1 events observed, severity=low, outcome=pending.",,
083652d9-4231-46b7-8c3e-b35f61fb57e1,d6ff17a1-2903-4053-9bee-0065e71634ed,93873041-4e51-45da-ad5b-4afde5db6974,medium,warned,"Synthetic case for presentation: 2 events observed, severity=medium, outcome=warned.",90b1b286-043f-4b76-92e4-23c74608f5ea,"2026-09-14 15:00:00"
357c60c9-9354-4694-8f16-d61a1c6fc428,d6ff17a1-2903-4053-9bee-0065e71634ed,b4e8b578-490c-47e9-972c-d99d279ff150,critical,invalidated,"Synthetic case for presentation: 3 events observed, severity=critical, outcome=invalidated.",dda049b3-4147-41ff-bbb8-a3cd336b07f4,"2026-09-15 15:09:00"
7d0318f4-2a91-40c9-a682-3dce8ff1c443,d6ff17a1-2903-4053-9bee-0065e71634ed,a3a7a64c-c624-4cdd-af2d-8e871a21edd6,low,pending,"Synthetic case for presentation: 1 events observed, severity=low, outcome=pending.",,
54812f1e-3329-47df-b959-be80056aabb0,d6ff17a1-2903-4053-9bee-0065e71634ed,2286ddd1-4bba-4f89-8ebe-c66abf513fb9,medium,warned,"Synthetic case for presentation: 2 events observed, severity=medium, outcome=warned.",dda049b3-4147-41ff-bbb8-a3cd336b07f4,"2026-09-17 15:27:00"
9a30f06a-8a8e-4e45-9302-3ec7e99629e8,d6ff17a1-2903-4053-9bee-0065e71634ed,6c495481-0489-46d7-aff2-6add5fdb40b3,high,score_penalized,"Synthetic case for presentation: 3 events observed, severity=high, outcome=score_penalized.",90b1b286-043f-4b76-92e4-23c74608f5ea,"2026-09-18 15:36:00"
1ddea654-d161-4317-924d-22ff6d2c6215,ec4b12aa-dfce-40bd-9a58-08cd5ca7f049,31ec147c-2f96-4783-b776-f7fd95d0cf4e,low,pending,"Synthetic case for presentation: 1 events observed, severity=low, outcome=pending.",,
a6595491-9143-4027-9bf6-0d2c9f3ba95b,ec4b12aa-dfce-40bd-9a58-08cd5ca7f049,83a44bd8-e9be-4239-a27f-433b7f2c1d7d,medium,warned,"Synthetic case for presentation: 2 events observed, severity=medium, outcome=warned.",7fba43e4-d415-44be-8eee-2b06e0db3499,"2026-09-17 15:09:00"
6ac8b969-b41a-4d3a-b608-769b04a3c4d1,ec4b12aa-dfce-40bd-9a58-08cd5ca7f049,581afc2c-a8fa-433b-91e8-f0577c1d3537,high,score_penalized,"Synthetic case for presentation: 3 events observed, severity=high, outcome=score_penalized.",7fba43e4-d415-44be-8eee-2b06e0db3499,"2026-09-18 15:18:00"
730e9fcb-2744-4fe1-8659-208aa2e176b1,ec4b12aa-dfce-40bd-9a58-08cd5ca7f049,d139efb7-7671-4972-8f15-95e076e6bb4d,low,pending,"Synthetic case for presentation: 1 events observed, severity=low, outcome=pending.",,
2679f042-4af5-4614-a509-9dc327b2f0fc,ec4b12aa-dfce-40bd-9a58-08cd5ca7f049,ff832bb9-3414-4616-8024-7a1c1224b8da,high,score_penalized,"Synthetic case for presentation: 2 events observed, severity=high, outcome=score_penalized.",90b1b286-043f-4b76-92e4-23c74608f5ea,"2026-08-26 15:36:00"
1f040524-6996-464b-9b68-4ec2803f22e8,471e1565-0fbf-4567-a8b0-76a9c7753be2,8abd1270-0ea8-427e-a260-a5a8dcbe3cc4,high,score_penalized,"Synthetic case for presentation: 3 events observed, severity=high, outcome=score_penalized.",90b1b286-043f-4b76-92e4-23c74608f5ea,"2026-09-18 15:00:00"
b92b8ca4-0c5d-46c2-9273-dec408fb2bba,471e1565-0fbf-4567-a8b0-76a9c7753be2,3af27149-f3ce-49dd-8c60-0f5b95eef5e6,low,pending,"Synthetic case for presentation: 1 events observed, severity=low, outcome=pending.",,
b0c68b9c-3f53-4ff5-9e6c-5216d64e7e05,471e1565-0fbf-4567-a8b0-76a9c7753be2,a66d5d83-b3d4-4f47-82d8-25ed6c3c1507,high,score_penalized,"Synthetic case for presentation: 2 events observed, severity=high, outcome=score_penalized.",593babd2-2b43-4b9c-83e5-af65490a448e,"2026-08-26 15:18:00"
1db744a0-fc1f-4461-873e-c38c1006cbcf,471e1565-0fbf-4567-a8b0-76a9c7753be2,56d1d163-9f77-4b25-94d7-98ce2e257611,high,score_penalized,"Synthetic case for presentation: 3 events observed, severity=high, outcome=score_penalized.",593babd2-2b43-4b9c-83e5-af65490a448e,"2026-08-27 15:27:00"
d7726817-3045-4ab3-be97-77c88c9d6fa4,471e1565-0fbf-4567-a8b0-76a9c7753be2,b6b6556c-e3bc-4314-ba91-8f0803cc665e,low,pending,"Synthetic case for presentation: 1 events observed, severity=low, outcome=pending.",,
3281a0ca-75bb-4ea8-9c65-3952d5e4d422,1f70dddd-c7e7-4a5c-bbac-18a4d124a8e2,6ad9bee9-de5a-4e22-ba74-0311cc948ab7,high,score_penalized,"Synthetic case for presentation: 2 events observed, severity=high, outcome=score_penalized.",90b1b286-043f-4b76-92e4-23c74608f5ea,"2026-08-26 15:00:00"
fa9d76ce-f570-448a-8d24-1dc660dee2b9,1f70dddd-c7e7-4a5c-bbac-18a4d124a8e2,aa6bd93b-e534-4848-9e27-c62d0a6aecfe,high,score_penalized,"Synthetic case for presentation: 3 events observed, severity=high, outcome=score_penalized.",41e48eac-fde9-480a-bbd6-ff7c6b914434,"2026-08-27 15:09:00"
b857df32-5090-4124-be65-de68c181a5d6,1f70dddd-c7e7-4a5c-bbac-18a4d124a8e2,0d45d296-b7e6-4ab5-b561-033346dc3c79,low,pending,"Synthetic case for presentation: 1 events observed, severity=low, outcome=pending.",,
3e6fd405-d45d-4006-8ade-7f09bc248427,1f70dddd-c7e7-4a5c-bbac-18a4d124a8e2,1d1411d0-655d-4d0a-93c6-d470222be7a2,medium,warned,"Synthetic case for presentation: 2 events observed, severity=medium, outcome=warned.",41e48eac-fde9-480a-bbd6-ff7c6b914434,"2026-08-29 15:27:00"
8c35af0c-fef8-4566-be25-16f6d703c490,1f70dddd-c7e7-4a5c-bbac-18a4d124a8e2,2bc81684-3657-45a2-acea-82d557db3c90,high,score_penalized,"Synthetic case for presentation: 3 events observed, severity=high, outcome=score_penalized.",90b1b286-043f-4b76-92e4-23c74608f5ea,"2026-08-30 15:36:00"
1c907337-f326-4ed7-9284-a2777fc29445,79cf84d9-f4de-485e-9c01-148df1e1a457,6ffecf86-0bc4-46b7-9ce8-0f2c48048271,low,pending,"Synthetic case for presentation: 1 events observed, severity=low, outcome=pending.",,
d6ffb961-cb65-43b2-8177-2c376a1b7f73,79cf84d9-f4de-485e-9c01-148df1e1a457,9704a068-98a1-4f12-b0fe-51b32fe3095f,medium,warned,"Synthetic case for presentation: 2 events observed, severity=medium, outcome=warned.",1ee4a7c6-7108-4aad-90ad-7dff8413e6f7,"2026-08-29 15:09:00"
6db77cd3-7ebd-4e9c-a4f8-5bca5ef1c184,79cf84d9-f4de-485e-9c01-148df1e1a457,a91ddf7b-a470-42fc-b094-11a50c871dc9,high,score_penalized,"Synthetic case for presentation: 3 events observed, severity=high, outcome=score_penalized.",1ee4a7c6-7108-4aad-90ad-7dff8413e6f7,"2026-08-30 15:18:00"
35a22b38-a5ab-4848-a733-e3380eeaddb9,79cf84d9-f4de-485e-9c01-148df1e1a457,3543b863-edd1-45b3-bf81-8945858d4659,high,score_penalized,"Synthetic case for presentation: 1 events observed, severity=high, outcome=score_penalized.",1ee4a7c6-7108-4aad-90ad-7dff8413e6f7,"2026-08-31 15:27:00"
712b7038-e763-46ca-971c-beccf4c9a732,79cf84d9-f4de-485e-9c01-148df1e1a457,b4af2850-58df-4e25-8f78-fb871df28379,medium,warned,"Synthetic case for presentation: 2 events observed, severity=medium, outcome=warned.",90b1b286-043f-4b76-92e4-23c74608f5ea,"2026-09-01 15:36:00"
e6b09c16-9c49-4ebc-bc68-db28a228d17a,69c87a71-02eb-4c0a-856a-dffeec3adbcd,17bf9713-3ae0-4f82-8b67-3e4a9db09f27,high,score_penalized,"Synthetic case for presentation: 3 events observed, severity=high, outcome=score_penalized.",90b1b286-043f-4b76-92e4-23c74608f5ea,"2026-08-30 15:00:00"
6c014df9-28e5-4dbc-b90c-b4d698756ca7,69c87a71-02eb-4c0a-856a-dffeec3adbcd,0583d4b7-b6a8-4841-88a3-689aed7e97a0,high,score_penalized,"Synthetic case for presentation: 1 events observed, severity=high, outcome=score_penalized.",62d50f50-ffe8-4baf-8e30-77f6d2a2aaac,"2026-08-31 15:09:00"
ddbaae79-d258-4182-a673-ea847db29d77,69c87a71-02eb-4c0a-856a-dffeec3adbcd,15f8def5-2ce4-47c2-b192-2f9c6d36c3ba,medium,warned,"Synthetic case for presentation: 2 events observed, severity=medium, outcome=warned.",62d50f50-ffe8-4baf-8e30-77f6d2a2aaac,"2026-09-01 15:18:00"
761b449f-fc17-4511-ac18-7444eb3bdad0,69c87a71-02eb-4c0a-856a-dffeec3adbcd,56f7a69a-3b4a-4ee0-a1f5-714842ab305c,critical,invalidated,"Synthetic case for presentation: 3 events observed, severity=critical, outcome=invalidated.",62d50f50-ffe8-4baf-8e30-77f6d2a2aaac,"2026-09-02 15:27:00"
ca8dee3e-2506-4722-b970-2f6a550b4467,69c87a71-02eb-4c0a-856a-dffeec3adbcd,1b341fdd-1656-468e-aa71-810809144ddd,low,pending,"Synthetic case for presentation: 1 events observed, severity=low, outcome=pending.",,
d516517d-ce12-4aaf-a5ec-f6f64a7bf826,334465bc-2730-4d81-9881-3eb1547b8627,bf6972cb-f993-4df8-811f-a12236b0d750,medium,warned,"Synthetic case for presentation: 2 events observed, severity=medium, outcome=warned.",90b1b286-043f-4b76-92e4-23c74608f5ea,"2026-09-01 15:00:00"
f1d76f9c-a72d-4353-b7fc-c95761511719,334465bc-2730-4d81-9881-3eb1547b8627,e9af21c7-e1de-4496-b189-729acea7607e,critical,invalidated,"Synthetic case for presentation: 3 events observed, severity=critical, outcome=invalidated.",6a397c8a-08a4-44d2-870f-aafd5ce00cc0,"2026-09-02 15:09:00"
bc651cb1-c50a-49c1-8927-473086a0b2d3,334465bc-2730-4d81-9881-3eb1547b8627,6bb0b3e4-0716-441e-988f-52f17f63a62f,low,pending,"Synthetic case for presentation: 1 events observed, severity=low, outcome=pending.",,
9d847cfb-5650-46d6-9ecc-94994ded729f,334465bc-2730-4d81-9881-3eb1547b8627,6ae49653-6a83-4f6a-9682-21bee529acf5,medium,warned,"Synthetic case for presentation: 2 events observed, severity=medium, outcome=warned.",6a397c8a-08a4-44d2-870f-aafd5ce00cc0,"2026-09-04 15:27:00"
33683750-a928-464f-add5-d5f6d7db6269,334465bc-2730-4d81-9881-3eb1547b8627,59748228-5b67-4efd-b1f3-6b586b1109bd,high,score_penalized,"Synthetic case for presentation: 3 events observed, severity=high, outcome=score_penalized.",90b1b286-043f-4b76-92e4-23c74608f5ea,"2026-09-05 15:36:00"
747e13aa-491c-41ea-a30b-b76b121bb927,b8d05627-ce34-4675-bbfb-9399fb3e4128,f5a10abb-cf64-4ba1-88d5-b6ec2742ec8b,low,pending,"Synthetic case for presentation: 1 events observed, severity=low, outcome=pending.",,
2bac1658-a252-46d7-b287-6e8d1d71768e,b8d05627-ce34-4675-bbfb-9399fb3e4128,e6a5e155-c5a9-4dbc-852a-d3ea29949691,medium,warned,"Synthetic case for presentation: 2 events observed, severity=medium, outcome=warned.",218bedae-2734-4661-a5fd-9802f0ab85d9,"2026-09-04 15:09:00"
af1de4c3-2aa1-4b20-81c8-11f44aac61b3,b8d05627-ce34-4675-bbfb-9399fb3e4128,9cb075b7-230a-4bd0-a408-eea8c0649a4f,high,score_penalized,"Synthetic case for presentation: 3 events observed, severity=high, outcome=score_penalized.",218bedae-2734-4661-a5fd-9802f0ab85d9,"2026-09-05 15:18:00"
8060185a-9238-49f0-b7b1-aee5081fce08,b8d05627-ce34-4675-bbfb-9399fb3e4128,c4cffad4-c2e5-4b6e-8b66-4bf0544bf19a,low,pending,"Synthetic case for presentation: 1 events observed, severity=low, outcome=pending.",,
bf0527fc-07ad-474a-b1e2-b88412375c39,b8d05627-ce34-4675-bbfb-9399fb3e4128,fb0cfffb-e973-4e14-9036-6abae9e9fe0c,high,score_penalized,"Synthetic case for presentation: 2 events observed, severity=high, outcome=score_penalized.",90b1b286-043f-4b76-92e4-23c74608f5ea,"2026-09-07 15:36:00"
c35c8814-e690-481d-8d29-100c7b720d66,d5a08452-cacd-4a6d-844a-f9328b77b85a,36a28087-ed4a-43a4-81d0-3e1b5f727219,high,score_penalized,"Synthetic case for presentation: 3 events observed, severity=high, outcome=score_penalized.",90b1b286-043f-4b76-92e4-23c74608f5ea,"2026-09-05 15:00:00"
7437678b-70b5-41aa-9a38-a47755e90fce,d5a08452-cacd-4a6d-844a-f9328b77b85a,3dd54b18-14b0-4154-98d6-af0669f0be7f,low,pending,"Synthetic case for presentation: 1 events observed, severity=low, outcome=pending.",,
e44bafca-b47a-4ad6-a8b6-0e0783a04ddd,d5a08452-cacd-4a6d-844a-f9328b77b85a,ddbb4b7c-05d3-4966-b9f2-a081a5262a7d,high,score_penalized,"Synthetic case for presentation: 2 events observed, severity=high, outcome=score_penalized.",470dec3e-8359-4c0c-be31-43f136f38980,"2026-09-07 15:18:00"
26c8c2a7-a131-492c-8eee-bd943ffd314d,d5a08452-cacd-4a6d-844a-f9328b77b85a,963accb1-7ce4-4662-a3c3-fb27fe60b973,high,score_penalized,"Synthetic case for presentation: 3 events observed, severity=high, outcome=score_penalized.",470dec3e-8359-4c0c-be31-43f136f38980,"2026-09-08 15:27:00"
0b2a6144-59aa-40db-b4a3-d573ee794a85,d5a08452-cacd-4a6d-844a-f9328b77b85a,da150e66-b986-4e9a-807b-bd11c3bd486a,low,pending,"Synthetic case for presentation: 1 events observed, severity=low, outcome=pending.",,
04836cd6-0d9e-4abe-8391-178243412bbf,b9a1b6ed-3a18-4c8d-bc48-451f91465b7b,0f4cc287-534a-42ec-99d4-f4112ec3dd40,high,score_penalized,"Synthetic case for presentation: 2 events observed, severity=high, outcome=score_penalized.",90b1b286-043f-4b76-92e4-23c74608f5ea,"2026-09-07 15:00:00"
6ac5f21f-5749-490e-bd5f-b0e550942b0d,b9a1b6ed-3a18-4c8d-bc48-451f91465b7b,2d0a04ce-027a-40e7-95ad-f7e8482d1f27,high,score_penalized,"Synthetic case for presentation: 3 events observed, severity=high, outcome=score_penalized.",8ca8df9c-d395-4226-a267-17e37abb45b2,"2026-09-08 15:09:00"
dc202413-8194-4e05-9af7-d4cb44fa513b,b9a1b6ed-3a18-4c8d-bc48-451f91465b7b,1e58e370-3bf1-4b65-a501-8d2d7b5ccc89,low,pending,"Synthetic case for presentation: 1 events observed, severity=low, outcome=pending.",,
08c33e51-6765-44b8-92f9-65f0563cbc79,b9a1b6ed-3a18-4c8d-bc48-451f91465b7b,d81421b6-53f1-4aa9-85c2-4ce4ac612fea,medium,warned,"Synthetic case for presentation: 2 events observed, severity=medium, outcome=warned.",8ca8df9c-d395-4226-a267-17e37abb45b2,"2026-09-10 15:27:00"
2316f8d0-4b98-4187-843f-7e62bafd7617,b9a1b6ed-3a18-4c8d-bc48-451f91465b7b,ebafeb54-9a9e-41a5-8608-a96dc4e8d279,high,score_penalized,"Synthetic case for presentation: 3 events observed, severity=high, outcome=score_penalized.",90b1b286-043f-4b76-92e4-23c74608f5ea,"2026-09-11 15:36:00"
3ee138c4-e377-4769-9fe2-927f404989fe,560c4c18-b2e1-4f5c-831f-7389bdb485dd,fffdabff-df72-4916-941b-79bb46327767,low,pending,"Synthetic case for presentation: 1 events observed, severity=low, outcome=pending.",,
393dcbff-114f-44e6-9cef-d1e179f1c93b,560c4c18-b2e1-4f5c-831f-7389bdb485dd,bcf613bd-ae4a-4ada-97d2-04579109c568,medium,warned,"Synthetic case for presentation: 2 events observed, severity=medium, outcome=warned.",91567770-031a-4f4f-83c4-82d1be543d8e,"2026-09-10 15:09:00"
2ab781de-801b-4271-b606-c6dafc043265,560c4c18-b2e1-4f5c-831f-7389bdb485dd,922f7daf-ede8-470f-b5e1-f37ad7e55b1e,high,score_penalized,"Synthetic case for presentation: 3 events observed, severity=high, outcome=score_penalized.",91567770-031a-4f4f-83c4-82d1be543d8e,"2026-09-11 15:18:00"
585a4599-f600-4a2d-a11c-b9bae3a6df31,560c4c18-b2e1-4f5c-831f-7389bdb485dd,34e53711-67f5-43fd-8ae1-81322e081a55,high,score_penalized,"Synthetic case for presentation: 1 events observed, severity=high, outcome=score_penalized.",91567770-031a-4f4f-83c4-82d1be543d8e,"2026-09-12 15:27:00"
35f74e02-78dd-40ab-9392-e016e64dd1ba,560c4c18-b2e1-4f5c-831f-7389bdb485dd,5576fc0d-c274-41de-8d0d-a8e72155bbb5,medium,warned,"Synthetic case for presentation: 2 events observed, severity=medium, outcome=warned.",90b1b286-043f-4b76-92e4-23c74608f5ea,"2026-09-13 15:36:00"
fe3d4f77-ee44-4ab6-ba34-1c82e5102371,0cccc5a5-48c0-41cb-aef3-d53539bc8078,c954cf02-edb1-461f-b34a-a0c1a70886ab,high,score_penalized,"Synthetic case for presentation: 3 events observed, severity=high, outcome=score_penalized.",90b1b286-043f-4b76-92e4-23c74608f5ea,"2026-09-11 15:00:00"
0641f517-f146-4feb-9ed7-ef37f2a5f767,0cccc5a5-48c0-41cb-aef3-d53539bc8078,e7d80799-15b7-4460-b74f-8f6a26d7c673,high,score_penalized,"Synthetic case for presentation: 1 events observed, severity=high, outcome=score_penalized.",335d4e6b-c581-4754-aee2-69ff5e2f6e64,"2026-09-12 15:09:00"
0efd9ff0-a4f6-4c5d-bf54-27058953eba0,0cccc5a5-48c0-41cb-aef3-d53539bc8078,de5f75c9-a612-47a0-96b3-180ff3e77c13,medium,warned,"Synthetic case for presentation: 2 events observed, severity=medium, outcome=warned.",335d4e6b-c581-4754-aee2-69ff5e2f6e64,"2026-09-13 15:18:00"
3c156de1-ae0e-48b5-a6c5-cd4711978616,0cccc5a5-48c0-41cb-aef3-d53539bc8078,13c716e9-f2de-420a-a6ed-5a75d2414eaf,critical,invalidated,"Synthetic case for presentation: 3 events observed, severity=critical, outcome=invalidated.",335d4e6b-c581-4754-aee2-69ff5e2f6e64,"2026-09-14 15:27:00"
0d83dd5c-3bce-40fb-aeb5-66708bcf8d5d,0cccc5a5-48c0-41cb-aef3-d53539bc8078,59a5b7c3-d9d3-4c6d-a57a-91ff05886103,low,pending,"Synthetic case for presentation: 1 events observed, severity=low, outcome=pending.",,
df9d90a2-d451-4188-a1bc-dbe25bd2a224,d8e26c45-cbd6-407a-bbd6-8ce3e2ec6b6b,5da99b28-fe97-45bc-84fe-57eceb2a34c4,medium,warned,"Synthetic case for presentation: 2 events observed, severity=medium, outcome=warned.",90b1b286-043f-4b76-92e4-23c74608f5ea,"2026-09-13 15:00:00"
352144db-a3ca-4099-a78e-ff3183d2b724,d8e26c45-cbd6-407a-bbd6-8ce3e2ec6b6b,d7dcf613-b468-48e6-a195-ac65348cc7da,critical,invalidated,"Synthetic case for presentation: 3 events observed, severity=critical, outcome=invalidated.",6f8e63e0-a9b9-4fe9-b641-5435333fb365,"2026-09-14 15:09:00"
02dd62d5-bc1f-4838-861e-bfb5a1896ddb,d8e26c45-cbd6-407a-bbd6-8ce3e2ec6b6b,8bf4b1ce-145e-4664-8b8b-3f968b432b9d,low,pending,"Synthetic case for presentation: 1 events observed, severity=low, outcome=pending.",,
0c060c6e-12d8-4895-a59b-ffc8ebb16500,d8e26c45-cbd6-407a-bbd6-8ce3e2ec6b6b,1796a4f2-0cca-4d19-9d3d-f26339f3054d,medium,warned,"Synthetic case for presentation: 2 events observed, severity=medium, outcome=warned.",6f8e63e0-a9b9-4fe9-b641-5435333fb365,"2026-09-16 15:27:00"
0fc9ee48-c718-47f7-89ff-5b269a694e50,d8e26c45-cbd6-407a-bbd6-8ce3e2ec6b6b,1f809d6a-4da3-4aed-885a-3445e31699d5,high,score_penalized,"Synthetic case for presentation: 3 events observed, severity=high, outcome=score_penalized.",90b1b286-043f-4b76-92e4-23c74608f5ea,"2026-09-17 15:36:00"
b6b2b0c3-8fc0-4d54-892b-a4014a485cbc,7b102d0e-200d-4d52-b3cd-3e2a93fbadfb,559d4a27-6e79-4ac6-b29f-1b313f9882b2,low,pending,"Synthetic case for presentation: 1 events observed, severity=low, outcome=pending.",,
3dac0ab7-6a00-40e2-9317-44c6826afee3,7b102d0e-200d-4d52-b3cd-3e2a93fbadfb,30dd13a1-354d-481e-8844-1338b1cfb667,medium,warned,"Synthetic case for presentation: 2 events observed, severity=medium, outcome=warned.",4dde8c98-92c5-40c5-b277-9ef8a521bd9f,"2026-09-16 15:09:00"
e8e6291c-ae9e-4f5b-9032-259e39224cd4,7b102d0e-200d-4d52-b3cd-3e2a93fbadfb,c1ca511f-1938-4829-a5fd-1aa277396cc4,high,score_penalized,"Synthetic case for presentation: 3 events observed, severity=high, outcome=score_penalized.",4dde8c98-92c5-40c5-b277-9ef8a521bd9f,"2026-09-17 15:18:00"
f976b561-bf08-41c7-a1c7-8b2dde92c684,7b102d0e-200d-4d52-b3cd-3e2a93fbadfb,2ff0abf2-d27f-4770-8445-be3594a5acb7,low,pending,"Synthetic case for presentation: 1 events observed, severity=low, outcome=pending.",,
2611999c-39d8-4e02-92f4-72eacfda27cf,7b102d0e-200d-4d52-b3cd-3e2a93fbadfb,b63d70f6-3ecb-44a6-b1cb-5b119a54afe1,high,score_penalized,"Synthetic case for presentation: 2 events observed, severity=high, outcome=score_penalized.",90b1b286-043f-4b76-92e4-23c74608f5ea,"2026-09-19 15:36:00"
63ff33ea-48e3-40c0-9060-d51d5b1032ae,83710408-9aa0-4302-9ade-87d5b84ed308,e91f1394-02a2-4990-bb1e-a88b226cc919,high,score_penalized,"Synthetic case for presentation: 3 events observed, severity=high, outcome=score_penalized.",90b1b286-043f-4b76-92e4-23c74608f5ea,"2026-09-17 15:00:00"
f623d198-d7a3-4287-9ee7-f9779e759d30,83710408-9aa0-4302-9ade-87d5b84ed308,c98ee758-a8da-4df5-b75f-0e62ffbeb24a,low,pending,"Synthetic case for presentation: 1 events observed, severity=low, outcome=pending.",,
00feab34-d389-432b-b497-a5539ef0637f,83710408-9aa0-4302-9ade-87d5b84ed308,09db6328-4463-4f3a-9d28-d602814769a5,high,score_penalized,"Synthetic case for presentation: 2 events observed, severity=high, outcome=score_penalized.",a45bd0df-f6d8-4bb9-ac91-78a853f92dd2,"2026-09-19 15:18:00"
1ef0a993-1773-4d12-ad6f-7b9f5c8d88c7,83710408-9aa0-4302-9ade-87d5b84ed308,5fa94977-efab-4571-9711-09785e8ed4d8,high,score_penalized,"Synthetic case for presentation: 3 events observed, severity=high, outcome=score_penalized.",a45bd0df-f6d8-4bb9-ac91-78a853f92dd2,"2026-08-26 15:27:00"
4813fa1e-e4a8-4f3d-a971-0272bae30885,83710408-9aa0-4302-9ade-87d5b84ed308,48ebe9e5-f3c8-4537-82de-70a107a058a1,low,pending,"Synthetic case for presentation: 1 events observed, severity=low, outcome=pending.",,
69acfd66-1ce1-42e0-9320-f30662dd4967,4abee4e6-256d-4f2b-ad4e-e26c671cad6c,99504f62-20ce-40c9-8ade-b72a6670d4ff,high,score_penalized,"Synthetic case for presentation: 2 events observed, severity=high, outcome=score_penalized.",90b1b286-043f-4b76-92e4-23c74608f5ea,"2026-09-19 15:00:00"
16a6aca5-3917-4ab1-b248-cf65888a2e64,4abee4e6-256d-4f2b-ad4e-e26c671cad6c,1479539a-fa39-4558-8654-543987e11233,high,score_penalized,"Synthetic case for presentation: 3 events observed, severity=high, outcome=score_penalized.",7b7186da-1b68-4845-9259-3512fd561a4b,"2026-08-26 15:09:00"
2610ed7b-f820-45e4-bfe8-6da34b06b741,4abee4e6-256d-4f2b-ad4e-e26c671cad6c,b80fa7e4-b278-4fec-b6ea-c4a5425021f0,low,pending,"Synthetic case for presentation: 1 events observed, severity=low, outcome=pending.",,
ea89a840-3d10-4369-aeec-757928f1eef7,4abee4e6-256d-4f2b-ad4e-e26c671cad6c,80f04951-2917-42ef-a290-5491fc3c8d94,medium,warned,"Synthetic case for presentation: 2 events observed, severity=medium, outcome=warned.",7b7186da-1b68-4845-9259-3512fd561a4b,"2026-08-28 15:27:00"
92f635de-6e4c-44f3-a7dc-a8db741e8b41,4abee4e6-256d-4f2b-ad4e-e26c671cad6c,8eeff3bf-5afd-4d14-bb01-6a29a887983f,high,score_penalized,"Synthetic case for presentation: 3 events observed, severity=high, outcome=score_penalized.",90b1b286-043f-4b76-92e4-23c74608f5ea,"2026-08-29 15:36:00"
39ea3afe-554e-4df5-9341-eb792bee818d,6ce09362-3c6f-4a4f-a924-242160a8905b,47f065f2-3119-4dfa-919a-19e39b7031eb,low,pending,"Synthetic case for presentation: 1 events observed, severity=low, outcome=pending.",,
f2ce4683-0aa3-4d29-a675-d293767fb973,6ce09362-3c6f-4a4f-a924-242160a8905b,2b0cf8a1-5c92-4127-8e65-d9cd66cba151,medium,warned,"Synthetic case for presentation: 2 events observed, severity=medium, outcome=warned.",47fb6a09-15b7-457c-a6f0-69f6c3eee65b,"2026-08-28 15:09:00"
fee6e618-cfe2-42ac-a1b9-aa1986950cb3,6ce09362-3c6f-4a4f-a924-242160a8905b,07e1fa10-db65-404b-9c2f-487c46b18ff7,high,score_penalized,"Synthetic case for presentation: 3 events observed, severity=high, outcome=score_penalized.",47fb6a09-15b7-457c-a6f0-69f6c3eee65b,"2026-08-29 15:18:00"
ff8fdd94-94cb-4da8-b013-3ba750f19bd8,6ce09362-3c6f-4a4f-a924-242160a8905b,b9d5f45a-2f98-4d2b-8f82-82326f703907,high,score_penalized,"Synthetic case for presentation: 1 events observed, severity=high, outcome=score_penalized.",47fb6a09-15b7-457c-a6f0-69f6c3eee65b,"2026-08-30 15:27:00"
4488044c-a475-4f88-a728-1d9dcb08591b,6ce09362-3c6f-4a4f-a924-242160a8905b,ce500394-1f6f-46f6-a65f-d144ea6ffe0f,medium,warned,"Synthetic case for presentation: 2 events observed, severity=medium, outcome=warned.",90b1b286-043f-4b76-92e4-23c74608f5ea,"2026-08-31 15:36:00"
ed079f46-3535-460b-8ca9-87067ac48e2a,40f98997-b688-4a8d-b3b6-efb899e24a99,9a5a9e1f-782a-47ca-932b-b37a9abe8d9d,high,score_penalized,"Synthetic case for presentation: 3 events observed, severity=high, outcome=score_penalized.",90b1b286-043f-4b76-92e4-23c74608f5ea,"2026-08-29 15:00:00"
d2ab1e78-3425-4cdf-b982-4ec9658813f5,40f98997-b688-4a8d-b3b6-efb899e24a99,a3ff87c6-8b47-4868-aeca-880424e054c1,high,score_penalized,"Synthetic case for presentation: 1 events observed, severity=high, outcome=score_penalized.",8b947a83-a5ec-47be-a249-52a618432055,"2026-08-30 15:09:00"
c19ab33c-429f-4312-8803-3ef5d08041de,40f98997-b688-4a8d-b3b6-efb899e24a99,8ca10164-480b-4e2d-9da0-ee1a7a5bccbf,medium,warned,"Synthetic case for presentation: 2 events observed, severity=medium, outcome=warned.",8b947a83-a5ec-47be-a249-52a618432055,"2026-08-31 15:18:00"
d84c315c-a32d-41f0-b303-dafa3263e4c6,40f98997-b688-4a8d-b3b6-efb899e24a99,874ba40e-471a-4aa8-be35-ad1f2fe88b9b,critical,invalidated,"Synthetic case for presentation: 3 events observed, severity=critical, outcome=invalidated.",8b947a83-a5ec-47be-a249-52a618432055,"2026-09-01 15:27:00"
30baacbe-3bac-46f8-815d-f41c33d88ef2,40f98997-b688-4a8d-b3b6-efb899e24a99,e4803571-53df-451c-99b2-600ff262b386,low,pending,"Synthetic case for presentation: 1 events observed, severity=low, outcome=pending.",,
3046c483-f2f3-4e54-a9d9-62a77d26b1b8,fa8970e8-52f0-4db8-9247-0e1049266172,b2e93614-f22f-421e-b6bc-56714546c128,medium,warned,"Synthetic case for presentation: 2 events observed, severity=medium, outcome=warned.",90b1b286-043f-4b76-92e4-23c74608f5ea,"2026-08-31 15:00:00"
4a213ae4-5938-4c45-8b8a-a2d7139551ca,fa8970e8-52f0-4db8-9247-0e1049266172,98042ab2-3a6b-4e5d-b9fe-a5fcd631fb74,critical,invalidated,"Synthetic case for presentation: 3 events observed, severity=critical, outcome=invalidated.",2917969a-49fb-4662-aad6-bd28c48fb764,"2026-09-01 15:09:00"
12b958be-da28-45b8-ac78-395bc95991a7,fa8970e8-52f0-4db8-9247-0e1049266172,716ac48c-b873-4169-9997-091c7fa4f50b,low,pending,"Synthetic case for presentation: 1 events observed, severity=low, outcome=pending.",,
cdb48964-3d3d-428a-aa61-4b6ce588ddf4,fa8970e8-52f0-4db8-9247-0e1049266172,c63e561e-b398-4546-9b2c-f55d26610b78,medium,warned,"Synthetic case for presentation: 2 events observed, severity=medium, outcome=warned.",2917969a-49fb-4662-aad6-bd28c48fb764,"2026-09-03 15:27:00"
e7dee536-9fdc-4f09-a492-f3aca572d394,fa8970e8-52f0-4db8-9247-0e1049266172,06f725d2-cc1a-4c20-8fbc-e6e3f5318fc7,high,score_penalized,"Synthetic case for presentation: 3 events observed, severity=high, outcome=score_penalized.",90b1b286-043f-4b76-92e4-23c74608f5ea,"2026-09-04 15:36:00"
1dfb7a06-2bce-4dbc-83e9-9b6492014f41,144b6ca2-1fd0-41c1-9c92-3f0b53392b6f,b2229751-97ca-4188-8293-a15294d12b33,low,pending,"Synthetic case for presentation: 1 events observed, severity=low, outcome=pending.",,
3f69c19a-ab7d-40ac-8db9-d8deea990559,144b6ca2-1fd0-41c1-9c92-3f0b53392b6f,9ec5697d-e4c7-41dc-86a4-9d021d1d82fb,medium,warned,"Synthetic case for presentation: 2 events observed, severity=medium, outcome=warned.",faba37f1-e7ec-4329-997c-4667273e1e8f,"2026-09-03 15:09:00"
d2a80398-6f42-4086-84d5-0415d6e5f637,144b6ca2-1fd0-41c1-9c92-3f0b53392b6f,c4572ce9-0998-4226-b3c1-31511aa6209b,high,score_penalized,"Synthetic case for presentation: 3 events observed, severity=high, outcome=score_penalized.",faba37f1-e7ec-4329-997c-4667273e1e8f,"2026-09-04 15:18:00"
0422e860-dcfd-4a0b-8fb4-3061a1cffc6c,144b6ca2-1fd0-41c1-9c92-3f0b53392b6f,185b0e4d-50a1-4376-9341-6c1ca6922a71,low,pending,"Synthetic case for presentation: 1 events observed, severity=low, outcome=pending.",,
9e6f8285-876f-43ea-864f-e0645bd4c580,144b6ca2-1fd0-41c1-9c92-3f0b53392b6f,91e32a2b-724f-4c84-a7be-b180e9b52263,high,score_penalized,"Synthetic case for presentation: 2 events observed, severity=high, outcome=score_penalized.",90b1b286-043f-4b76-92e4-23c74608f5ea,"2026-09-06 15:36:00"
0b4cedc7-c71d-4cf2-a2ce-14a700297934,6c4682aa-df8c-4c4a-8e0f-59f6b0d331db,3cf6d79f-48e4-4092-bff1-b50e181c8f32,high,score_penalized,"Synthetic case for presentation: 3 events observed, severity=high, outcome=score_penalized.",90b1b286-043f-4b76-92e4-23c74608f5ea,"2026-09-04 15:00:00"
763b32fa-330e-4a9e-bf85-cdec762422a3,6c4682aa-df8c-4c4a-8e0f-59f6b0d331db,db5f12b5-80f9-47f6-aeba-aed7a6cd618a,low,pending,"Synthetic case for presentation: 1 events observed, severity=low, outcome=pending.",,
0d389082-b551-456e-a32b-c567729bc18b,6c4682aa-df8c-4c4a-8e0f-59f6b0d331db,a69ae476-a151-4449-8eea-c8674e71ee52,high,score_penalized,"Synthetic case for presentation: 2 events observed, severity=high, outcome=score_penalized.",11aa94ce-e6be-4d71-a5bf-91c1c27c98f6,"2026-09-06 15:18:00"
6d001f8e-cd34-4db8-84eb-1b3c09df0d99,6c4682aa-df8c-4c4a-8e0f-59f6b0d331db,a9ae9e05-9e83-406b-b60e-fcbce4912bc2,high,score_penalized,"Synthetic case for presentation: 3 events observed, severity=high, outcome=score_penalized.",11aa94ce-e6be-4d71-a5bf-91c1c27c98f6,"2026-09-07 15:27:00"
3788fab8-fd59-4627-b988-4277b9d1f4aa,6c4682aa-df8c-4c4a-8e0f-59f6b0d331db,06d9dc21-f843-4b9c-83e3-cccfdd6d7021,low,pending,"Synthetic case for presentation: 1 events observed, severity=low, outcome=pending.",,
53da1df2-21f9-4a25-a23c-a27ae7cdf53b,15dd1cd4-63e4-4902-b659-4ab0b79221e6,3a593843-07ab-44c8-b1e2-85bf75799ae0,high,score_penalized,"Synthetic case for presentation: 2 events observed, severity=high, outcome=score_penalized.",90b1b286-043f-4b76-92e4-23c74608f5ea,"2026-09-06 15:00:00"
63851581-e63a-4dca-8f4c-f3e56447777c,15dd1cd4-63e4-4902-b659-4ab0b79221e6,1e33327d-26db-4736-b210-2713424c7240,high,score_penalized,"Synthetic case for presentation: 3 events observed, severity=high, outcome=score_penalized.",a1f6b503-368b-45cc-a640-3ec0d3785e77,"2026-09-07 15:09:00"
89c13963-1de7-4b19-bc90-b0b3f5014b23,15dd1cd4-63e4-4902-b659-4ab0b79221e6,6656fcab-4927-4391-b7ec-0e48014ccf5b,low,pending,"Synthetic case for presentation: 1 events observed, severity=low, outcome=pending.",,
b50d7c80-7551-4025-aad5-3a0c45534ecd,15dd1cd4-63e4-4902-b659-4ab0b79221e6,11951a4f-63ad-46a5-9db0-a42a8c5cb636,medium,warned,"Synthetic case for presentation: 2 events observed, severity=medium, outcome=warned.",a1f6b503-368b-45cc-a640-3ec0d3785e77,"2026-09-09 15:27:00"
e3371ff6-1d58-4c7c-a936-f024bf766b9d,15dd1cd4-63e4-4902-b659-4ab0b79221e6,089804c6-19c7-4b2b-afe3-03c08409d0f6,high,score_penalized,"Synthetic case for presentation: 3 events observed, severity=high, outcome=score_penalized.",90b1b286-043f-4b76-92e4-23c74608f5ea,"2026-09-10 15:36:00"
0c8eb139-9359-42b6-a1c6-122b3412aed2,f3f4cc65-f38a-4b0a-942d-057a3cba6cb1,344a96a0-9162-459b-92c9-311d89f3e60d,low,pending,"Synthetic case for presentation: 1 events observed, severity=low, outcome=pending.",,
1673137c-e2a9-4765-93c9-fa8448b64f21,f3f4cc65-f38a-4b0a-942d-057a3cba6cb1,ba1f3f2e-1dc3-4be1-abed-189b9851efd2,medium,warned,"Synthetic case for presentation: 2 events observed, severity=medium, outcome=warned.",12b07478-dbe4-45cf-be46-f57118d8dbbc,"2026-09-09 15:09:00"
4a41d958-e5f9-4987-afcb-d5cdb41368e7,f3f4cc65-f38a-4b0a-942d-057a3cba6cb1,9c3aeca0-4f04-41d4-baee-5613a69175e0,high,score_penalized,"Synthetic case for presentation: 3 events observed, severity=high, outcome=score_penalized.",12b07478-dbe4-45cf-be46-f57118d8dbbc,"2026-09-10 15:18:00"
355a0810-cec4-42d1-a5a9-9e665a9c0e76,f3f4cc65-f38a-4b0a-942d-057a3cba6cb1,12f158d2-e3b9-490f-a6ef-4e56400e3505,high,score_penalized,"Synthetic case for presentation: 1 events observed, severity=high, outcome=score_penalized.",12b07478-dbe4-45cf-be46-f57118d8dbbc,"2026-09-11 15:27:00"
c3220919-9236-47aa-8718-2ae07caf7a64,f3f4cc65-f38a-4b0a-942d-057a3cba6cb1,1ac41d90-c61a-47f5-a16d-32565200fdae,medium,warned,"Synthetic case for presentation: 2 events observed, severity=medium, outcome=warned.",90b1b286-043f-4b76-92e4-23c74608f5ea,"2026-09-12 15:36:00"
5df5d718-0c7c-42f0-8574-6fcd7e611a11,279bbd41-d9ba-4bc0-9362-cc9d0fe56b19,ff286a18-7454-4913-847d-f40377d9c69b,high,score_penalized,"Synthetic case for presentation: 3 events observed, severity=high, outcome=score_penalized.",90b1b286-043f-4b76-92e4-23c74608f5ea,"2026-09-10 15:00:00"
a710a550-1513-4462-94fc-3caa80d31d6f,279bbd41-d9ba-4bc0-9362-cc9d0fe56b19,5389a148-b6ef-45d3-a409-2d1663915812,high,score_penalized,"Synthetic case for presentation: 1 events observed, severity=high, outcome=score_penalized.",b2918768-0918-4a4c-ad75-87e5936c37d2,"2026-09-11 15:09:00"
7fa6af3c-9694-4494-a718-b7ecb6fa1a54,279bbd41-d9ba-4bc0-9362-cc9d0fe56b19,2934e836-21f9-48c3-bf08-3f4bbea139d7,medium,warned,"Synthetic case for presentation: 2 events observed, severity=medium, outcome=warned.",b2918768-0918-4a4c-ad75-87e5936c37d2,"2026-09-12 15:18:00"
6eeb4c5b-9419-4369-8ca9-231d488294a3,279bbd41-d9ba-4bc0-9362-cc9d0fe56b19,faf84e3d-51a0-439c-871c-686492950d0a,critical,invalidated,"Synthetic case for presentation: 3 events observed, severity=critical, outcome=invalidated.",b2918768-0918-4a4c-ad75-87e5936c37d2,"2026-09-13 15:27:00"
d862b50d-81e2-4531-bd71-c5073ad3dd00,279bbd41-d9ba-4bc0-9362-cc9d0fe56b19,cd2def61-f829-4dd5-ada2-4d3b396e336a,low,pending,"Synthetic case for presentation: 1 events observed, severity=low, outcome=pending.",,
1ce4070a-4882-49aa-8893-f2fb6e41e423,ef44071c-0fcc-4037-9812-7397f2b68f80,6e2a46e0-c0e4-4278-890e-76b3a46a1605,medium,warned,"Synthetic case for presentation: 2 events observed, severity=medium, outcome=warned.",90b1b286-043f-4b76-92e4-23c74608f5ea,"2026-09-12 15:00:00"
50b2ac14-a355-4fc8-800c-c0426155674c,ef44071c-0fcc-4037-9812-7397f2b68f80,cc1b309e-4593-43e0-b480-de22281a5ee0,critical,invalidated,"Synthetic case for presentation: 3 events observed, severity=critical, outcome=invalidated.",12207d5a-ece9-4f66-94c9-74d1480f4a6a,"2026-09-13 15:09:00"
90fefdbc-4b37-452b-924f-4e8695ad7e31,ef44071c-0fcc-4037-9812-7397f2b68f80,76233c66-0d4f-4d86-9a54-2a68a665f6da,low,pending,"Synthetic case for presentation: 1 events observed, severity=low, outcome=pending.",,
4bb3aebf-994f-45a4-85e9-bfb239b6a2f0,ef44071c-0fcc-4037-9812-7397f2b68f80,deccdfb0-0008-40a7-af92-a63f9b4df0d3,medium,warned,"Synthetic case for presentation: 2 events observed, severity=medium, outcome=warned.",12207d5a-ece9-4f66-94c9-74d1480f4a6a,"2026-09-15 15:27:00"
9f5015e2-a766-4632-a6c1-e29411212a65,ef44071c-0fcc-4037-9812-7397f2b68f80,090c7a12-115a-4501-8a21-e8248ba3016f,high,score_penalized,"Synthetic case for presentation: 3 events observed, severity=high, outcome=score_penalized.",90b1b286-043f-4b76-92e4-23c74608f5ea,"2026-09-16 15:36:00"
e1bf8f98-dd97-45d2-b275-d161144d6fe6,fac13547-572e-4e8a-9a2b-cf96b179e058,d5292165-f10e-4420-888b-9cba4693fe08,low,pending,"Synthetic case for presentation: 1 events observed, severity=low, outcome=pending.",,
5eb7af61-4a44-445d-b25f-f978fabb5523,fac13547-572e-4e8a-9a2b-cf96b179e058,488f7012-2d36-45b8-9570-92d8de7bd8f2,medium,warned,"Synthetic case for presentation: 2 events observed, severity=medium, outcome=warned.",c5a023b1-1e79-4181-87e7-5e2e50892241,"2026-09-15 15:09:00"
cd9a97fc-8bbd-4596-9d91-8a2efb9c4a88,fac13547-572e-4e8a-9a2b-cf96b179e058,65e73ca6-fce9-41f2-a209-06046abde915,high,score_penalized,"Synthetic case for presentation: 3 events observed, severity=high, outcome=score_penalized.",c5a023b1-1e79-4181-87e7-5e2e50892241,"2026-09-16 15:18:00"
49a5888f-46fc-42d6-8b1d-5a1369b9c8ef,fac13547-572e-4e8a-9a2b-cf96b179e058,95d44131-00fa-4429-963d-e4487538bfb3,low,pending,"Synthetic case for presentation: 1 events observed, severity=low, outcome=pending.",,
1ccb85dd-ac3e-4ba1-828a-a436ff43ade2,fac13547-572e-4e8a-9a2b-cf96b179e058,b4705dec-31c0-4e55-a17e-ef81c2e53c2d,high,score_penalized,"Synthetic case for presentation: 2 events observed, severity=high, outcome=score_penalized.",90b1b286-043f-4b76-92e4-23c74608f5ea,"2026-09-18 15:36:00"
ad0cb665-0b18-4276-817e-4d3b65977b09,80f95c43-191f-43a9-b927-2cc3ab314c8f,ef837039-eb9e-46f7-98c8-cf34a75e8c98,high,score_penalized,"Synthetic case for presentation: 3 events observed, severity=high, outcome=score_penalized.",90b1b286-043f-4b76-92e4-23c74608f5ea,"2026-09-16 15:00:00"
8dd98d29-8bce-4fa3-ab95-a0fd68710627,80f95c43-191f-43a9-b927-2cc3ab314c8f,1ac495bb-c10e-4543-b364-268ce0b60064,low,pending,"Synthetic case for presentation: 1 events observed, severity=low, outcome=pending.",,
58c84bf4-d2a9-4e65-b7d4-746e04975999,80f95c43-191f-43a9-b927-2cc3ab314c8f,fd81949d-e5a1-403d-8b1e-aeaf33c41aa2,high,score_penalized,"Synthetic case for presentation: 2 events observed, severity=high, outcome=score_penalized.",24144705-3075-4a3c-bf11-d506bd744402,"2026-09-18 15:18:00"
d3f1e061-1427-460b-801f-ac70366b1cef,80f95c43-191f-43a9-b927-2cc3ab314c8f,23506ae8-2ad9-463e-b704-fcd8f063b32e,high,score_penalized,"Synthetic case for presentation: 3 events observed, severity=high, outcome=score_penalized.",24144705-3075-4a3c-bf11-d506bd744402,"2026-09-19 15:27:00"
a020d6f0-269f-47de-bfda-2d9f3bc33626,80f95c43-191f-43a9-b927-2cc3ab314c8f,de5f7ee1-96d0-442b-8ad2-ab04433df97a,low,pending,"Synthetic case for presentation: 1 events observed, severity=low, outcome=pending.",,
db714035-76a8-4ce7-ad36-a28a0f162881,821eb45b-38d3-4617-a115-845771f9d309,a556d838-3169-41d7-b84e-c8fc91f50a80,high,score_penalized,"Synthetic case for presentation: 2 events observed, severity=high, outcome=score_penalized.",90b1b286-043f-4b76-92e4-23c74608f5ea,"2026-09-18 15:00:00"
6d87d965-7195-41b8-8c89-5385dd675a86,821eb45b-38d3-4617-a115-845771f9d309,b4adc770-caee-4c1c-b9f4-e152cf52c3ad,high,score_penalized,"Synthetic case for presentation: 3 events observed, severity=high, outcome=score_penalized.",ff8c0bed-dcd9-4577-8bcd-5a93525e2369,"2026-09-19 15:09:00"
9444e445-c5a4-437f-89f4-fd4d7bbe7bec,821eb45b-38d3-4617-a115-845771f9d309,d7ff0716-c11b-4cef-9b7b-0456fe125b86,low,pending,"Synthetic case for presentation: 1 events observed, severity=low, outcome=pending.",,
ae0b3e21-1a52-4391-a43c-693ba7403575,821eb45b-38d3-4617-a115-845771f9d309,4d4633eb-596d-442b-af9c-63ed21438e25,medium,warned,"Synthetic case for presentation: 2 events observed, severity=medium, outcome=warned.",ff8c0bed-dcd9-4577-8bcd-5a93525e2369,"2026-08-27 15:27:00"
212fab78-27d4-4317-9f7d-49c28cc268dc,821eb45b-38d3-4617-a115-845771f9d309,1a6b7065-1aed-4545-b20c-8811c19defb2,high,score_penalized,"Synthetic case for presentation: 3 events observed, severity=high, outcome=score_penalized.",90b1b286-043f-4b76-92e4-23c74608f5ea,"2026-08-28 15:36:00"
8b2dd872-3703-417a-950b-b9fcbba72bbc,40c9c308-ff58-4a84-86e6-7d5b5a51959a,9a767a4f-f464-49af-845b-8f1fd16bcce7,low,pending,"Synthetic case for presentation: 1 events observed, severity=low, outcome=pending.",,
182a44b1-9a95-4777-80f2-eea8d2a8bfa4,40c9c308-ff58-4a84-86e6-7d5b5a51959a,8639dc4e-4b1c-43c1-85fd-a47650c43f38,medium,warned,"Synthetic case for presentation: 2 events observed, severity=medium, outcome=warned.",981a8720-9942-4e09-bb97-2a35ee724203,"2026-08-27 15:09:00"
f41814ab-9788-4e42-87d8-8965b543d12b,40c9c308-ff58-4a84-86e6-7d5b5a51959a,1a157656-96a8-44b8-891b-f2d3de5f0d1c,high,score_penalized,"Synthetic case for presentation: 3 events observed, severity=high, outcome=score_penalized.",981a8720-9942-4e09-bb97-2a35ee724203,"2026-08-28 15:18:00"
d25f5216-5ef9-49b9-a1bc-0e82594772ba,40c9c308-ff58-4a84-86e6-7d5b5a51959a,82b1173e-9a13-43a8-87ce-a568cb14e641,high,score_penalized,"Synthetic case for presentation: 1 events observed, severity=high, outcome=score_penalized.",981a8720-9942-4e09-bb97-2a35ee724203,"2026-08-29 15:27:00"
120a3882-6f7b-42c0-895c-1f891a9cdf20,40c9c308-ff58-4a84-86e6-7d5b5a51959a,ae1bd6b5-5ea5-4d24-989e-22258d4a9e29,medium,warned,"Synthetic case for presentation: 2 events observed, severity=medium, outcome=warned.",90b1b286-043f-4b76-92e4-23c74608f5ea,"2026-08-30 15:36:00"
5db1b3a2-f006-4158-840e-1e05d9ef90b6,945f6e34-33fd-4ff5-82b2-5fc3f7294081,dd1b96b4-3a8c-41a0-a78b-834b78e5d9b1,high,score_penalized,"Synthetic case for presentation: 3 events observed, severity=high, outcome=score_penalized.",90b1b286-043f-4b76-92e4-23c74608f5ea,"2026-08-28 15:00:00"
afa32c5e-c910-4efb-8b80-8874b377fcb0,945f6e34-33fd-4ff5-82b2-5fc3f7294081,27815277-d7c4-4920-ae28-9d515aa4d752,high,score_penalized,"Synthetic case for presentation: 1 events observed, severity=high, outcome=score_penalized.",dc87563b-7e49-40f8-aeb0-7465ab5a058d,"2026-08-29 15:09:00"
23ebfa18-2168-4d93-8069-ebad0ba8139c,945f6e34-33fd-4ff5-82b2-5fc3f7294081,21de305d-f26f-41b3-ab7a-4af76a9c9b67,medium,warned,"Synthetic case for presentation: 2 events observed, severity=medium, outcome=warned.",dc87563b-7e49-40f8-aeb0-7465ab5a058d,"2026-08-30 15:18:00"
bc2a6f71-41a9-4dbe-ac24-25add25d56e3,945f6e34-33fd-4ff5-82b2-5fc3f7294081,d675c052-db78-4456-b2f8-9c964ae69bb7,critical,invalidated,"Synthetic case for presentation: 3 events observed, severity=critical, outcome=invalidated.",dc87563b-7e49-40f8-aeb0-7465ab5a058d,"2026-08-31 15:27:00"
4d3cb749-e9c8-409f-b360-dd8d02dd838e,945f6e34-33fd-4ff5-82b2-5fc3f7294081,fb4f3335-a9af-49c5-897b-53a6bb31d9b4,low,pending,"Synthetic case for presentation: 1 events observed, severity=low, outcome=pending.",,
573c3e65-46c9-442e-a18f-9d07fdf5f2f2,3939a0f4-d7b4-4769-8342-51b25f07c283,445a3794-4983-4b7d-b849-59152aa613c3,medium,warned,"Synthetic case for presentation: 2 events observed, severity=medium, outcome=warned.",90b1b286-043f-4b76-92e4-23c74608f5ea,"2026-08-30 15:00:00"
841bda03-19d4-4988-97f5-b3c7444dd270,3939a0f4-d7b4-4769-8342-51b25f07c283,612c9379-36ac-4de1-bb5a-e40920e2c91c,critical,invalidated,"Synthetic case for presentation: 3 events observed, severity=critical, outcome=invalidated.",a982f8e1-aa69-4d0b-9e02-fc9ba4aa9585,"2026-08-31 15:09:00"
7001902f-d7a9-465f-92f3-03557fead96e,3939a0f4-d7b4-4769-8342-51b25f07c283,8d4376e3-77bf-49f5-baa2-3221ea00750a,low,pending,"Synthetic case for presentation: 1 events observed, severity=low, outcome=pending.",,
50e83d19-5422-4c4a-bfff-fac565ce8641,3939a0f4-d7b4-4769-8342-51b25f07c283,698e6dfc-63f6-4566-8431-e47fb0c19dd8,medium,warned,"Synthetic case for presentation: 2 events observed, severity=medium, outcome=warned.",a982f8e1-aa69-4d0b-9e02-fc9ba4aa9585,"2026-09-02 15:27:00"
5a3e802a-793b-48a5-b370-8e542022fb95,3939a0f4-d7b4-4769-8342-51b25f07c283,8da5f664-7bb3-45c1-94c5-f80de63ce70a,high,score_penalized,"Synthetic case for presentation: 3 events observed, severity=high, outcome=score_penalized.",90b1b286-043f-4b76-92e4-23c74608f5ea,"2026-09-03 15:36:00"
f59168de-9cb8-4fa1-899e-c7ad85439852,bb33fb85-6e90-45eb-a91e-2d5ee9e171f0,30104780-a03e-4bfd-a760-cce00222511a,low,pending,"Synthetic case for presentation: 1 events observed, severity=low, outcome=pending.",,
df9c040a-d85e-49e4-9da8-2cd7501da43b,bb33fb85-6e90-45eb-a91e-2d5ee9e171f0,5c3195d2-4acc-403c-a85c-e24671c597e5,medium,warned,"Synthetic case for presentation: 2 events observed, severity=medium, outcome=warned.",912a77ce-3455-4b3f-aed3-3846708aa466,"2026-09-02 15:09:00"
eef69bc7-4270-48e2-8982-09455ffbc41e,bb33fb85-6e90-45eb-a91e-2d5ee9e171f0,ee80853e-0a66-403b-853f-0ca66831b6cc,high,score_penalized,"Synthetic case for presentation: 3 events observed, severity=high, outcome=score_penalized.",912a77ce-3455-4b3f-aed3-3846708aa466,"2026-09-03 15:18:00"
be9a64e1-3b3d-4f4f-8bc3-cd61fa7059d3,bb33fb85-6e90-45eb-a91e-2d5ee9e171f0,b0c67604-874d-4a18-9f44-61e38142f59e,low,pending,"Synthetic case for presentation: 1 events observed, severity=low, outcome=pending.",,
6873619e-07a4-4e34-89f1-d89688ff865c,bb33fb85-6e90-45eb-a91e-2d5ee9e171f0,ab2d5a4b-f92f-4303-9202-fa6ff358bcb3,high,score_penalized,"Synthetic case for presentation: 2 events observed, severity=high, outcome=score_penalized.",90b1b286-043f-4b76-92e4-23c74608f5ea,"2026-09-05 15:36:00"
2d7ad3a1-08d8-4498-b544-3f230b01fb08,d1305c6a-1c34-41b6-8625-21513fa3a72f,ac450422-b897-4284-927a-24ba2eba2db3,high,score_penalized,"Synthetic case for presentation: 3 events observed, severity=high, outcome=score_penalized.",90b1b286-043f-4b76-92e4-23c74608f5ea,"2026-09-03 15:00:00"
22c04cca-2be6-4d13-a02a-c8ec6b293302,d1305c6a-1c34-41b6-8625-21513fa3a72f,c8c4b51c-5338-4fff-a7f6-ea23dc857f89,low,pending,"Synthetic case for presentation: 1 events observed, severity=low, outcome=pending.",,
60698883-a27e-470f-9417-8a1d7ec6eed5,d1305c6a-1c34-41b6-8625-21513fa3a72f,4f42a83d-9633-487b-981c-1db1e1200e41,high,score_penalized,"Synthetic case for presentation: 2 events observed, severity=high, outcome=score_penalized.",e3014128-a1a3-4960-a0ea-5758a8f48563,"2026-09-05 15:18:00"
cee09b78-96f9-4479-9b36-4bf826722dd8,d1305c6a-1c34-41b6-8625-21513fa3a72f,fdcf8143-2e5c-4bba-ad3c-370a0c47a2a3,high,score_penalized,"Synthetic case for presentation: 3 events observed, severity=high, outcome=score_penalized.",e3014128-a1a3-4960-a0ea-5758a8f48563,"2026-09-06 15:27:00"
c306d244-ae69-438a-adfd-31a6485f10ec,d1305c6a-1c34-41b6-8625-21513fa3a72f,02b9b15c-cea4-4c46-a862-a7f421bdabd9,low,pending,"Synthetic case for presentation: 1 events observed, severity=low, outcome=pending.",,
b86323a6-2ce7-468e-830e-1763953d54e8,900eacdd-f29e-4e1e-84fc-18ce58601150,2bc1cda8-2c33-4bae-b725-4e9a5d2d25dd,high,score_penalized,"Synthetic case for presentation: 2 events observed, severity=high, outcome=score_penalized.",90b1b286-043f-4b76-92e4-23c74608f5ea,"2026-09-05 15:00:00"
92ccdf1a-15e0-4bda-b379-b26cc0bc8ac6,900eacdd-f29e-4e1e-84fc-18ce58601150,905f2dac-28ab-4335-8078-3bc178a8e806,high,score_penalized,"Synthetic case for presentation: 3 events observed, severity=high, outcome=score_penalized.",fbe078da-3782-489d-a647-21fba6a7b74e,"2026-09-06 15:09:00"
4d3ac8ac-9068-474c-b69a-f72a637fcfb0,900eacdd-f29e-4e1e-84fc-18ce58601150,ec4125f0-f72f-42f0-9071-bf0fd9bf64b2,low,pending,"Synthetic case for presentation: 1 events observed, severity=low, outcome=pending.",,
c2fa267c-0da2-4948-8016-8afb67a5c8ed,900eacdd-f29e-4e1e-84fc-18ce58601150,aa5ef489-b680-4c30-9628-3c5cb0ba14d4,medium,warned,"Synthetic case for presentation: 2 events observed, severity=medium, outcome=warned.",fbe078da-3782-489d-a647-21fba6a7b74e,"2026-09-08 15:27:00"
17b17f77-c5a1-455c-a5d0-841f04af5aa6,900eacdd-f29e-4e1e-84fc-18ce58601150,18910ae2-fb36-45d3-818b-e978879d303a,high,score_penalized,"Synthetic case for presentation: 3 events observed, severity=high, outcome=score_penalized.",90b1b286-043f-4b76-92e4-23c74608f5ea,"2026-09-09 15:36:00"
fd5bf30f-8afb-4654-81ae-ae848f2f1a80,43a1b5e8-b394-43a7-9310-7bca015e26f7,bdf6e743-f264-449c-acbe-8eb66d676ec8,low,pending,"Synthetic case for presentation: 1 events observed, severity=low, outcome=pending.",,
c2d3c928-9194-4adf-8519-316c4d8651a0,43a1b5e8-b394-43a7-9310-7bca015e26f7,53d171a8-f8cb-441c-ad21-4e68c3503b70,medium,warned,"Synthetic case for presentation: 2 events observed, severity=medium, outcome=warned.",e6c0c57b-3eba-49e9-9db0-5d53928aff4b,"2026-09-08 15:09:00"
6856a536-4003-4283-bec2-997f37d013bf,43a1b5e8-b394-43a7-9310-7bca015e26f7,2d6590e1-0e4c-41a5-b77e-267bf62c0da1,high,score_penalized,"Synthetic case for presentation: 3 events observed, severity=high, outcome=score_penalized.",e6c0c57b-3eba-49e9-9db0-5d53928aff4b,"2026-09-09 15:18:00"
b2710a57-8b3d-4a03-bb91-460bc360cee8,43a1b5e8-b394-43a7-9310-7bca015e26f7,e0569c84-ca01-4a80-ba31-673c7755dd47,high,score_penalized,"Synthetic case for presentation: 1 events observed, severity=high, outcome=score_penalized.",e6c0c57b-3eba-49e9-9db0-5d53928aff4b,"2026-09-10 15:27:00"
78aae1cd-a14d-4015-9d70-feaf8b335a58,43a1b5e8-b394-43a7-9310-7bca015e26f7,63167ac6-39d5-4ee1-98c6-84486a3d1324,medium,warned,"Synthetic case for presentation: 2 events observed, severity=medium, outcome=warned.",90b1b286-043f-4b76-92e4-23c74608f5ea,"2026-09-11 15:36:00"
f71c898f-a4ac-4df9-a3a8-cec85dd897e8,403ddb65-a1cf-4aa7-807e-b1d8e198797c,823352af-e47a-40d6-a376-54f45cab25c5,high,score_penalized,"Synthetic case for presentation: 3 events observed, severity=high, outcome=score_penalized.",90b1b286-043f-4b76-92e4-23c74608f5ea,"2026-09-09 15:00:00"
de640c84-f438-4afc-a4cd-90d48e9c9c2e,403ddb65-a1cf-4aa7-807e-b1d8e198797c,551dd8d7-356d-49f1-baa8-9c256e76f64f,high,score_penalized,"Synthetic case for presentation: 1 events observed, severity=high, outcome=score_penalized.",12dcb5ad-9f54-47b7-a4c1-c5f276a412f3,"2026-09-10 15:09:00"
75f4c64b-91ef-4026-a859-9e7449414a98,403ddb65-a1cf-4aa7-807e-b1d8e198797c,dde38a31-a7e1-441b-9544-b00e13d73476,medium,warned,"Synthetic case for presentation: 2 events observed, severity=medium, outcome=warned.",12dcb5ad-9f54-47b7-a4c1-c5f276a412f3,"2026-09-11 15:18:00"
73073c4d-9e04-4b77-bd83-c7587480f312,403ddb65-a1cf-4aa7-807e-b1d8e198797c,459aac54-7588-4b35-af15-03b624ca6ebf,critical,invalidated,"Synthetic case for presentation: 3 events observed, severity=critical, outcome=invalidated.",12dcb5ad-9f54-47b7-a4c1-c5f276a412f3,"2026-09-12 15:27:00"
15e12123-ecda-4db6-8f62-0af8179938dc,403ddb65-a1cf-4aa7-807e-b1d8e198797c,b00414eb-434d-493b-bd32-4b3b6a53b751,low,pending,"Synthetic case for presentation: 1 events observed, severity=low, outcome=pending.",,
8d3bf935-bcb3-4b26-a35b-8c1a2a5cd2be,b6da8590-b0dc-499a-8727-0feee000a760,0d62a222-1189-4c4f-8d3a-069dcae6139f,medium,warned,"Synthetic case for presentation: 2 events observed, severity=medium, outcome=warned.",90b1b286-043f-4b76-92e4-23c74608f5ea,"2026-09-11 15:00:00"
d02f9326-a9ae-43e9-9e41-d38bcfa7629f,b6da8590-b0dc-499a-8727-0feee000a760,702a389e-6ecc-4ae1-af8b-8ff18e59065f,critical,invalidated,"Synthetic case for presentation: 3 events observed, severity=critical, outcome=invalidated.",5e15a133-a6d6-4534-953a-bf733ca44c35,"2026-09-12 15:09:00"
73a3d366-95d9-4074-a0cd-fc0bd25f95c3,b6da8590-b0dc-499a-8727-0feee000a760,97828a41-1e9b-409f-9ec8-8a69ac60384f,low,pending,"Synthetic case for presentation: 1 events observed, severity=low, outcome=pending.",,
dc1ea4d7-4797-4579-a2c5-eef09419fe67,b6da8590-b0dc-499a-8727-0feee000a760,5193b7f1-ec61-495d-87f0-c6b9ae2d0c02,medium,warned,"Synthetic case for presentation: 2 events observed, severity=medium, outcome=warned.",5e15a133-a6d6-4534-953a-bf733ca44c35,"2026-09-14 15:27:00"
ef3d6ce9-789b-4a65-829c-16ac2a2e9bf1,b6da8590-b0dc-499a-8727-0feee000a760,9db3a63e-9bef-427a-9f43-60636e15c01c,high,score_penalized,"Synthetic case for presentation: 3 events observed, severity=high, outcome=score_penalized.",90b1b286-043f-4b76-92e4-23c74608f5ea,"2026-09-15 15:36:00"
1f05e608-04ec-481e-b90f-05e804bf406b,2589f439-8194-41e6-9e8c-47a448597b6f,eb3d0c73-2ebb-43bc-9a3a-60e7e571adcd,low,pending,"Synthetic case for presentation: 1 events observed, severity=low, outcome=pending.",,
cd0454f3-0c0e-4e68-8838-f483f4c1c41a,2589f439-8194-41e6-9e8c-47a448597b6f,5f83da49-0a84-42e7-a5e7-07ddad6d3afa,medium,warned,"Synthetic case for presentation: 2 events observed, severity=medium, outcome=warned.",08ffa339-08ff-46f9-abca-4ce7a60aba06,"2026-09-14 15:09:00"
2f560ca6-6998-4301-b859-d75cb119cced,2589f439-8194-41e6-9e8c-47a448597b6f,3c3f38e3-3886-4c01-a30f-b4b221aa6923,high,score_penalized,"Synthetic case for presentation: 3 events observed, severity=high, outcome=score_penalized.",08ffa339-08ff-46f9-abca-4ce7a60aba06,"2026-09-15 15:18:00"
df37f0e9-1769-474e-bd25-6ad80492fe07,2589f439-8194-41e6-9e8c-47a448597b6f,4216528e-559f-4afa-a92b-1ff88e4c8e06,low,pending,"Synthetic case for presentation: 1 events observed, severity=low, outcome=pending.",,
2d754462-b7e6-4fe2-96f1-cc591129922b,2589f439-8194-41e6-9e8c-47a448597b6f,3c68e454-91df-410d-94da-c772f2feebc0,high,score_penalized,"Synthetic case for presentation: 2 events observed, severity=high, outcome=score_penalized.",90b1b286-043f-4b76-92e4-23c74608f5ea,"2026-09-17 15:36:00"
6887b0ef-d106-4f6a-a0fe-409a0bb75a90,e9d5602a-1c1b-4078-9b38-356a22be9465,c81903cd-7f2f-4378-8df4-238b980f18ab,high,score_penalized,"Synthetic case for presentation: 3 events observed, severity=high, outcome=score_penalized.",90b1b286-043f-4b76-92e4-23c74608f5ea,"2026-09-15 15:00:00"
6926af9b-2aef-43e4-9399-3c11b6fba789,e9d5602a-1c1b-4078-9b38-356a22be9465,b070b197-cb04-4c3a-a509-8ed70b9e68c8,low,pending,"Synthetic case for presentation: 1 events observed, severity=low, outcome=pending.",,
f831b110-09e2-4d55-93d9-3b5558e340a9,e9d5602a-1c1b-4078-9b38-356a22be9465,f1fc743f-85ac-4533-bbe0-dcbbbf676fa8,high,score_penalized,"Synthetic case for presentation: 2 events observed, severity=high, outcome=score_penalized.",4baeebe3-580a-42ce-975e-e78e9e6b98e0,"2026-09-17 15:18:00"
e25daec1-1bdf-4f8a-9101-f057d029b2b6,e9d5602a-1c1b-4078-9b38-356a22be9465,6e10fa92-4655-4951-8cd2-11ba83e649ba,high,score_penalized,"Synthetic case for presentation: 3 events observed, severity=high, outcome=score_penalized.",4baeebe3-580a-42ce-975e-e78e9e6b98e0,"2026-09-18 15:27:00"
cc5d01c0-2998-42f0-9348-a75098ff1a12,e9d5602a-1c1b-4078-9b38-356a22be9465,c3e67d74-8688-40e4-9026-ad06e149d91a,low,pending,"Synthetic case for presentation: 1 events observed, severity=low, outcome=pending.",,
2229ce9e-0f55-465f-ad86-04b2fdad3711,fdf48fe0-baf9-43a0-b9e4-3cda5b72520e,7668abff-6225-4c31-bb1d-b984186bb6a8,high,score_penalized,"Synthetic case for presentation: 2 events observed, severity=high, outcome=score_penalized.",90b1b286-043f-4b76-92e4-23c74608f5ea,"2026-09-17 15:00:00"
6c7da4b4-4ba9-4287-81b5-a7c011a01aa7,fdf48fe0-baf9-43a0-b9e4-3cda5b72520e,0631b348-2735-43d9-a3b0-b5486ab0a29a,high,score_penalized,"Synthetic case for presentation: 3 events observed, severity=high, outcome=score_penalized.",4ce8e153-f2a7-4eeb-ab7d-9aaa05af8be1,"2026-09-18 15:09:00"
5c0a7aa6-9933-4e57-878c-fe31c5c98062,fdf48fe0-baf9-43a0-b9e4-3cda5b72520e,ba9df2ad-14ea-4069-bd00-02dda9c28846,low,pending,"Synthetic case for presentation: 1 events observed, severity=low, outcome=pending.",,
11612e0c-c7c1-433e-8e59-0ecfcdf453d3,fdf48fe0-baf9-43a0-b9e4-3cda5b72520e,03e14429-142f-4232-9b1e-c086adb7af51,medium,warned,"Synthetic case for presentation: 2 events observed, severity=medium, outcome=warned.",4ce8e153-f2a7-4eeb-ab7d-9aaa05af8be1,"2026-08-26 15:27:00"
9f965b8a-5699-4356-8f3c-2019fc5a8417,fdf48fe0-baf9-43a0-b9e4-3cda5b72520e,e85e14da-89cf-4684-8102-3b8da8fc8ec3,high,score_penalized,"Synthetic case for presentation: 3 events observed, severity=high, outcome=score_penalized.",90b1b286-043f-4b76-92e4-23c74608f5ea,"2026-08-27 15:36:00"
26343fa9-909b-4525-81e6-8c1388dcd6f5,182839a9-7b5a-44cc-8b07-92080659d696,b83f6ef0-6b95-4586-b346-906db844b78e,low,pending,"Synthetic case for presentation: 1 events observed, severity=low, outcome=pending.",,
8fac25fd-e95b-40d6-bc1c-967324fffdee,182839a9-7b5a-44cc-8b07-92080659d696,bbbf19b2-0297-43a2-a0f1-1fe82174edcd,medium,warned,"Synthetic case for presentation: 2 events observed, severity=medium, outcome=warned.",653989fc-7158-4997-848a-d829db359ea6,"2026-08-26 15:09:00"
16f4cc32-64c6-4cba-8de0-bd7c37038dbb,182839a9-7b5a-44cc-8b07-92080659d696,3eacab6c-d45f-4dbf-906e-a2ab24678e21,high,score_penalized,"Synthetic case for presentation: 3 events observed, severity=high, outcome=score_penalized.",653989fc-7158-4997-848a-d829db359ea6,"2026-08-27 15:18:00"
802e2f66-fb36-4600-8a64-e1c8d456f716,182839a9-7b5a-44cc-8b07-92080659d696,17d10c63-6861-44d9-98e5-8f9a9bb95fbe,high,score_penalized,"Synthetic case for presentation: 1 events observed, severity=high, outcome=score_penalized.",653989fc-7158-4997-848a-d829db359ea6,"2026-08-28 15:27:00"
dafea3cd-b59c-40e9-81b6-aa130abe74d2,182839a9-7b5a-44cc-8b07-92080659d696,877dc7cf-e557-47a0-b13b-b68e5fee8408,medium,warned,"Synthetic case for presentation: 2 events observed, severity=medium, outcome=warned.",90b1b286-043f-4b76-92e4-23c74608f5ea,"2026-08-29 15:36:00"
5b718258-6375-4869-909e-dc01192e82ac,c14958fd-1337-44d2-b560-4fd5f938e0aa,173a4ddc-8a48-44ba-b557-bebbfd0c2f21,high,score_penalized,"Synthetic case for presentation: 3 events observed, severity=high, outcome=score_penalized.",90b1b286-043f-4b76-92e4-23c74608f5ea,"2026-08-27 15:00:00"
a43c55ba-ee31-4938-9d98-79cb9e620423,c14958fd-1337-44d2-b560-4fd5f938e0aa,4a5b2438-35fb-4022-a0e2-555051df8ee3,high,score_penalized,"Synthetic case for presentation: 1 events observed, severity=high, outcome=score_penalized.",b6b035d6-bb35-42c9-96e1-c27a739201b0,"2026-08-28 15:09:00"
a1a54c7d-410f-47ee-b7a8-54de09c2b33f,c14958fd-1337-44d2-b560-4fd5f938e0aa,8310cec7-9f96-45a6-bd1a-9e09af34fe0e,medium,warned,"Synthetic case for presentation: 2 events observed, severity=medium, outcome=warned.",b6b035d6-bb35-42c9-96e1-c27a739201b0,"2026-08-29 15:18:00"
36e6f8f2-01db-484b-b86e-7ddf4201ac1c,c14958fd-1337-44d2-b560-4fd5f938e0aa,92fbf5d2-92e6-428f-8b6b-f08bdec0abcd,critical,invalidated,"Synthetic case for presentation: 3 events observed, severity=critical, outcome=invalidated.",b6b035d6-bb35-42c9-96e1-c27a739201b0,"2026-08-30 15:27:00"
bd7a080c-4ade-4865-ad54-77e0b3552e68,c14958fd-1337-44d2-b560-4fd5f938e0aa,19cb4a9e-b5ca-4d9a-8d58-30f497a06531,low,pending,"Synthetic case for presentation: 1 events observed, severity=low, outcome=pending.",,
787ef1d4-8946-41e9-96d3-2f5c5f345e26,1e65bec2-fc33-4a7d-8eed-433ebb9be491,0b19b2da-08e6-4b92-a5df-fb2971477e72,medium,warned,"Synthetic case for presentation: 2 events observed, severity=medium, outcome=warned.",90b1b286-043f-4b76-92e4-23c74608f5ea,"2026-08-29 15:00:00"
32ea4e41-bbcc-4969-a679-f29cd5214c5d,1e65bec2-fc33-4a7d-8eed-433ebb9be491,4da1a21a-53a2-4bad-8627-7dbdb92de54e,critical,invalidated,"Synthetic case for presentation: 3 events observed, severity=critical, outcome=invalidated.",e01d678a-a377-4949-8306-9a47aa43b700,"2026-08-30 15:09:00"
efb1b517-d39a-4b56-bbbc-0152c057cf16,1e65bec2-fc33-4a7d-8eed-433ebb9be491,f6632347-d38e-4f82-9293-f2a758d5e625,low,pending,"Synthetic case for presentation: 1 events observed, severity=low, outcome=pending.",,
39a80d34-7b75-4a3e-b906-3024b68031c8,1e65bec2-fc33-4a7d-8eed-433ebb9be491,549a8239-b420-4d4f-b2e9-adbf87763cf8,medium,warned,"Synthetic case for presentation: 2 events observed, severity=medium, outcome=warned.",e01d678a-a377-4949-8306-9a47aa43b700,"2026-09-01 15:27:00"
b72fdc5d-fb22-43d1-b8cb-960fd79d7fd3,1e65bec2-fc33-4a7d-8eed-433ebb9be491,e7c7c339-183e-42b9-a506-7e669ca1bdac,high,score_penalized,"Synthetic case for presentation: 3 events observed, severity=high, outcome=score_penalized.",90b1b286-043f-4b76-92e4-23c74608f5ea,"2026-09-02 15:36:00"
942d07ff-c72d-4848-acb4-bdcf43bf92b2,2d6bb0d9-49a4-4f29-b1f8-ea924cd3ba1b,00806a80-6872-4362-af1b-9ea15ad81af9,low,pending,"Synthetic case for presentation: 1 events observed, severity=low, outcome=pending.",,
47a5830e-594e-42b8-b5b9-cbaea894119b,2d6bb0d9-49a4-4f29-b1f8-ea924cd3ba1b,fc7b5b1c-510a-4af7-a3a0-e8dffff083b2,medium,warned,"Synthetic case for presentation: 2 events observed, severity=medium, outcome=warned.",f3fddcd0-87ff-4257-af51-336d7250710d,"2026-09-01 15:09:00"
d8af8d6f-7375-4954-8b83-079aea1b8efc,2d6bb0d9-49a4-4f29-b1f8-ea924cd3ba1b,07cbeb69-9514-4ea7-af87-8f017bc5cc9e,high,score_penalized,"Synthetic case for presentation: 3 events observed, severity=high, outcome=score_penalized.",f3fddcd0-87ff-4257-af51-336d7250710d,"2026-09-02 15:18:00"
2e0136d2-479e-47d2-804e-7611d2266f7c,2d6bb0d9-49a4-4f29-b1f8-ea924cd3ba1b,b2b4d66c-1e2b-4d23-ae7f-bf0388337940,low,pending,"Synthetic case for presentation: 1 events observed, severity=low, outcome=pending.",,
df644945-a1b4-4017-8a58-47320b50d347,2d6bb0d9-49a4-4f29-b1f8-ea924cd3ba1b,8350aa8c-6e71-4016-99fa-4448fd5b3834,high,score_penalized,"Synthetic case for presentation: 2 events observed, severity=high, outcome=score_penalized.",90b1b286-043f-4b76-92e4-23c74608f5ea,"2026-09-04 15:36:00"
187d736e-d6c8-4829-ae7b-036cca9a2d25,d289efdd-1651-4863-8d95-1999a8b95ad8,a173a395-eb18-4dfe-a94f-1cdfc448c430,high,score_penalized,"Synthetic case for presentation: 3 events observed, severity=high, outcome=score_penalized.",90b1b286-043f-4b76-92e4-23c74608f5ea,"2026-09-02 15:00:00"
e5a62cb4-a44e-4b48-a342-db640f865757,d289efdd-1651-4863-8d95-1999a8b95ad8,356eda07-731f-4df7-b49c-8bca171b0893,low,pending,"Synthetic case for presentation: 1 events observed, severity=low, outcome=pending.",,
88a88d96-c33f-446a-a8f2-bb6de405b928,d289efdd-1651-4863-8d95-1999a8b95ad8,2168be45-1dbf-4df5-9001-9864d98c9fc5,high,score_penalized,"Synthetic case for presentation: 2 events observed, severity=high, outcome=score_penalized.",4a614ff2-85f1-421a-82bc-88ea7baa9157,"2026-09-04 15:18:00"
32aabadc-f6b9-4eed-a858-655de194f1e0,d289efdd-1651-4863-8d95-1999a8b95ad8,06b15db8-12e4-4410-99ba-d6df7f0c1d9d,high,score_penalized,"Synthetic case for presentation: 3 events observed, severity=high, outcome=score_penalized.",4a614ff2-85f1-421a-82bc-88ea7baa9157,"2026-09-05 15:27:00"
dda6363d-200a-4b4b-8b9e-8b04b1fbed86,d289efdd-1651-4863-8d95-1999a8b95ad8,63f35f9c-fe94-47f5-99e2-2c04482c50d9,low,pending,"Synthetic case for presentation: 1 events observed, severity=low, outcome=pending.",,
9fd64d29-0cbd-487c-80ed-cbb25a95700e,adffddc1-96e7-4450-b95a-60e50d8498fd,325f8f44-b6a3-4245-85a6-d380569fb2ee,high,score_penalized,"Synthetic case for presentation: 2 events observed, severity=high, outcome=score_penalized.",90b1b286-043f-4b76-92e4-23c74608f5ea,"2026-09-04 15:00:00"
66a7270b-457d-465a-ba7c-192797f51ca6,adffddc1-96e7-4450-b95a-60e50d8498fd,cb47cac2-b042-44bb-808c-e8b6f194928c,high,score_penalized,"Synthetic case for presentation: 3 events observed, severity=high, outcome=score_penalized.",31689826-b681-469d-a937-fae26ca1caed,"2026-09-05 15:09:00"
9443e8a2-0edb-4ab7-90a7-2f058f39d12b,adffddc1-96e7-4450-b95a-60e50d8498fd,e7a98deb-f17f-4cad-ab90-4ff2542ed4a1,low,pending,"Synthetic case for presentation: 1 events observed, severity=low, outcome=pending.",,
20d37be0-9710-4052-b46c-02afd5d04876,adffddc1-96e7-4450-b95a-60e50d8498fd,3f01a68f-4350-4373-a3a9-f2164513dbd5,medium,warned,"Synthetic case for presentation: 2 events observed, severity=medium, outcome=warned.",31689826-b681-469d-a937-fae26ca1caed,"2026-09-07 15:27:00"
f7141af9-45df-43fd-bf5a-7fc150716334,adffddc1-96e7-4450-b95a-60e50d8498fd,55ee2ab4-7845-42da-8dc4-2792f5c717c2,high,score_penalized,"Synthetic case for presentation: 3 events observed, severity=high, outcome=score_penalized.",90b1b286-043f-4b76-92e4-23c74608f5ea,"2026-09-08 15:36:00"
0873f294-b36e-47fa-8acb-05f80ceafd14,ea45fa8b-26cf-4844-b76c-e2d1e2983b18,4ae48306-e5ba-4a96-89a9-a3828dce0373,low,pending,"Synthetic case for presentation: 1 events observed, severity=low, outcome=pending.",,
ab36a3ad-72f8-4b4d-a08b-d49b77ad58ff,ea45fa8b-26cf-4844-b76c-e2d1e2983b18,2f98311c-c73d-41f5-b12e-66f3e6eafa62,medium,warned,"Synthetic case for presentation: 2 events observed, severity=medium, outcome=warned.",c561369a-fe81-4a42-b856-a31f2008b349,"2026-09-07 15:09:00"
79949cf0-7eaf-40c6-a6d5-2bc50c97d8c7,ea45fa8b-26cf-4844-b76c-e2d1e2983b18,6b031a8b-2a89-40d8-a058-584fb3a3648f,high,score_penalized,"Synthetic case for presentation: 3 events observed, severity=high, outcome=score_penalized.",c561369a-fe81-4a42-b856-a31f2008b349,"2026-09-08 15:18:00"
28dbfcd3-7aed-4929-bde5-887ed97d4ab2,ea45fa8b-26cf-4844-b76c-e2d1e2983b18,dfed6f89-a40d-4376-9cb9-528836fc327b,high,score_penalized,"Synthetic case for presentation: 1 events observed, severity=high, outcome=score_penalized.",c561369a-fe81-4a42-b856-a31f2008b349,"2026-09-09 15:27:00"
f5485baa-1c3e-41bf-9da2-a838d44893dc,ea45fa8b-26cf-4844-b76c-e2d1e2983b18,21020a73-cb3a-4f3a-ac33-0d559e432fe5,medium,warned,"Synthetic case for presentation: 2 events observed, severity=medium, outcome=warned.",90b1b286-043f-4b76-92e4-23c74608f5ea,"2026-09-10 15:36:00"
1024b319-d193-40ea-ada6-b643c1d9a839,502822cd-83b9-43de-bdb7-459c8f6206ea,7e77af00-f087-480d-b084-1550daa7c973,high,score_penalized,"Synthetic case for presentation: 3 events observed, severity=high, outcome=score_penalized.",90b1b286-043f-4b76-92e4-23c74608f5ea,"2026-09-08 15:00:00"
b6e183e9-a29e-4229-af05-5c06e8f00774,502822cd-83b9-43de-bdb7-459c8f6206ea,0bfcadc9-4da5-4390-95f0-ffc12924a578,high,score_penalized,"Synthetic case for presentation: 1 events observed, severity=high, outcome=score_penalized.",5bec68f4-83c7-4e92-b3a9-6bb1d7060b46,"2026-09-09 15:09:00"
95d1c35a-9aeb-4513-8f96-5b757e6f42fe,502822cd-83b9-43de-bdb7-459c8f6206ea,0ca6e245-201a-4fc4-85b8-7e51f2cf8a60,medium,warned,"Synthetic case for presentation: 2 events observed, severity=medium, outcome=warned.",5bec68f4-83c7-4e92-b3a9-6bb1d7060b46,"2026-09-10 15:18:00"
4320e1c7-77d7-4ffc-ba9e-ed810ede5917,502822cd-83b9-43de-bdb7-459c8f6206ea,312c75d2-30f8-4ea8-89a8-5305716b36d9,critical,invalidated,"Synthetic case for presentation: 3 events observed, severity=critical, outcome=invalidated.",5bec68f4-83c7-4e92-b3a9-6bb1d7060b46,"2026-09-11 15:27:00"
189a5c33-243f-49a6-a484-56c07d1e9fe8,502822cd-83b9-43de-bdb7-459c8f6206ea,e1bc4eba-c818-4ccd-be86-0efe334c3e3d,low,pending,"Synthetic case for presentation: 1 events observed, severity=low, outcome=pending.",,
7f2fc8e6-bc68-41c8-a2d4-931817baa979,cf187d17-6f37-4600-a335-34acc33f79f6,a61e0745-e812-4329-be8f-8f531f989ad0,medium,warned,"Synthetic case for presentation: 2 events observed, severity=medium, outcome=warned.",90b1b286-043f-4b76-92e4-23c74608f5ea,"2026-09-10 15:00:00"
a1dec4c9-00c1-497d-8593-8b4f77080a49,cf187d17-6f37-4600-a335-34acc33f79f6,813aaf00-e824-4121-95ff-dc575d2768d1,critical,invalidated,"Synthetic case for presentation: 3 events observed, severity=critical, outcome=invalidated.",ba2b2fa1-25b4-4f53-9382-687461ce98b9,"2026-09-11 15:09:00"
218366b2-e19e-40f8-bb70-fd5adaf6fd56,cf187d17-6f37-4600-a335-34acc33f79f6,ea394e24-e712-42f0-81d5-15b11833db9b,low,pending,"Synthetic case for presentation: 1 events observed, severity=low, outcome=pending.",,
843796b8-c599-40e8-87f1-3e9f0b09f2fe,cf187d17-6f37-4600-a335-34acc33f79f6,a8045447-5598-419b-87b5-ebbf13e1e1e1,medium,warned,"Synthetic case for presentation: 2 events observed, severity=medium, outcome=warned.",ba2b2fa1-25b4-4f53-9382-687461ce98b9,"2026-09-13 15:27:00"
a958a980-48fd-44b3-a84f-e6dc91dd2fef,cf187d17-6f37-4600-a335-34acc33f79f6,d0896b17-1ae3-49f7-bf4e-07d35c30df47,high,score_penalized,"Synthetic case for presentation: 3 events observed, severity=high, outcome=score_penalized.",90b1b286-043f-4b76-92e4-23c74608f5ea,"2026-09-14 15:36:00"
5a8e64a5-0cb8-4073-ac62-86f2abf25b69,6f653f86-27ce-43d6-a54f-14b814b538a9,b1144de5-7713-42b2-964c-70eb58960079,low,pending,"Synthetic case for presentation: 1 events observed, severity=low, outcome=pending.",,
869131a0-ef8f-40ad-b83b-a65ceeefdf52,6f653f86-27ce-43d6-a54f-14b814b538a9,7961d09a-d1ea-48c6-b14f-e61a2738b8ec,medium,warned,"Synthetic case for presentation: 2 events observed, severity=medium, outcome=warned.",f6a6831b-e31a-4284-8f85-86ba6682f269,"2026-09-13 15:09:00"
d47385bc-5275-4af0-867c-51142fddc6a6,6f653f86-27ce-43d6-a54f-14b814b538a9,432ab93b-26b3-4fc1-884c-e9c10ee9ddc0,high,score_penalized,"Synthetic case for presentation: 3 events observed, severity=high, outcome=score_penalized.",f6a6831b-e31a-4284-8f85-86ba6682f269,"2026-09-14 15:18:00"
da2edcaf-0831-4ff9-8fe5-998a2ad726de,6f653f86-27ce-43d6-a54f-14b814b538a9,1a3b4b15-1759-4e48-a91f-fd860db0489e,low,pending,"Synthetic case for presentation: 1 events observed, severity=low, outcome=pending.",,
ec66ea27-4943-4f9a-b034-452b82a1c210,6f653f86-27ce-43d6-a54f-14b814b538a9,8bb76231-0bd1-4d5d-8536-b53e28187098,high,score_penalized,"Synthetic case for presentation: 2 events observed, severity=high, outcome=score_penalized.",90b1b286-043f-4b76-92e4-23c74608f5ea,"2026-09-16 15:36:00"
62025313-6660-4966-9ead-7912775665fc,f91393e5-4ce7-47b2-8ee9-f9536bdf97d3,6b0fc8e9-c839-411f-a23e-d20e71c4038d,high,score_penalized,"Synthetic case for presentation: 3 events observed, severity=high, outcome=score_penalized.",90b1b286-043f-4b76-92e4-23c74608f5ea,"2026-09-14 15:00:00"
b908b331-9472-45b4-9204-78496b2d1248,f91393e5-4ce7-47b2-8ee9-f9536bdf97d3,8be06e0f-d789-4a31-a1af-0ab9965e9f80,low,pending,"Synthetic case for presentation: 1 events observed, severity=low, outcome=pending.",,
740b4a56-a932-49d6-bd5e-c544d8395ea9,f91393e5-4ce7-47b2-8ee9-f9536bdf97d3,41ca44f4-e802-48ed-85bf-7fa55783afa4,high,score_penalized,"Synthetic case for presentation: 2 events observed, severity=high, outcome=score_penalized.",c162b8cf-d77a-43ca-bc69-c3e13a03b7d7,"2026-09-16 15:18:00"
d2cb52db-8583-47f0-85ac-79c70064390e,f91393e5-4ce7-47b2-8ee9-f9536bdf97d3,8e27c364-0f2d-4ab8-a608-04e030f73d45,high,score_penalized,"Synthetic case for presentation: 3 events observed, severity=high, outcome=score_penalized.",c162b8cf-d77a-43ca-bc69-c3e13a03b7d7,"2026-09-17 15:27:00"
f78752b2-20a7-4a51-9c9c-4e313367c8da,f91393e5-4ce7-47b2-8ee9-f9536bdf97d3,b3b89e27-df52-484b-bf9d-c5a331b90d96,low,pending,"Synthetic case for presentation: 1 events observed, severity=low, outcome=pending.",,
ef142538-ba86-4cb9-a624-b1b02caafe94,13b42e40-1964-4bcd-a811-b3195da49963,b02a0efc-cc77-4cde-8ae3-f6b355750196,high,score_penalized,"Synthetic case for presentation: 2 events observed, severity=high, outcome=score_penalized.",90b1b286-043f-4b76-92e4-23c74608f5ea,"2026-09-16 15:00:00"
92bdb26b-7cc4-40ad-8fd2-317bc0f45f7d,13b42e40-1964-4bcd-a811-b3195da49963,7160e1e3-9d68-4afb-9599-a6721d14df63,high,score_penalized,"Synthetic case for presentation: 3 events observed, severity=high, outcome=score_penalized.",94845bcf-c361-4a85-8629-c5df1ebe14de,"2026-09-17 15:09:00"
ac5b03a4-375e-4b25-9759-9fc0cad0ab7a,13b42e40-1964-4bcd-a811-b3195da49963,b42a5e90-cdd6-48eb-bd5d-986947edf324,low,pending,"Synthetic case for presentation: 1 events observed, severity=low, outcome=pending.",,
140e7e82-37c2-4999-a396-5a836618946e,13b42e40-1964-4bcd-a811-b3195da49963,48c7ccca-3fe9-437c-8643-b67dcb449ca6,medium,warned,"Synthetic case for presentation: 2 events observed, severity=medium, outcome=warned.",94845bcf-c361-4a85-8629-c5df1ebe14de,"2026-09-19 15:27:00"
cac39bc3-83f6-4ea8-a0d0-77ec6f00da8c,13b42e40-1964-4bcd-a811-b3195da49963,7cd21221-84b3-4d9c-bed3-c51324bbc7e2,high,score_penalized,"Synthetic case for presentation: 3 events observed, severity=high, outcome=score_penalized.",90b1b286-043f-4b76-92e4-23c74608f5ea,"2026-08-26 15:36:00"
922bb08e-befc-470d-ab3c-1ee08e8b97dd,170e4a06-9589-4826-be14-96a93e1cbbbb,dc424855-6730-4bde-ac61-ca44d4205728,low,pending,"Synthetic case for presentation: 1 events observed, severity=low, outcome=pending.",,
2af4ba42-4fd0-41f5-b262-1d5025638143,170e4a06-9589-4826-be14-96a93e1cbbbb,b1bbfc6d-e406-407b-a7a9-ff9aef2ad6ee,medium,warned,"Synthetic case for presentation: 2 events observed, severity=medium, outcome=warned.",31acda93-0cdb-4dfe-ba69-d17d45ff8551,"2026-09-19 15:09:00"
0be28322-d83f-409f-b829-d11a2f6ee258,170e4a06-9589-4826-be14-96a93e1cbbbb,5df46231-6e0f-410a-b47a-7e2e516a0621,high,score_penalized,"Synthetic case for presentation: 3 events observed, severity=high, outcome=score_penalized.",31acda93-0cdb-4dfe-ba69-d17d45ff8551,"2026-08-26 15:18:00"
3d4f39ec-d1e9-488f-8198-cf1031d8c2c3,170e4a06-9589-4826-be14-96a93e1cbbbb,d6415f6f-1ed0-47fe-9c03-a6880d4934af,high,score_penalized,"Synthetic case for presentation: 1 events observed, severity=high, outcome=score_penalized.",31acda93-0cdb-4dfe-ba69-d17d45ff8551,"2026-08-27 15:27:00"
efa71ed9-e3a9-4ba0-a285-6efcb4fa2761,170e4a06-9589-4826-be14-96a93e1cbbbb,a51cf7b3-d74c-4cae-8348-b620fc39e96f,medium,warned,"Synthetic case for presentation: 2 events observed, severity=medium, outcome=warned.",90b1b286-043f-4b76-92e4-23c74608f5ea,"2026-08-28 15:36:00"
3fe023b3-e744-450a-85a3-093141ce3a8a,6f0ff5a1-9365-4f68-b523-96c9d59248af,bf030c6b-d4e4-41a0-82e8-077361df3a85,high,score_penalized,"Synthetic case for presentation: 3 events observed, severity=high, outcome=score_penalized.",90b1b286-043f-4b76-92e4-23c74608f5ea,"2026-08-26 15:00:00"
a25a0cf2-775b-41a1-ae3e-3b992c708413,6f0ff5a1-9365-4f68-b523-96c9d59248af,4a05722a-6433-442b-85a7-5b852f107a24,high,score_penalized,"Synthetic case for presentation: 1 events observed, severity=high, outcome=score_penalized.",d6f95ab5-a863-4a2a-b88c-ea19c86cb29d,"2026-08-27 15:09:00"
704eaf8e-9d2d-4f14-91b6-c6efa7830896,6f0ff5a1-9365-4f68-b523-96c9d59248af,5913428c-0267-40d4-b715-8b5e34cec2bb,medium,warned,"Synthetic case for presentation: 2 events observed, severity=medium, outcome=warned.",d6f95ab5-a863-4a2a-b88c-ea19c86cb29d,"2026-08-28 15:18:00"
ec22f793-100f-469e-9cb7-f934e6064fc3,6f0ff5a1-9365-4f68-b523-96c9d59248af,bc65d06c-128b-4f06-af3d-66806a01ef5b,critical,invalidated,"Synthetic case for presentation: 3 events observed, severity=critical, outcome=invalidated.",d6f95ab5-a863-4a2a-b88c-ea19c86cb29d,"2026-08-29 15:27:00"
4e8a3ac5-f54e-4a79-90fa-562427c479d1,6f0ff5a1-9365-4f68-b523-96c9d59248af,bf5bc4f5-5f46-466b-b2e6-645d6c7e0f92,low,pending,"Synthetic case for presentation: 1 events observed, severity=low, outcome=pending.",,
251dc46f-385d-4aee-ad37-bf0a86752dd3,d7f289fd-5ae0-4ddf-9dfe-d30df3fd3693,9d250ddc-b74c-47b4-9da2-492035297d78,medium,warned,"Synthetic case for presentation: 2 events observed, severity=medium, outcome=warned.",90b1b286-043f-4b76-92e4-23c74608f5ea,"2026-08-28 15:00:00"
f55cd8f5-0463-4584-b800-0b8b89bbc17d,d7f289fd-5ae0-4ddf-9dfe-d30df3fd3693,cb8762c4-a4b5-49cd-80a4-38d59e2ba00b,critical,invalidated,"Synthetic case for presentation: 3 events observed, severity=critical, outcome=invalidated.",53616bb3-ccdb-4536-b6d0-8d2bfb99b419,"2026-08-29 15:09:00"
8d9cc123-e727-4589-9d54-ce170e4f536e,d7f289fd-5ae0-4ddf-9dfe-d30df3fd3693,2ab7eeb3-9ffd-4858-8c16-04860123a854,low,pending,"Synthetic case for presentation: 1 events observed, severity=low, outcome=pending.",,
3720dd0f-77b4-4906-be54-a243bbf96c42,d7f289fd-5ae0-4ddf-9dfe-d30df3fd3693,72d02b77-5415-4a64-89b1-e6021a78d56d,medium,warned,"Synthetic case for presentation: 2 events observed, severity=medium, outcome=warned.",53616bb3-ccdb-4536-b6d0-8d2bfb99b419,"2026-08-31 15:27:00"
1e017dfb-c399-45fc-a492-8741b1f73b13,d7f289fd-5ae0-4ddf-9dfe-d30df3fd3693,215441f5-97c7-4a51-90fc-72805cd55a90,high,score_penalized,"Synthetic case for presentation: 3 events observed, severity=high, outcome=score_penalized.",90b1b286-043f-4b76-92e4-23c74608f5ea,"2026-09-01 15:36:00"
384b487a-7939-4983-a84c-c59852ed65b3,401aab0e-6892-4583-915a-3e9c8a5bf0b1,c16a8d7e-b32b-43b0-b05b-d14d354e3e82,low,pending,"Synthetic case for presentation: 1 events observed, severity=low, outcome=pending.",,
db32a033-db5a-4a72-bf6f-eb263ed88003,401aab0e-6892-4583-915a-3e9c8a5bf0b1,1d13f9fd-1511-440c-b866-494607b086af,medium,warned,"Synthetic case for presentation: 2 events observed, severity=medium, outcome=warned.",02a2e244-b394-463b-b5d2-3be16670bf72,"2026-08-31 15:09:00"
14d477ec-d7e5-4a98-97f3-f2ca5b28b05c,401aab0e-6892-4583-915a-3e9c8a5bf0b1,16d8765f-08aa-4db5-9ff9-c7b706a065b0,high,score_penalized,"Synthetic case for presentation: 3 events observed, severity=high, outcome=score_penalized.",02a2e244-b394-463b-b5d2-3be16670bf72,"2026-09-01 15:18:00"
e91351d2-d207-4614-b62a-9d98a10d98e9,401aab0e-6892-4583-915a-3e9c8a5bf0b1,49115e7e-204b-48a0-ba40-a5b8829bbee9,low,pending,"Synthetic case for presentation: 1 events observed, severity=low, outcome=pending.",,
1aa1dc39-9bb3-430b-933c-780d5e228326,401aab0e-6892-4583-915a-3e9c8a5bf0b1,353ff1be-8d55-4352-a86c-25f526ef829c,high,score_penalized,"Synthetic case for presentation: 2 events observed, severity=high, outcome=score_penalized.",90b1b286-043f-4b76-92e4-23c74608f5ea,"2026-09-03 15:36:00"
b8d58d3f-c1b6-448e-867b-dadde8243478,6eaff883-f802-40e4-b344-20ca819a6128,ae3a5965-ba45-45d3-817d-8c0fbace437d,high,score_penalized,"Synthetic case for presentation: 3 events observed, severity=high, outcome=score_penalized.",90b1b286-043f-4b76-92e4-23c74608f5ea,"2026-09-01 15:00:00"
68b7899d-1382-44b3-a220-742c59a0ea12,6eaff883-f802-40e4-b344-20ca819a6128,20e4d238-2d2a-4b39-8de1-481b9b3d2f8a,low,pending,"Synthetic case for presentation: 1 events observed, severity=low, outcome=pending.",,
dae8b698-b968-4e0b-b39c-8165acb34117,6eaff883-f802-40e4-b344-20ca819a6128,bd4281ef-46bb-4d62-a0c4-167b1323d3ee,high,score_penalized,"Synthetic case for presentation: 2 events observed, severity=high, outcome=score_penalized.",b6fa442b-8c21-467d-848c-8ee85ba282b2,"2026-09-03 15:18:00"
150c439c-f25c-4135-93ca-9243b4e88ecd,6eaff883-f802-40e4-b344-20ca819a6128,8a99c2c5-ba0b-4f58-b88d-1505c105b8c8,high,score_penalized,"Synthetic case for presentation: 3 events observed, severity=high, outcome=score_penalized.",b6fa442b-8c21-467d-848c-8ee85ba282b2,"2026-09-04 15:27:00"
57868fef-0ed5-4252-b231-41d99c6a89cb,6eaff883-f802-40e4-b344-20ca819a6128,8ea75cdf-721d-44d5-b907-f791a5f43d56,low,pending,"Synthetic case for presentation: 1 events observed, severity=low, outcome=pending.",,
17dd767b-c541-41ff-a6f9-b76bf04ca783,31866869-3869-4719-9936-dd7258d0d57d,ef426773-3acf-4d92-893b-0f8ab899e733,high,score_penalized,"Synthetic case for presentation: 2 events observed, severity=high, outcome=score_penalized.",90b1b286-043f-4b76-92e4-23c74608f5ea,"2026-09-03 15:00:00"
d6daa954-caa6-4e03-ada1-352bbe0cd22a,31866869-3869-4719-9936-dd7258d0d57d,e034d22f-63b2-4cee-ba76-1d682e40ef85,high,score_penalized,"Synthetic case for presentation: 3 events observed, severity=high, outcome=score_penalized.",3f0c3ec8-af67-4ef3-b131-35ef8d6db353,"2026-09-04 15:09:00"
fdb73f5b-24e8-4b5c-befc-49f7e2190e42,31866869-3869-4719-9936-dd7258d0d57d,49555493-86e9-4a8e-accb-ed90e4e60e81,low,pending,"Synthetic case for presentation: 1 events observed, severity=low, outcome=pending.",,
928535e3-f792-4945-9ec6-6266c0417402,31866869-3869-4719-9936-dd7258d0d57d,554285ee-9e78-4c68-8952-820a39b14795,medium,warned,"Synthetic case for presentation: 2 events observed, severity=medium, outcome=warned.",3f0c3ec8-af67-4ef3-b131-35ef8d6db353,"2026-09-06 15:27:00"
1cbc8bf4-5b5c-4ea9-b19f-a57a419fd5e7,31866869-3869-4719-9936-dd7258d0d57d,f0af00df-e870-4f49-bb98-e0a253676ce3,high,score_penalized,"Synthetic case for presentation: 3 events observed, severity=high, outcome=score_penalized.",90b1b286-043f-4b76-92e4-23c74608f5ea,"2026-09-07 15:36:00"
ce3b58cf-5ec8-4487-83f6-e38927c9ce9f,240c25e0-913a-4a7e-bed2-e07bea194d40,fc462e2e-7e2b-4002-9e66-bd8be9a72e5b,low,pending,"Synthetic case for presentation: 1 events observed, severity=low, outcome=pending.",,
502134a2-8ce6-41cd-8fd5-59be1fdc2736,240c25e0-913a-4a7e-bed2-e07bea194d40,dfa3a171-49a4-4116-be2c-979ae2d692c5,medium,warned,"Synthetic case for presentation: 2 events observed, severity=medium, outcome=warned.",350ce0b6-23cf-4834-9280-a07188219f85,"2026-09-06 15:09:00"
fbaf01e4-bef9-45ca-843c-47d71422e91b,240c25e0-913a-4a7e-bed2-e07bea194d40,ca0fef9d-2c59-481f-90d8-1aede4ea2300,high,score_penalized,"Synthetic case for presentation: 3 events observed, severity=high, outcome=score_penalized.",350ce0b6-23cf-4834-9280-a07188219f85,"2026-09-07 15:18:00"
f00a82e4-0104-4765-9011-6ef281dff86c,240c25e0-913a-4a7e-bed2-e07bea194d40,7a598cef-a4fb-4a8e-8b8b-3913b180a5f0,high,score_penalized,"Synthetic case for presentation: 1 events observed, severity=high, outcome=score_penalized.",350ce0b6-23cf-4834-9280-a07188219f85,"2026-09-08 15:27:00"
913ed1f1-00a0-4f8a-a62f-2e95944ca846,240c25e0-913a-4a7e-bed2-e07bea194d40,7a693914-8fdb-4487-b88d-ae4e90bdbf43,medium,warned,"Synthetic case for presentation: 2 events observed, severity=medium, outcome=warned.",90b1b286-043f-4b76-92e4-23c74608f5ea,"2026-09-09 15:36:00"
89a0481b-d2f4-4d16-a577-9a64819f4510,18127b13-c46e-421d-a890-18deddc90a6c,b2ae7955-b13b-40c6-a781-d5a07b066c50,high,score_penalized,"Synthetic case for presentation: 3 events observed, severity=high, outcome=score_penalized.",90b1b286-043f-4b76-92e4-23c74608f5ea,"2026-09-07 15:00:00"
af83f00c-7e53-4596-8bfb-0fcb3fa529f0,18127b13-c46e-421d-a890-18deddc90a6c,f8caebe0-059c-42a7-b381-e110376aced0,high,score_penalized,"Synthetic case for presentation: 1 events observed, severity=high, outcome=score_penalized.",13e0558c-2891-4d08-a308-5f0370d9c610,"2026-09-08 15:09:00"
48337f67-8a98-47f8-8ea2-92a4e540db0c,18127b13-c46e-421d-a890-18deddc90a6c,bc1cbd3f-3c33-4d97-9a50-aa3c60f0c854,medium,warned,"Synthetic case for presentation: 2 events observed, severity=medium, outcome=warned.",13e0558c-2891-4d08-a308-5f0370d9c610,"2026-09-09 15:18:00"
d2a0100d-3ad8-4d2d-a92c-52db98c37cfa,18127b13-c46e-421d-a890-18deddc90a6c,10788729-480f-4cd5-b46a-da61b37ce58e,critical,invalidated,"Synthetic case for presentation: 3 events observed, severity=critical, outcome=invalidated.",13e0558c-2891-4d08-a308-5f0370d9c610,"2026-09-10 15:27:00"
09bc36ef-4bed-45e2-a1c5-62110fedb134,18127b13-c46e-421d-a890-18deddc90a6c,ef048816-7950-49b9-8af7-e9eb8e7475a6,low,pending,"Synthetic case for presentation: 1 events observed, severity=low, outcome=pending.",,
9e726b65-319b-4e00-8aa0-aa0307f71e7e,f7612dc8-45f3-4e20-b524-1690d5866db8,321e90d9-ba8c-40a8-b759-73c907121f03,medium,warned,"Synthetic case for presentation: 2 events observed, severity=medium, outcome=warned.",90b1b286-043f-4b76-92e4-23c74608f5ea,"2026-09-09 15:00:00"
dc35166b-13fb-40f1-b347-0bb18dce42eb,f7612dc8-45f3-4e20-b524-1690d5866db8,d0b19c7d-08af-40b1-802c-51ee31c39f87,critical,invalidated,"Synthetic case for presentation: 3 events observed, severity=critical, outcome=invalidated.",b3e426f1-2d79-4c64-a460-66eccac320ac,"2026-09-10 15:09:00"
7f46e3d7-9c31-43bc-86f8-84cd1d224713,f7612dc8-45f3-4e20-b524-1690d5866db8,770e0a6c-9aab-48f4-b3ee-111c24ecded4,low,pending,"Synthetic case for presentation: 1 events observed, severity=low, outcome=pending.",,
ce4178e3-6dee-45a3-9021-9acfb43c0b2a,f7612dc8-45f3-4e20-b524-1690d5866db8,d2601ba3-e506-43b6-abbc-5a1702d46aee,medium,warned,"Synthetic case for presentation: 2 events observed, severity=medium, outcome=warned.",b3e426f1-2d79-4c64-a460-66eccac320ac,"2026-09-12 15:27:00"
c58870fb-e3a9-4ab9-ad57-fc260a768ba9,f7612dc8-45f3-4e20-b524-1690d5866db8,16a4a67a-cb66-4872-923c-5754a2cfc541,high,score_penalized,"Synthetic case for presentation: 3 events observed, severity=high, outcome=score_penalized.",90b1b286-043f-4b76-92e4-23c74608f5ea,"2026-09-13 15:36:00"
67d2b103-1f9c-49bc-9ca7-5c732928c89e,5c11384b-5d04-4e57-9cc3-35030832f97f,6869a77f-2c73-4dac-b050-f6aacc8ab31c,low,pending,"Synthetic case for presentation: 1 events observed, severity=low, outcome=pending.",,
038c0f68-5110-4f33-b308-7104c30e805d,5c11384b-5d04-4e57-9cc3-35030832f97f,77129ac0-74f4-473b-af5d-05acd475e4a5,medium,warned,"Synthetic case for presentation: 2 events observed, severity=medium, outcome=warned.",fbee6fdb-6e1d-4f86-b23b-aa2628756acb,"2026-09-12 15:09:00"
03bf73f2-d356-4055-bcd7-702844aabacf,5c11384b-5d04-4e57-9cc3-35030832f97f,01c4149f-1e55-49ef-9831-5e157c19e141,high,score_penalized,"Synthetic case for presentation: 3 events observed, severity=high, outcome=score_penalized.",fbee6fdb-6e1d-4f86-b23b-aa2628756acb,"2026-09-13 15:18:00"
87336ce0-2c02-4530-ab07-b4826f5dab54,5c11384b-5d04-4e57-9cc3-35030832f97f,d0e3ff1e-ebec-47cc-b214-8e9f25336820,low,pending,"Synthetic case for presentation: 1 events observed, severity=low, outcome=pending.",,
daaff96a-7baf-4674-9066-d455bd37ebad,5c11384b-5d04-4e57-9cc3-35030832f97f,d086111e-9881-401f-a1e3-cc3438940222,high,score_penalized,"Synthetic case for presentation: 2 events observed, severity=high, outcome=score_penalized.",90b1b286-043f-4b76-92e4-23c74608f5ea,"2026-09-15 15:36:00"
19dcb88b-8f24-4f71-8795-9c694e79c3ca,e687b3dd-6cc6-480e-a112-1c6cf77abb48,849baf99-7b12-4236-a99a-8a3afc500197,high,score_penalized,"Synthetic case for presentation: 3 events observed, severity=high, outcome=score_penalized.",90b1b286-043f-4b76-92e4-23c74608f5ea,"2026-09-13 15:00:00"
69ebba49-2228-4454-b256-a4578581a320,e687b3dd-6cc6-480e-a112-1c6cf77abb48,b521bdea-04a0-46fc-b53b-63252de98ec5,low,pending,"Synthetic case for presentation: 1 events observed, severity=low, outcome=pending.",,
e2e6dee5-951f-4c31-aecd-a64adc5f9daf,e687b3dd-6cc6-480e-a112-1c6cf77abb48,7f87dc48-5949-4291-a569-d05b299753a0,high,score_penalized,"Synthetic case for presentation: 2 events observed, severity=high, outcome=score_penalized.",1eadd115-fdb3-4e30-b629-06acb7ee7ebc,"2026-09-15 15:18:00"
83700ef2-e834-47dd-b8bb-2dac9a8ffbe0,e687b3dd-6cc6-480e-a112-1c6cf77abb48,9d2beb30-83ab-4087-bd6b-b60dd3456cf7,high,score_penalized,"Synthetic case for presentation: 3 events observed, severity=high, outcome=score_penalized.",1eadd115-fdb3-4e30-b629-06acb7ee7ebc,"2026-09-16 15:27:00"
3160f1f9-7847-49bc-a84f-4ccac6188789,e687b3dd-6cc6-480e-a112-1c6cf77abb48,036274fb-43cb-4135-ac67-d6bfc20e6f9f,low,pending,"Synthetic case for presentation: 1 events observed, severity=low, outcome=pending.",,
08bcacc4-ce71-4993-aee6-96694d0f9ddb,39a2ffb5-0979-4f46-8416-de9d624b9562,8a87e12d-2823-4814-a491-9d8be3cc5330,high,score_penalized,"Synthetic case for presentation: 2 events observed, severity=high, outcome=score_penalized.",90b1b286-043f-4b76-92e4-23c74608f5ea,"2026-09-15 15:00:00"
21d474b8-6909-41ed-a0c9-52c1cc84a68e,39a2ffb5-0979-4f46-8416-de9d624b9562,45180150-059f-4c2d-8714-337713ed82f9,high,score_penalized,"Synthetic case for presentation: 3 events observed, severity=high, outcome=score_penalized.",1c3af693-4807-40f5-9cb2-dcaf223e668e,"2026-09-16 15:09:00"
3529c736-6534-4a22-b083-4bc5d70b5fe7,39a2ffb5-0979-4f46-8416-de9d624b9562,909cbff5-306f-46d0-84bc-414b91bee76f,low,pending,"Synthetic case for presentation: 1 events observed, severity=low, outcome=pending.",,
de7ab1a9-654d-4230-983b-afe645120f98,39a2ffb5-0979-4f46-8416-de9d624b9562,bed70342-b412-4070-922b-7a264df67f02,medium,warned,"Synthetic case for presentation: 2 events observed, severity=medium, outcome=warned.",1c3af693-4807-40f5-9cb2-dcaf223e668e,"2026-09-18 15:27:00"
d540fee9-face-483a-a1ac-e75dfb802916,39a2ffb5-0979-4f46-8416-de9d624b9562,90f9f0f9-b9e8-48e8-b985-a220b9d5ff82,high,score_penalized,"Synthetic case for presentation: 3 events observed, severity=high, outcome=score_penalized.",90b1b286-043f-4b76-92e4-23c74608f5ea,"2026-09-19 15:36:00"
d60496c7-b793-466d-be2d-6beec162d7a1,ba8f3606-74dc-453d-be72-f8f3b816b3ec,d0fc48df-4c83-4cac-81cb-34ea7227559e,low,pending,"Synthetic case for presentation: 1 events observed, severity=low, outcome=pending.",,
162f8e83-fe49-4ac6-a13c-958e30a17846,ba8f3606-74dc-453d-be72-f8f3b816b3ec,d6b807ff-8d7c-495a-8dbb-262c7b67845f,medium,warned,"Synthetic case for presentation: 2 events observed, severity=medium, outcome=warned.",30e99fce-fa56-431e-abed-2a3b9ab666b8,"2026-09-18 15:09:00"
e33fcf64-fcbf-4c34-bfad-6fbd52fdbfb7,ba8f3606-74dc-453d-be72-f8f3b816b3ec,2551264b-6c68-469c-b1aa-f2e40c59e8d9,high,score_penalized,"Synthetic case for presentation: 3 events observed, severity=high, outcome=score_penalized.",30e99fce-fa56-431e-abed-2a3b9ab666b8,"2026-09-19 15:18:00"
1b56e8e0-9ef8-4f0b-bb75-7b6fe2788cc3,ba8f3606-74dc-453d-be72-f8f3b816b3ec,46d6c648-c459-431a-a56a-b28af0ddc325,high,score_penalized,"Synthetic case for presentation: 1 events observed, severity=high, outcome=score_penalized.",30e99fce-fa56-431e-abed-2a3b9ab666b8,"2026-08-26 15:27:00"
75ec5c3f-5941-48b1-aff3-fda3b93e5938,ba8f3606-74dc-453d-be72-f8f3b816b3ec,7cca4f1a-855e-475d-89f1-2788ccb84a0c,medium,warned,"Synthetic case for presentation: 2 events observed, severity=medium, outcome=warned.",90b1b286-043f-4b76-92e4-23c74608f5ea,"2026-08-27 15:36:00"
f6675c76-8dce-499b-8fc2-f36dd5a7a5af,8ee1892d-777b-4394-a5d6-7479ea54ef58,e5f9fac1-96a2-4f3a-bb6a-4fcf42ccc222,high,score_penalized,"Synthetic case for presentation: 3 events observed, severity=high, outcome=score_penalized.",90b1b286-043f-4b76-92e4-23c74608f5ea,"2026-09-19 15:00:00"
ee1bc22c-de13-43c3-9cc2-c206a66d3a59,8ee1892d-777b-4394-a5d6-7479ea54ef58,fb47e52c-0b43-43eb-899b-79e2299c6fc1,high,score_penalized,"Synthetic case for presentation: 1 events observed, severity=high, outcome=score_penalized.",b3deddef-c8e6-478e-89ec-b76a0341bf88,"2026-08-26 15:09:00"
d54b2bd4-9f86-489f-9632-c3a1d1c9703b,8ee1892d-777b-4394-a5d6-7479ea54ef58,f8b427a7-c80f-4001-a0d3-6d58da3b5c6d,medium,warned,"Synthetic case for presentation: 2 events observed, severity=medium, outcome=warned.",b3deddef-c8e6-478e-89ec-b76a0341bf88,"2026-08-27 15:18:00"
caab7c9f-b357-4274-ba41-a9ffd1553f16,8ee1892d-777b-4394-a5d6-7479ea54ef58,2ab54f77-ed12-4d1d-8bc1-85503a818d74,critical,invalidated,"Synthetic case for presentation: 3 events observed, severity=critical, outcome=invalidated.",b3deddef-c8e6-478e-89ec-b76a0341bf88,"2026-08-28 15:27:00"
1f7e223e-2246-48d3-bb5d-964a6dbe40ee,8ee1892d-777b-4394-a5d6-7479ea54ef58,95810883-f123-4368-8a65-3fd9ff225fca,low,pending,"Synthetic case for presentation: 1 events observed, severity=low, outcome=pending.",,
ff29f125-58c8-4a5e-8d05-bf9f0d82eada,6020b833-793c-4799-b70b-b8fd5167e79c,8a179466-86d9-4c28-84a8-621cf26945cd,medium,warned,"Synthetic case for presentation: 2 events observed, severity=medium, outcome=warned.",90b1b286-043f-4b76-92e4-23c74608f5ea,"2026-08-27 15:00:00"
2d6411b2-08cc-4496-9599-b5c5993ef0d3,6020b833-793c-4799-b70b-b8fd5167e79c,3240fa41-9607-46ca-add4-c63efcb4f302,critical,invalidated,"Synthetic case for presentation: 3 events observed, severity=critical, outcome=invalidated.",9cb869b6-ab28-4ccc-b818-db35cc80b426,"2026-08-28 15:09:00"
8dea1dd2-f5c5-4323-9cc3-565ce566144d,6020b833-793c-4799-b70b-b8fd5167e79c,306830f5-e498-4f4d-b7ef-c4a6c3a1dca1,low,pending,"Synthetic case for presentation: 1 events observed, severity=low, outcome=pending.",,
a9ed6a2e-5532-45c5-b4fe-6232626d2110,6020b833-793c-4799-b70b-b8fd5167e79c,d7d25c15-85be-440a-908c-f34174249d16,medium,warned,"Synthetic case for presentation: 2 events observed, severity=medium, outcome=warned.",9cb869b6-ab28-4ccc-b818-db35cc80b426,"2026-08-30 15:27:00"
f9a46301-3797-4c21-a091-0ead4d9f8d37,6020b833-793c-4799-b70b-b8fd5167e79c,a14b6ceb-d912-4cd9-9573-8ee3c5d3f645,high,score_penalized,"Synthetic case for presentation: 3 events observed, severity=high, outcome=score_penalized.",90b1b286-043f-4b76-92e4-23c74608f5ea,"2026-08-31 15:36:00"
c315e5ba-ffb1-49ed-b4ad-a4874a164fe5,b3b6c0ad-5208-4290-b638-62c37440e0f4,2f295024-0397-48d6-b472-b560c2a6323e,low,pending,"Synthetic case for presentation: 1 events observed, severity=low, outcome=pending.",,
025055ff-50bd-4b84-8486-14114f61aa61,b3b6c0ad-5208-4290-b638-62c37440e0f4,c7d10a72-f0f6-4677-88b1-cc04f187bb5d,medium,warned,"Synthetic case for presentation: 2 events observed, severity=medium, outcome=warned.",35cc8742-4151-4edb-bcdb-9da38e12a56e,"2026-08-30 15:09:00"
1412052d-4105-4ece-86ef-594c3c200945,b3b6c0ad-5208-4290-b638-62c37440e0f4,4443983b-2388-4989-9317-0bbacc187af7,high,score_penalized,"Synthetic case for presentation: 3 events observed, severity=high, outcome=score_penalized.",35cc8742-4151-4edb-bcdb-9da38e12a56e,"2026-08-31 15:18:00"
10f8bcca-7461-43bf-ab08-7418e83defee,b3b6c0ad-5208-4290-b638-62c37440e0f4,d145ab6e-b78f-498d-a5fd-502d422c5ed5,low,pending,"Synthetic case for presentation: 1 events observed, severity=low, outcome=pending.",,
c9348348-dc8e-457c-9c62-fefcecbb2825,b3b6c0ad-5208-4290-b638-62c37440e0f4,0d7e2a2b-7cd7-4983-94d3-28b2e44a6d75,high,score_penalized,"Synthetic case for presentation: 2 events observed, severity=high, outcome=score_penalized.",90b1b286-043f-4b76-92e4-23c74608f5ea,"2026-09-02 15:36:00"
a1430c70-5fcf-40bc-a0f4-09739131699a,ab586736-c021-45c8-bca4-d3108ce166a8,d8ef2c64-a2d9-429a-ba72-8335474072f4,high,score_penalized,"Synthetic case for presentation: 3 events observed, severity=high, outcome=score_penalized.",90b1b286-043f-4b76-92e4-23c74608f5ea,"2026-08-31 15:00:00"
99711656-228b-4740-9b44-9f8aad2aac7d,ab586736-c021-45c8-bca4-d3108ce166a8,11abaf5d-fa25-4ba1-b1df-19e2a54c553f,low,pending,"Synthetic case for presentation: 1 events observed, severity=low, outcome=pending.",,
6ba51665-f1c8-45cf-b107-0e4f1373356d,ab586736-c021-45c8-bca4-d3108ce166a8,cdb4c967-bb2d-4172-9543-a1a55390daa8,high,score_penalized,"Synthetic case for presentation: 2 events observed, severity=high, outcome=score_penalized.",b97e64e8-82a4-441b-8095-0b8fff3d76f2,"2026-09-02 15:18:00"
b9d0b163-3a08-42be-8735-f795c014b001,ab586736-c021-45c8-bca4-d3108ce166a8,fff772d9-80ed-4455-b78f-5758536bed91,high,score_penalized,"Synthetic case for presentation: 3 events observed, severity=high, outcome=score_penalized.",b97e64e8-82a4-441b-8095-0b8fff3d76f2,"2026-09-03 15:27:00"
03e9ba4d-c04a-4830-9cf9-a97f610b6017,ab586736-c021-45c8-bca4-d3108ce166a8,34c888a1-dbc2-4464-9561-55f2df271236,low,pending,"Synthetic case for presentation: 1 events observed, severity=low, outcome=pending.",,
1751fbd6-7b36-4fae-98af-b04f6cdd553a,56dc9b84-7a55-4db3-b542-3eaa75527705,f6029aed-9205-475a-a7b4-421e8114df4d,high,score_penalized,"Synthetic case for presentation: 2 events observed, severity=high, outcome=score_penalized.",90b1b286-043f-4b76-92e4-23c74608f5ea,"2026-09-02 15:00:00"
e7f23d2e-e398-4f65-ad73-a02eae186b24,56dc9b84-7a55-4db3-b542-3eaa75527705,b085a982-fe08-4289-9b4c-eb97e25b166d,high,score_penalized,"Synthetic case for presentation: 3 events observed, severity=high, outcome=score_penalized.",31de95ba-0ccd-43fe-94cf-bb0055184b8b,"2026-09-03 15:09:00"
4898fe96-ecf3-43c6-a516-b6f95bc4d321,56dc9b84-7a55-4db3-b542-3eaa75527705,a4e957a2-138c-4ab4-979b-0cc938ab9437,low,pending,"Synthetic case for presentation: 1 events observed, severity=low, outcome=pending.",,
6ca54b5f-5cc7-426b-b171-fa8a131291cf,56dc9b84-7a55-4db3-b542-3eaa75527705,28b28a3b-26db-428d-947b-ddbe80739618,medium,warned,"Synthetic case for presentation: 2 events observed, severity=medium, outcome=warned.",31de95ba-0ccd-43fe-94cf-bb0055184b8b,"2026-09-05 15:27:00"
0dce7097-8573-48f0-83d3-4f32fd74a5a9,56dc9b84-7a55-4db3-b542-3eaa75527705,6cca47ca-46d5-4fbb-aea8-df4911cb53a3,high,score_penalized,"Synthetic case for presentation: 3 events observed, severity=high, outcome=score_penalized.",90b1b286-043f-4b76-92e4-23c74608f5ea,"2026-09-06 15:36:00"
b49ce186-7a6b-4474-94fe-57577c9cb8aa,e1c88aef-f0ba-48e5-902e-75ef441ba93e,d6309d52-aec4-49c8-b4a6-914c8793a40c,low,pending,"Synthetic case for presentation: 1 events observed, severity=low, outcome=pending.",,
349be722-9e82-4f6e-a3c1-314571847aa3,e1c88aef-f0ba-48e5-902e-75ef441ba93e,1ac0c4c0-c805-4d18-8d91-d492f6eb85d3,medium,warned,"Synthetic case for presentation: 2 events observed, severity=medium, outcome=warned.",360002e0-bbcf-45be-a9f4-aa04b8b7de5c,"2026-09-05 15:09:00"
0bb4a7b2-3944-4794-b3e9-d5c295a6d1e0,e1c88aef-f0ba-48e5-902e-75ef441ba93e,5a5111b9-d184-498a-915a-f96d87306f0e,high,score_penalized,"Synthetic case for presentation: 3 events observed, severity=high, outcome=score_penalized.",360002e0-bbcf-45be-a9f4-aa04b8b7de5c,"2026-09-06 15:18:00"
7abcf267-9969-4d4e-8e4d-ec3c0a0ee789,e1c88aef-f0ba-48e5-902e-75ef441ba93e,d7183314-7ffd-41db-8365-af8340c0c7d0,high,score_penalized,"Synthetic case for presentation: 1 events observed, severity=high, outcome=score_penalized.",360002e0-bbcf-45be-a9f4-aa04b8b7de5c,"2026-09-07 15:27:00"
701c30c3-ac70-445a-97dd-bcf8777049d5,e1c88aef-f0ba-48e5-902e-75ef441ba93e,a05db285-3195-4af1-9960-a457b31ace04,medium,warned,"Synthetic case for presentation: 2 events observed, severity=medium, outcome=warned.",90b1b286-043f-4b76-92e4-23c74608f5ea,"2026-09-08 15:36:00"
a4801c0c-d561-431c-a95a-14baa745a78c,f2dcfea6-08f2-4777-8240-28e75ac6f871,a7e91d2f-47ea-4dbb-95d9-c95c8c7c70e8,high,score_penalized,"Synthetic case for presentation: 3 events observed, severity=high, outcome=score_penalized.",90b1b286-043f-4b76-92e4-23c74608f5ea,"2026-09-06 15:00:00"
f8709d8a-48d7-4544-ad9d-c92ad864e16d,f2dcfea6-08f2-4777-8240-28e75ac6f871,c1633127-c4ff-4bcd-95f7-88bb1fe685da,high,score_penalized,"Synthetic case for presentation: 1 events observed, severity=high, outcome=score_penalized.",9369964d-5909-4161-a16d-0434ca731675,"2026-09-07 15:09:00"
eea74973-b44d-4d04-ba89-3b906f3bf7d8,f2dcfea6-08f2-4777-8240-28e75ac6f871,79251698-6e92-482c-81ee-48cd95540a5c,medium,warned,"Synthetic case for presentation: 2 events observed, severity=medium, outcome=warned.",9369964d-5909-4161-a16d-0434ca731675,"2026-09-08 15:18:00"
b30e57ae-7f23-417c-97cb-8a4a17e1d332,f2dcfea6-08f2-4777-8240-28e75ac6f871,b1523fb1-495f-401e-ba7c-e3087153d756,critical,invalidated,"Synthetic case for presentation: 3 events observed, severity=critical, outcome=invalidated.",9369964d-5909-4161-a16d-0434ca731675,"2026-09-09 15:27:00"
e3e630b8-8ab7-4afe-b47f-5c54cc0d6c02,f2dcfea6-08f2-4777-8240-28e75ac6f871,aa1fc9b2-f64a-45ed-a2cc-ab2af44e556b,low,pending,"Synthetic case for presentation: 1 events observed, severity=low, outcome=pending.",,
48b74982-d8b5-424f-87d7-37a7496b52ff,b31d3b3f-12f4-4e30-a64d-77b7bb6cfe52,dc8b6685-2879-4ad6-af89-875d4cc91f95,medium,warned,"Synthetic case for presentation: 2 events observed, severity=medium, outcome=warned.",90b1b286-043f-4b76-92e4-23c74608f5ea,"2026-09-08 15:00:00"
eb2469d3-7b5f-4c42-9c88-bdb1db142a09,b31d3b3f-12f4-4e30-a64d-77b7bb6cfe52,872b07d4-57c2-48af-b576-41a5316ef580,critical,invalidated,"Synthetic case for presentation: 3 events observed, severity=critical, outcome=invalidated.",a35aa0b2-2c5b-411e-b734-f802b3c66b2b,"2026-09-09 15:09:00"
4dbf7f06-6495-4534-8099-205b6e3f27b4,b31d3b3f-12f4-4e30-a64d-77b7bb6cfe52,d2e2f4a1-8672-4df3-afd9-a4cb956b28d9,low,pending,"Synthetic case for presentation: 1 events observed, severity=low, outcome=pending.",,
23554bbe-dc5b-4705-b3e5-400c4e729e41,b31d3b3f-12f4-4e30-a64d-77b7bb6cfe52,e6655b0c-df09-4474-824a-1f3181191656,medium,warned,"Synthetic case for presentation: 2 events observed, severity=medium, outcome=warned.",a35aa0b2-2c5b-411e-b734-f802b3c66b2b,"2026-09-11 15:27:00"
6defb672-11ea-495c-8285-0d659f44b4f9,b31d3b3f-12f4-4e30-a64d-77b7bb6cfe52,f84e9c4d-c4a4-44ad-ad0e-32aa70ee627a,high,score_penalized,"Synthetic case for presentation: 3 events observed, severity=high, outcome=score_penalized.",90b1b286-043f-4b76-92e4-23c74608f5ea,"2026-09-12 15:36:00"
135e0420-5955-44e4-aaa2-6cad3f7d39c6,b5326c40-481f-4ef5-9e24-1927b38c054c,bb378db7-83b8-4a47-83f4-524e18454f70,low,pending,"Synthetic case for presentation: 1 events observed, severity=low, outcome=pending.",,
6e582e97-3066-4e29-ab35-3f3cfcf882cd,b5326c40-481f-4ef5-9e24-1927b38c054c,57c4eaa5-11dd-44a9-ae64-79efc2008c0a,medium,warned,"Synthetic case for presentation: 2 events observed, severity=medium, outcome=warned.",dc9581fc-fa9d-4e78-a155-4d6f10cb3204,"2026-09-11 15:09:00"
da419bc5-6f11-4152-ac10-3597a7946365,b5326c40-481f-4ef5-9e24-1927b38c054c,df5ce82a-dd66-4ebb-91e9-c98835d2bf1a,high,score_penalized,"Synthetic case for presentation: 3 events observed, severity=high, outcome=score_penalized.",dc9581fc-fa9d-4e78-a155-4d6f10cb3204,"2026-09-12 15:18:00"
725b5b96-a688-4edf-8258-9e8a89824210,b5326c40-481f-4ef5-9e24-1927b38c054c,364aa9dd-63f1-4002-8d85-44cd195a9c76,low,pending,"Synthetic case for presentation: 1 events observed, severity=low, outcome=pending.",,
8f690e09-bf66-427c-95c4-c5e41a5f084c,b5326c40-481f-4ef5-9e24-1927b38c054c,c9f9c94d-8156-4a7d-a603-63e339fb78e8,high,score_penalized,"Synthetic case for presentation: 2 events observed, severity=high, outcome=score_penalized.",90b1b286-043f-4b76-92e4-23c74608f5ea,"2026-09-14 15:36:00"
0e98b936-9e84-4ce8-87fb-681c5e6fdade,c6621486-5e77-4f1d-bc7f-a392a69e7e83,dc65081a-9714-4bca-88e1-f30cee2e49b4,high,score_penalized,"Synthetic case for presentation: 3 events observed, severity=high, outcome=score_penalized.",90b1b286-043f-4b76-92e4-23c74608f5ea,"2026-09-12 15:00:00"
14e9700d-9043-45e3-b24e-6765e4690253,c6621486-5e77-4f1d-bc7f-a392a69e7e83,153e312e-67a2-41d2-bb9e-c50222839fe8,low,pending,"Synthetic case for presentation: 1 events observed, severity=low, outcome=pending.",,
8654da11-73e2-4077-9a29-12aadfe6983e,c6621486-5e77-4f1d-bc7f-a392a69e7e83,95c9fb3f-f278-483d-9054-1c5a32a2c37d,high,score_penalized,"Synthetic case for presentation: 2 events observed, severity=high, outcome=score_penalized.",84a5c2ea-2e43-4beb-9eb3-a171af8c5872,"2026-09-14 15:18:00"
cc7014f1-da2b-451b-9ee2-0e24e77502f1,c6621486-5e77-4f1d-bc7f-a392a69e7e83,1ca08f0c-ea5c-4877-8da3-4e2b94008942,high,score_penalized,"Synthetic case for presentation: 3 events observed, severity=high, outcome=score_penalized.",84a5c2ea-2e43-4beb-9eb3-a171af8c5872,"2026-09-15 15:27:00"
0141c278-6fd5-46ce-b5e4-5fec33f47d2c,c6621486-5e77-4f1d-bc7f-a392a69e7e83,b2706ece-72e2-4530-a1c2-2871536d4da2,low,pending,"Synthetic case for presentation: 1 events observed, severity=low, outcome=pending.",,
7bcea185-6853-4b22-8d8c-667b21baa43c,b3232eb5-e0bb-4fc9-8621-7c4d476b0620,1a77dd40-6565-4c48-949e-d2ded4525a80,high,score_penalized,"Synthetic case for presentation: 2 events observed, severity=high, outcome=score_penalized.",90b1b286-043f-4b76-92e4-23c74608f5ea,"2026-09-14 15:00:00"
155df4b3-d853-44fe-a4c6-b6c5bde8c4c7,b3232eb5-e0bb-4fc9-8621-7c4d476b0620,bdf3b95b-61bb-46a5-802f-2dba0860d0cc,high,score_penalized,"Synthetic case for presentation: 3 events observed, severity=high, outcome=score_penalized.",52b61f08-2bb6-47b9-bc71-39a1f72c0bca,"2026-09-15 15:09:00"
4f0ec533-10ba-41a1-a6f5-1b8e6efa7c1a,b3232eb5-e0bb-4fc9-8621-7c4d476b0620,6287272f-f146-4241-9bd9-337f30845873,low,pending,"Synthetic case for presentation: 1 events observed, severity=low, outcome=pending.",,
95aac259-1b10-4916-9ba6-d34b59e5aee0,b3232eb5-e0bb-4fc9-8621-7c4d476b0620,bc427dc7-7fbf-4a23-a7a0-136edb45a06d,medium,warned,"Synthetic case for presentation: 2 events observed, severity=medium, outcome=warned.",52b61f08-2bb6-47b9-bc71-39a1f72c0bca,"2026-09-17 15:27:00"
b4dcb031-0359-4499-8550-a8f50cfa1872,b3232eb5-e0bb-4fc9-8621-7c4d476b0620,2b242d22-005c-44f7-9360-92fc9c6e5a78,high,score_penalized,"Synthetic case for presentation: 3 events observed, severity=high, outcome=score_penalized.",90b1b286-043f-4b76-92e4-23c74608f5ea,"2026-09-18 15:36:00"
f705243c-d2de-460f-bb93-80861195a4f1,2dc03a14-0f5c-41ca-aed1-e1f4d3ef4c1f,82b1b262-ca5b-4262-93d9-1e8a496372dc,low,pending,"Synthetic case for presentation: 1 events observed, severity=low, outcome=pending.",,
b7891943-a5b9-4df2-8fe0-52953c7a8ade,2dc03a14-0f5c-41ca-aed1-e1f4d3ef4c1f,fb3271d4-9ec9-4b4c-b154-72b1c6d6d88b,medium,warned,"Synthetic case for presentation: 2 events observed, severity=medium, outcome=warned.",f3202500-c034-4b79-9868-bb014532b0c8,"2026-09-17 15:09:00"
76f1dbf1-2bb5-4f94-b6d3-066382fac8a1,2dc03a14-0f5c-41ca-aed1-e1f4d3ef4c1f,b06cfd4b-47dc-4a73-a105-d1a81e531f7d,high,score_penalized,"Synthetic case for presentation: 3 events observed, severity=high, outcome=score_penalized.",f3202500-c034-4b79-9868-bb014532b0c8,"2026-09-18 15:18:00"
d267cf57-6248-4dad-bcd5-f851d2f8c435,2dc03a14-0f5c-41ca-aed1-e1f4d3ef4c1f,98fa2102-ec9e-4f2b-b28c-d719f2cebc0a,high,score_penalized,"Synthetic case for presentation: 1 events observed, severity=high, outcome=score_penalized.",f3202500-c034-4b79-9868-bb014532b0c8,"2026-09-19 15:27:00"
9145dfc6-4630-41ec-8aa2-2ad14d3d4045,2dc03a14-0f5c-41ca-aed1-e1f4d3ef4c1f,dc49bb65-8b2b-4c67-838a-a46113d22ed1,medium,warned,"Synthetic case for presentation: 2 events observed, severity=medium, outcome=warned.",90b1b286-043f-4b76-92e4-23c74608f5ea,"2026-08-26 15:36:00"
461b8ba4-6ed4-406d-be6a-99efb86ac22e,25457cad-c773-4231-82d5-32d258a68e37,b1276b71-3ecb-42b2-bc63-6a940300bb44,high,score_penalized,"Synthetic case for presentation: 3 events observed, severity=high, outcome=score_penalized.",90b1b286-043f-4b76-92e4-23c74608f5ea,"2026-09-18 15:00:00"
06d0d683-9e82-4f8e-919f-77d8a06d3251,25457cad-c773-4231-82d5-32d258a68e37,fa32c24f-dfac-4d07-986f-b1b2b10e4db9,high,score_penalized,"Synthetic case for presentation: 1 events observed, severity=high, outcome=score_penalized.",60f7dd36-7318-4a79-9352-9365d8251049,"2026-09-19 15:09:00"
0f7c5fbf-ba9d-4c6f-b4f8-080591608b02,25457cad-c773-4231-82d5-32d258a68e37,89ec2e12-c997-49f9-810a-3770642b9d90,medium,warned,"Synthetic case for presentation: 2 events observed, severity=medium, outcome=warned.",60f7dd36-7318-4a79-9352-9365d8251049,"2026-08-26 15:18:00"
0414b3dc-6afd-4630-9c3a-a1e3d4daa664,25457cad-c773-4231-82d5-32d258a68e37,554d5bdc-c959-4404-b846-4df17aaf231c,critical,invalidated,"Synthetic case for presentation: 3 events observed, severity=critical, outcome=invalidated.",60f7dd36-7318-4a79-9352-9365d8251049,"2026-08-27 15:27:00"
2b97d9f3-fca5-4141-83b1-24dfb734847f,25457cad-c773-4231-82d5-32d258a68e37,5ad1b336-c8c8-4624-a94b-4dfc5e07b30f,low,pending,"Synthetic case for presentation: 1 events observed, severity=low, outcome=pending.",,
d1bd7cb0-4f45-4f8c-85be-45107182cfc9,d0600d3a-dd5a-472d-a880-b1595411a562,1375428c-3000-4257-89f3-1f738c3a782c,medium,warned,"Synthetic case for presentation: 2 events observed, severity=medium, outcome=warned.",90b1b286-043f-4b76-92e4-23c74608f5ea,"2026-08-26 15:00:00"
bfc5d1c5-4318-454d-a0f8-1c0cba63bd78,d0600d3a-dd5a-472d-a880-b1595411a562,cb38d881-a3e6-4ae7-b715-1e0a6bd8e48c,critical,invalidated,"Synthetic case for presentation: 3 events observed, severity=critical, outcome=invalidated.",b11f1ecb-a2f7-4fff-80e4-dea777fdd0b9,"2026-08-27 15:09:00"
76929730-bfe6-468d-91e0-0f36634b097c,d0600d3a-dd5a-472d-a880-b1595411a562,eb431bbe-9089-4ea5-9290-5a711a3850d7,low,pending,"Synthetic case for presentation: 1 events observed, severity=low, outcome=pending.",,
e4fcc774-a316-4aad-9c4c-3670ea847dec,d0600d3a-dd5a-472d-a880-b1595411a562,e8fdaaa1-c882-4a3e-9f3c-408ff3ed36b7,medium,warned,"Synthetic case for presentation: 2 events observed, severity=medium, outcome=warned.",b11f1ecb-a2f7-4fff-80e4-dea777fdd0b9,"2026-08-29 15:27:00"
fb048472-26fe-47b0-928e-6905f04cbd2e,d0600d3a-dd5a-472d-a880-b1595411a562,8c4670a0-6656-49f5-9505-4b7784fe5ae1,high,score_penalized,"Synthetic case for presentation: 3 events observed, severity=high, outcome=score_penalized.",90b1b286-043f-4b76-92e4-23c74608f5ea,"2026-08-30 15:36:00"
afa49d56-6f99-4760-b074-275e5160ba28,39f06b63-e3a9-4d75-8014-09ef190d6145,ab0e4119-81d4-47ca-a098-56a4cd64a45d,low,pending,"Synthetic case for presentation: 1 events observed, severity=low, outcome=pending.",,
fc4788d7-5786-41da-a35a-dd786d5192d8,39f06b63-e3a9-4d75-8014-09ef190d6145,3d0607dc-79c9-4ed0-8908-f497d6c0db0e,medium,warned,"Synthetic case for presentation: 2 events observed, severity=medium, outcome=warned.",295bd122-1bf5-43a1-b715-938a9dacb0a7,"2026-08-29 15:09:00"
610bde30-83ff-40c3-b65b-723275421b16,39f06b63-e3a9-4d75-8014-09ef190d6145,8bf4ec71-cbba-4b6a-b506-962f2aa06606,high,score_penalized,"Synthetic case for presentation: 3 events observed, severity=high, outcome=score_penalized.",295bd122-1bf5-43a1-b715-938a9dacb0a7,"2026-08-30 15:18:00"
29dcee9c-2390-4ac0-8b94-0bf71ace55a8,39f06b63-e3a9-4d75-8014-09ef190d6145,c9715af7-08b7-4ebe-ad95-91a11f871a93,low,pending,"Synthetic case for presentation: 1 events observed, severity=low, outcome=pending.",,
14037f0c-9c47-47f1-a5c2-88e5d0dddf5c,39f06b63-e3a9-4d75-8014-09ef190d6145,31a6a1da-8f1a-4782-b9bf-40f4de8af562,high,score_penalized,"Synthetic case for presentation: 2 events observed, severity=high, outcome=score_penalized.",90b1b286-043f-4b76-92e4-23c74608f5ea,"2026-09-01 15:36:00"
476d4495-b9e0-4e2b-a6ff-8f9120349ac6,8bf6674d-dbfd-4e7b-a79a-1e7c29c341f4,b9ed3434-0647-45fd-9033-e285f536809a,high,score_penalized,"Synthetic case for presentation: 3 events observed, severity=high, outcome=score_penalized.",90b1b286-043f-4b76-92e4-23c74608f5ea,"2026-08-30 15:00:00"
3ad1dbd2-a581-4360-96d0-9e6436efe1b6,8bf6674d-dbfd-4e7b-a79a-1e7c29c341f4,05b5d476-d20e-4920-9037-5b9155aaf96f,low,pending,"Synthetic case for presentation: 1 events observed, severity=low, outcome=pending.",,
4c95cfa2-927a-496e-ae72-1f18bffe2469,8bf6674d-dbfd-4e7b-a79a-1e7c29c341f4,c9c13d54-ce39-47d2-b238-9d2e5f59cfc4,high,score_penalized,"Synthetic case for presentation: 2 events observed, severity=high, outcome=score_penalized.",4c3e79c5-e495-476d-8fea-8f88924ed6ed,"2026-09-01 15:18:00"
8334c660-d7f8-4f13-ba88-a7b103946e20,8bf6674d-dbfd-4e7b-a79a-1e7c29c341f4,7e391e50-c31c-45eb-b681-d019f6ae6bbe,high,score_penalized,"Synthetic case for presentation: 3 events observed, severity=high, outcome=score_penalized.",4c3e79c5-e495-476d-8fea-8f88924ed6ed,"2026-09-02 15:27:00"
6e475081-a8b9-4fcd-a30c-f7bf31921c00,8bf6674d-dbfd-4e7b-a79a-1e7c29c341f4,45482482-b5d7-4f42-9773-588a5a874d7d,low,pending,"Synthetic case for presentation: 1 events observed, severity=low, outcome=pending.",,
17e371fd-1d81-48ab-b592-34bf0b38efca,9c5aa373-dedd-42e3-8855-df4c07be2873,39bd8214-068d-42dd-a7e9-c11cd17bebd9,high,score_penalized,"Synthetic case for presentation: 2 events observed, severity=high, outcome=score_penalized.",90b1b286-043f-4b76-92e4-23c74608f5ea,"2026-09-01 15:00:00"
60b11b24-34ac-4067-b199-4179d7cd9c05,9c5aa373-dedd-42e3-8855-df4c07be2873,24057638-491b-453f-9cde-056c2991b92f,high,score_penalized,"Synthetic case for presentation: 3 events observed, severity=high, outcome=score_penalized.",823c7973-5010-4c9c-af33-2f16b1a16605,"2026-09-02 15:09:00"
fec86969-5820-466c-904b-2fba344bfe06,9c5aa373-dedd-42e3-8855-df4c07be2873,90c99344-2cf9-44fd-bea4-0d5f45f62455,low,pending,"Synthetic case for presentation: 1 events observed, severity=low, outcome=pending.",,
459d4010-4b9b-462f-81e6-948ee3083cb1,9c5aa373-dedd-42e3-8855-df4c07be2873,11bdc6d4-037c-47a7-96ed-0cd3b9eaa61c,medium,warned,"Synthetic case for presentation: 2 events observed, severity=medium, outcome=warned.",823c7973-5010-4c9c-af33-2f16b1a16605,"2026-09-04 15:27:00"
3343010c-ea2e-4a59-a32a-bda7862e4088,9c5aa373-dedd-42e3-8855-df4c07be2873,45ec64d2-9787-44a1-aaeb-0f6d3c9eccba,high,score_penalized,"Synthetic case for presentation: 3 events observed, severity=high, outcome=score_penalized.",90b1b286-043f-4b76-92e4-23c74608f5ea,"2026-09-05 15:36:00"
4ce2a757-6620-4460-8d37-7d3c39d562b6,3c118689-915e-46a6-afc7-47b1ed352737,17c6cddf-83c1-4b7e-a4d4-527844eff3bc,low,pending,"Synthetic case for presentation: 1 events observed, severity=low, outcome=pending.",,
142488f1-e38b-4d04-8b15-04dd1e3823c5,3c118689-915e-46a6-afc7-47b1ed352737,bf1617f9-2e3d-4fdf-b1a9-5cea870bb342,medium,warned,"Synthetic case for presentation: 2 events observed, severity=medium, outcome=warned.",ce949283-62ac-428c-a9bb-645837e79ed4,"2026-09-04 15:09:00"
6c8c3780-c72d-4b1b-a2c1-28713e4d72da,3c118689-915e-46a6-afc7-47b1ed352737,b9cba548-443d-4c99-9d52-dbdda87eeb4d,high,score_penalized,"Synthetic case for presentation: 3 events observed, severity=high, outcome=score_penalized.",ce949283-62ac-428c-a9bb-645837e79ed4,"2026-09-05 15:18:00"
2ebbc705-e4f4-4ea7-8b8d-82427ef0df16,3c118689-915e-46a6-afc7-47b1ed352737,c621484f-be19-47dd-99f9-ea27b91593d2,high,score_penalized,"Synthetic case for presentation: 1 events observed, severity=high, outcome=score_penalized.",ce949283-62ac-428c-a9bb-645837e79ed4,"2026-09-06 15:27:00"
f865b8cf-5c88-4609-aa21-30ad548d60bb,3c118689-915e-46a6-afc7-47b1ed352737,38c2957f-106f-4036-95f5-9b0eb8ba6240,medium,warned,"Synthetic case for presentation: 2 events observed, severity=medium, outcome=warned.",90b1b286-043f-4b76-92e4-23c74608f5ea,"2026-09-07 15:36:00"
57344881-d2b2-4b5b-a935-9bfd379698d4,08d549f8-7ccb-4ad1-a693-1cc6d408af06,681158f0-8811-4dc6-b927-6e57d094e55c,high,score_penalized,"Synthetic case for presentation: 3 events observed, severity=high, outcome=score_penalized.",90b1b286-043f-4b76-92e4-23c74608f5ea,"2026-09-05 15:00:00"
33a207e0-c981-4cb0-b344-9a7c52301014,08d549f8-7ccb-4ad1-a693-1cc6d408af06,bac825fc-1963-466b-b59f-05bd6a6c1672,high,score_penalized,"Synthetic case for presentation: 1 events observed, severity=high, outcome=score_penalized.",abdd52d3-f684-47f1-a2af-1732c27972f7,"2026-09-06 15:09:00"
5110e02e-84f0-46af-9bf0-7da31fa38676,08d549f8-7ccb-4ad1-a693-1cc6d408af06,a253697c-d5e1-4906-bd15-f86d54c98ea8,medium,warned,"Synthetic case for presentation: 2 events observed, severity=medium, outcome=warned.",abdd52d3-f684-47f1-a2af-1732c27972f7,"2026-09-07 15:18:00"
700ea659-7b37-498e-bae5-d30b46e2286a,08d549f8-7ccb-4ad1-a693-1cc6d408af06,d195b791-6b6d-4cc6-b523-1533809b9cf6,critical,invalidated,"Synthetic case for presentation: 3 events observed, severity=critical, outcome=invalidated.",abdd52d3-f684-47f1-a2af-1732c27972f7,"2026-09-08 15:27:00"
a3ea7c8f-8e0f-4a2a-81a7-544a8ca821db,08d549f8-7ccb-4ad1-a693-1cc6d408af06,e604886a-9933-427a-a75f-06ef7987eb6c,low,pending,"Synthetic case for presentation: 1 events observed, severity=low, outcome=pending.",,
7fc43751-c2de-4db4-a669-4dd589a6c037,c97e36af-eb20-4d87-b0dd-29817ac94b77,91e222cf-d3d6-4e41-bed0-4f48267ec566,medium,warned,"Synthetic case for presentation: 2 events observed, severity=medium, outcome=warned.",90b1b286-043f-4b76-92e4-23c74608f5ea,"2026-09-07 15:00:00"
7bffe13b-a07b-42d7-aabb-12bb1a7f7b02,c97e36af-eb20-4d87-b0dd-29817ac94b77,4488668d-c03d-4e85-bee2-74d7190947b9,critical,invalidated,"Synthetic case for presentation: 3 events observed, severity=critical, outcome=invalidated.",3b773a92-57f2-495d-8996-efbf7885beba,"2026-09-08 15:09:00"
3ed89034-b838-4d0b-9096-92387ed0073e,c97e36af-eb20-4d87-b0dd-29817ac94b77,d0a9ba57-11a2-4f1b-90cd-a25e3feda50e,low,pending,"Synthetic case for presentation: 1 events observed, severity=low, outcome=pending.",,
34a2607c-554b-49fd-8e2c-8b98380054cb,c97e36af-eb20-4d87-b0dd-29817ac94b77,35e95bdd-3d4b-40fa-a977-2d558fa78da4,medium,warned,"Synthetic case for presentation: 2 events observed, severity=medium, outcome=warned.",3b773a92-57f2-495d-8996-efbf7885beba,"2026-09-10 15:27:00"
c97399ad-6461-4005-b0f3-963e7eedd070,c97e36af-eb20-4d87-b0dd-29817ac94b77,b6101ae4-4887-405a-9fa6-4a9bd2e7cc99,high,score_penalized,"Synthetic case for presentation: 3 events observed, severity=high, outcome=score_penalized.",90b1b286-043f-4b76-92e4-23c74608f5ea,"2026-09-11 15:36:00"
cb3b5634-42aa-419e-8878-03b4cf13b6fc,5c52d059-c339-47ef-831e-cb2d5919a499,77b4f2c3-091c-4e56-a788-6d026f720652,low,pending,"Synthetic case for presentation: 1 events observed, severity=low, outcome=pending.",,
c225d2b4-ab61-4221-be07-75bcda2949ad,5c52d059-c339-47ef-831e-cb2d5919a499,1607d8f3-338b-4840-92d5-6471dc78f2d3,medium,warned,"Synthetic case for presentation: 2 events observed, severity=medium, outcome=warned.",3d928acd-e676-4fd4-829d-48b73da83ebf,"2026-09-10 15:09:00"
fc173522-47fd-41f1-aafe-193c4ef0d163,5c52d059-c339-47ef-831e-cb2d5919a499,b64f5153-9e6a-495f-9224-1946faa65685,high,score_penalized,"Synthetic case for presentation: 3 events observed, severity=high, outcome=score_penalized.",3d928acd-e676-4fd4-829d-48b73da83ebf,"2026-09-11 15:18:00"
a2d7aa78-ec67-48d0-8e12-5386a665041c,5c52d059-c339-47ef-831e-cb2d5919a499,2c981f19-7108-4e3d-bf10-7d827028e84e,low,pending,"Synthetic case for presentation: 1 events observed, severity=low, outcome=pending.",,
9b877045-6aa4-4e91-b59f-76746cf285ae,5c52d059-c339-47ef-831e-cb2d5919a499,bd7cfa23-890d-47e8-934c-c653c5cc96d7,high,score_penalized,"Synthetic case for presentation: 2 events observed, severity=high, outcome=score_penalized.",90b1b286-043f-4b76-92e4-23c74608f5ea,"2026-09-13 15:36:00"
0db17094-e7fa-4712-9b69-47e11250e17b,7dec7fff-e0d2-42b7-917e-7ccb14b9781f,d6194695-d3e3-4959-8f2c-f0df5ff9411e,high,score_penalized,"Synthetic case for presentation: 3 events observed, severity=high, outcome=score_penalized.",90b1b286-043f-4b76-92e4-23c74608f5ea,"2026-09-11 15:00:00"
a0f5f71f-f50f-4f11-be4e-ac43090ba811,7dec7fff-e0d2-42b7-917e-7ccb14b9781f,e9bad4db-61e9-44a3-afd6-d2847a8dd5db,low,pending,"Synthetic case for presentation: 1 events observed, severity=low, outcome=pending.",,
6c6a0222-51ea-453f-823d-ad44809b562c,7dec7fff-e0d2-42b7-917e-7ccb14b9781f,c85ed832-dddb-4e33-b62e-729ad28c0f44,high,score_penalized,"Synthetic case for presentation: 2 events observed, severity=high, outcome=score_penalized.",fe7d4685-3c5f-4934-869e-b8c77a2a7f59,"2026-09-13 15:18:00"
1a827468-098f-4e6d-829e-9697ccbc3460,7dec7fff-e0d2-42b7-917e-7ccb14b9781f,b0c7d128-5126-40f5-b50a-c38ec9c38a3d,high,score_penalized,"Synthetic case for presentation: 3 events observed, severity=high, outcome=score_penalized.",fe7d4685-3c5f-4934-869e-b8c77a2a7f59,"2026-09-14 15:27:00"
ac75c2ea-6894-4497-ab49-f6e3fbcbb799,7dec7fff-e0d2-42b7-917e-7ccb14b9781f,e7583369-195c-4750-b9e0-a8ab08661235,low,pending,"Synthetic case for presentation: 1 events observed, severity=low, outcome=pending.",,
047c5335-1dba-4dd6-ad56-fcb065d3962e,922d45f1-13ef-4e6c-906e-4f7cc3595f60,fa9d79b6-ca1a-42ac-890b-8f598db89fd4,high,score_penalized,"Synthetic case for presentation: 2 events observed, severity=high, outcome=score_penalized.",90b1b286-043f-4b76-92e4-23c74608f5ea,"2026-09-13 15:00:00"
4516f5f8-e2cd-4377-8af6-ab4e24bc8f5b,922d45f1-13ef-4e6c-906e-4f7cc3595f60,786ec0a8-9bae-4df8-933f-08eaa44eca13,high,score_penalized,"Synthetic case for presentation: 3 events observed, severity=high, outcome=score_penalized.",e8567c4d-27bc-4edd-bc94-30412a1e8343,"2026-09-14 15:09:00"
79b4b57c-a204-4228-8a03-40abe23e87b6,922d45f1-13ef-4e6c-906e-4f7cc3595f60,58f42619-70ee-4b31-b199-f15a8fd12aff,low,pending,"Synthetic case for presentation: 1 events observed, severity=low, outcome=pending.",,
8a4cd5f7-aeef-4d0d-bd7c-cead74263fe6,922d45f1-13ef-4e6c-906e-4f7cc3595f60,e923de45-7ab3-4e30-a15b-941c8161cf3b,medium,warned,"Synthetic case for presentation: 2 events observed, severity=medium, outcome=warned.",e8567c4d-27bc-4edd-bc94-30412a1e8343,"2026-09-16 15:27:00"
7e891bad-4e7b-4790-9631-4db8b04415b0,922d45f1-13ef-4e6c-906e-4f7cc3595f60,b8df8c01-68ee-46a7-9718-22f4b51800bf,high,score_penalized,"Synthetic case for presentation: 3 events observed, severity=high, outcome=score_penalized.",90b1b286-043f-4b76-92e4-23c74608f5ea,"2026-09-17 15:36:00"
c34d6046-2701-4785-a5ed-fdd837bb9134,53c2dbee-3aa8-4a7b-ae82-c4a8e6edf7fe,deb43eee-8660-41cc-910c-133cc2d3c417,low,pending,"Synthetic case for presentation: 1 events observed, severity=low, outcome=pending.",,
d738c6bf-fef2-4f63-b822-68b04b6edbf5,53c2dbee-3aa8-4a7b-ae82-c4a8e6edf7fe,d4343c7e-6835-471d-85ee-46facd4cea60,medium,warned,"Synthetic case for presentation: 2 events observed, severity=medium, outcome=warned.",fa70d9a0-62b6-4408-88b3-e40a7748454f,"2026-09-16 15:09:00"
bc8edcd4-a62e-4dca-bffe-62232b2ab855,53c2dbee-3aa8-4a7b-ae82-c4a8e6edf7fe,d59ec089-e89f-4ac8-952d-f205d1bce343,high,score_penalized,"Synthetic case for presentation: 3 events observed, severity=high, outcome=score_penalized.",fa70d9a0-62b6-4408-88b3-e40a7748454f,"2026-09-17 15:18:00"
5c38b719-b76b-4c52-ae10-451927d31eee,53c2dbee-3aa8-4a7b-ae82-c4a8e6edf7fe,f3b3ff68-ffcc-44b7-8c07-cd491d311661,high,score_penalized,"Synthetic case for presentation: 1 events observed, severity=high, outcome=score_penalized.",fa70d9a0-62b6-4408-88b3-e40a7748454f,"2026-09-18 15:27:00"
ca492f58-ec97-4c88-b11f-b654e8909780,53c2dbee-3aa8-4a7b-ae82-c4a8e6edf7fe,26802524-dc45-4bba-9d40-da89f290daf8,medium,warned,"Synthetic case for presentation: 2 events observed, severity=medium, outcome=warned.",90b1b286-043f-4b76-92e4-23c74608f5ea,"2026-09-19 15:36:00"
081f9405-e84f-4afa-843a-b3d10ceaa96d,91bec96a-b2ff-40ad-80df-4c378b9c1c3c,4463bb3b-77a5-4a50-b503-3dfd960765bb,high,score_penalized,"Synthetic case for presentation: 3 events observed, severity=high, outcome=score_penalized.",90b1b286-043f-4b76-92e4-23c74608f5ea,"2026-09-17 15:00:00"
098e8657-eafe-45d5-b68d-72bab2a7b487,91bec96a-b2ff-40ad-80df-4c378b9c1c3c,77c6d95f-9988-4a15-840b-bc3ab4f67b13,high,score_penalized,"Synthetic case for presentation: 1 events observed, severity=high, outcome=score_penalized.",a9edb0a9-b6d9-4ea7-8129-46a510dd90a7,"2026-09-18 15:09:00"
c6584e82-7336-4e53-bda7-3f6cec09cbfc,91bec96a-b2ff-40ad-80df-4c378b9c1c3c,d09e8b9b-0173-4b1a-bda9-162809663693,medium,warned,"Synthetic case for presentation: 2 events observed, severity=medium, outcome=warned.",a9edb0a9-b6d9-4ea7-8129-46a510dd90a7,"2026-09-19 15:18:00"
8cf06d9a-a699-481e-8721-0cf42ff29324,91bec96a-b2ff-40ad-80df-4c378b9c1c3c,d39ecd9a-d434-454f-b5cb-d50e7adbde23,critical,invalidated,"Synthetic case for presentation: 3 events observed, severity=critical, outcome=invalidated.",a9edb0a9-b6d9-4ea7-8129-46a510dd90a7,"2026-08-26 15:27:00"
55fcd383-5519-4175-9aa4-1fa7be8b0f90,91bec96a-b2ff-40ad-80df-4c378b9c1c3c,c609f3a6-6699-4c05-83ad-53e049050f78,low,pending,"Synthetic case for presentation: 1 events observed, severity=low, outcome=pending.",,
ea14ac82-98d9-4e74-b6bc-792e74a50145,e71709e5-00f5-4280-b090-6603c6be7a9d,e1d58e70-723b-48c9-bf95-1f85888bac98,medium,warned,"Synthetic case for presentation: 2 events observed, severity=medium, outcome=warned.",90b1b286-043f-4b76-92e4-23c74608f5ea,"2026-09-19 15:00:00"
65864e27-c8bd-4be2-ad23-89f0ffc6b2a8,e71709e5-00f5-4280-b090-6603c6be7a9d,45766f47-580f-410d-9c0e-979eb975a83b,critical,invalidated,"Synthetic case for presentation: 3 events observed, severity=critical, outcome=invalidated.",99513ba5-62ec-4b34-a763-3540f88eab51,"2026-08-26 15:09:00"
f8ee1c39-cca5-4f0b-b6b4-0a9f94883d13,e71709e5-00f5-4280-b090-6603c6be7a9d,23477b07-5a93-45fc-91cc-5df9fed07ded,low,pending,"Synthetic case for presentation: 1 events observed, severity=low, outcome=pending.",,
4dc96726-08b4-44cb-9508-9c05c742073b,e71709e5-00f5-4280-b090-6603c6be7a9d,23b2a6ff-8aa3-4db0-a0f2-aeea84a40fca,medium,warned,"Synthetic case for presentation: 2 events observed, severity=medium, outcome=warned.",99513ba5-62ec-4b34-a763-3540f88eab51,"2026-08-28 15:27:00"
1758b64d-0044-4340-a6ec-87f2ce963812,e71709e5-00f5-4280-b090-6603c6be7a9d,734776a8-d7b2-459d-a989-073744b504cf,high,score_penalized,"Synthetic case for presentation: 3 events observed, severity=high, outcome=score_penalized.",90b1b286-043f-4b76-92e4-23c74608f5ea,"2026-08-29 15:36:00"
e93b7425-1078-4ec5-a690-52d7a03b428d,e14d3ed7-7f6b-4e1d-a588-327b099f3703,c324ada6-6a12-421c-bd24-b11f3ef8a535,low,pending,"Synthetic case for presentation: 1 events observed, severity=low, outcome=pending.",,
8df59a22-7c01-447d-b914-37d19d4515b5,e14d3ed7-7f6b-4e1d-a588-327b099f3703,68462c6a-1473-485a-b4e0-9d9f910d6842,medium,warned,"Synthetic case for presentation: 2 events observed, severity=medium, outcome=warned.",e36f7903-62fb-4e18-aba6-f827492e6619,"2026-08-28 15:09:00"
f3971b34-b38b-47ed-b554-2ecc09a7b5e3,e14d3ed7-7f6b-4e1d-a588-327b099f3703,6cbbd2a8-3b8c-458f-a1c8-752e664a643f,high,score_penalized,"Synthetic case for presentation: 3 events observed, severity=high, outcome=score_penalized.",e36f7903-62fb-4e18-aba6-f827492e6619,"2026-08-29 15:18:00"
cff39fe4-0811-41d8-9e5e-015d4ab927c9,e14d3ed7-7f6b-4e1d-a588-327b099f3703,77741352-e630-4e73-b523-7c49481789f9,low,pending,"Synthetic case for presentation: 1 events observed, severity=low, outcome=pending.",,
d53b3916-2d6f-4d30-ab4f-5d21a2395894,e14d3ed7-7f6b-4e1d-a588-327b099f3703,b58fa7d7-9b13-4012-b202-651df707b122,high,score_penalized,"Synthetic case for presentation: 2 events observed, severity=high, outcome=score_penalized.",90b1b286-043f-4b76-92e4-23c74608f5ea,"2026-08-31 15:36:00"
250997ae-de1e-420e-98d9-589596d5683e,e643f809-3840-4e2a-9f2c-93818242441c,97d85240-ec46-438b-a848-709fb5be4eef,high,score_penalized,"Synthetic case for presentation: 3 events observed, severity=high, outcome=score_penalized.",90b1b286-043f-4b76-92e4-23c74608f5ea,"2026-08-29 15:00:00"
4a162227-0042-4204-b315-1ef737788a3f,e643f809-3840-4e2a-9f2c-93818242441c,2c02e046-1571-45c8-9952-5055e8be2947,low,pending,"Synthetic case for presentation: 1 events observed, severity=low, outcome=pending.",,
5af1298a-47e6-4972-97cf-e9bd482d72ed,e643f809-3840-4e2a-9f2c-93818242441c,034ca072-0a91-42d9-9396-1178d79b5011,high,score_penalized,"Synthetic case for presentation: 2 events observed, severity=high, outcome=score_penalized.",ecfbf023-d1cc-41ff-aa9c-759ed3cc0a93,"2026-08-31 15:18:00"
12a45b86-263f-4b69-9aee-8ec21409ffe1,e643f809-3840-4e2a-9f2c-93818242441c,adfc61c5-13fe-4ac2-a13b-ff1b5e3954fa,high,score_penalized,"Synthetic case for presentation: 3 events observed, severity=high, outcome=score_penalized.",ecfbf023-d1cc-41ff-aa9c-759ed3cc0a93,"2026-09-01 15:27:00"
7a3a2814-c53b-49aa-882a-ef5f6b6100fa,e643f809-3840-4e2a-9f2c-93818242441c,03a64df3-5409-44fe-8761-7af2bd112033,low,pending,"Synthetic case for presentation: 1 events observed, severity=low, outcome=pending.",,
b6ba35de-26ba-4a36-b4da-a16ce9ac6ca0,feb1280e-b785-4c5f-9e25-dc9be74e97df,6f5934fb-1b80-4bc3-9c6e-4008e610666c,high,score_penalized,"Synthetic case for presentation: 2 events observed, severity=high, outcome=score_penalized.",90b1b286-043f-4b76-92e4-23c74608f5ea,"2026-08-31 15:00:00"
df34d611-7dc9-408a-97b5-2a710263bceb,feb1280e-b785-4c5f-9e25-dc9be74e97df,bbee8ecd-1d12-4d01-b418-5f7862f00dfd,high,score_penalized,"Synthetic case for presentation: 3 events observed, severity=high, outcome=score_penalized.",99eef08c-2585-418e-ba74-cb63dff4467c,"2026-09-01 15:09:00"
43bb75f9-60ef-4391-8571-c63a1e86dba2,feb1280e-b785-4c5f-9e25-dc9be74e97df,9a66cd37-91cd-4e48-b5dd-6375aa02b87c,low,pending,"Synthetic case for presentation: 1 events observed, severity=low, outcome=pending.",,
9535b2c0-d15a-44fa-aecd-f880210a20c2,feb1280e-b785-4c5f-9e25-dc9be74e97df,d82e9422-7766-415c-8ccb-55bc73afc50c,medium,warned,"Synthetic case for presentation: 2 events observed, severity=medium, outcome=warned.",99eef08c-2585-418e-ba74-cb63dff4467c,"2026-09-03 15:27:00"
944aa420-c66c-4d5b-822b-dd98e1db0afe,feb1280e-b785-4c5f-9e25-dc9be74e97df,883de4de-54d4-4657-820b-af7cafe82539,high,score_penalized,"Synthetic case for presentation: 3 events observed, severity=high, outcome=score_penalized.",90b1b286-043f-4b76-92e4-23c74608f5ea,"2026-09-04 15:36:00"
bbc6d743-efe3-4aa2-9b12-e1431257649c,18b8bde7-f3c6-44d5-8c4b-32d01ba9150a,5492c71f-7e2d-48e8-b549-9860d2463cf4,low,pending,"Synthetic case for presentation: 1 events observed, severity=low, outcome=pending.",,
92fd9846-fdf8-440f-8c52-9fe9f364926b,18b8bde7-f3c6-44d5-8c4b-32d01ba9150a,e330b90d-e61c-46fe-8b5b-e5ac26ced936,medium,warned,"Synthetic case for presentation: 2 events observed, severity=medium, outcome=warned.",182b0be7-49ef-4caa-ae6e-33642b48b1df,"2026-09-03 15:09:00"
7fdffc47-2a80-48df-b813-686eb1cdf7ee,18b8bde7-f3c6-44d5-8c4b-32d01ba9150a,d278526e-ad62-4e9e-9273-eb959d3f315d,high,score_penalized,"Synthetic case for presentation: 3 events observed, severity=high, outcome=score_penalized.",182b0be7-49ef-4caa-ae6e-33642b48b1df,"2026-09-04 15:18:00"
ea6cdb48-1091-4115-9e5a-a18079570746,18b8bde7-f3c6-44d5-8c4b-32d01ba9150a,1753103b-3b91-489f-8a8e-2492f8de2bf2,high,score_penalized,"Synthetic case for presentation: 1 events observed, severity=high, outcome=score_penalized.",182b0be7-49ef-4caa-ae6e-33642b48b1df,"2026-09-05 15:27:00"
c87ae458-5b2f-4fdf-81e5-68128d88e77f,18b8bde7-f3c6-44d5-8c4b-32d01ba9150a,2d4b5556-45ee-4b31-a818-5bf62df9187c,medium,warned,"Synthetic case for presentation: 2 events observed, severity=medium, outcome=warned.",90b1b286-043f-4b76-92e4-23c74608f5ea,"2026-09-06 15:36:00"
d3d8cd7f-b50c-48e6-9658-f2c009361a00,5dc5a492-0108-4302-8591-b084e8d4c39d,cdb64054-b627-4703-89d1-fbd6850dda25,high,score_penalized,"Synthetic case for presentation: 3 events observed, severity=high, outcome=score_penalized.",90b1b286-043f-4b76-92e4-23c74608f5ea,"2026-09-04 15:00:00"
b2ab884f-6df2-4674-a670-094dfb30628a,5dc5a492-0108-4302-8591-b084e8d4c39d,3a4014c1-9498-4a79-b1db-fcbb19656e35,high,score_penalized,"Synthetic case for presentation: 1 events observed, severity=high, outcome=score_penalized.",77576474-fdd0-48cd-9b7f-4477dee4727e,"2026-09-05 15:09:00"
f26bb8ef-b75a-421e-bd43-cd107fedc292,5dc5a492-0108-4302-8591-b084e8d4c39d,7524de1b-d711-4432-98e1-15a8779afe29,medium,warned,"Synthetic case for presentation: 2 events observed, severity=medium, outcome=warned.",77576474-fdd0-48cd-9b7f-4477dee4727e,"2026-09-06 15:18:00"
66867113-08a2-4668-a6e0-cf55117989e6,5dc5a492-0108-4302-8591-b084e8d4c39d,1b2b06b7-c94b-47f0-b625-ada7370c30de,critical,invalidated,"Synthetic case for presentation: 3 events observed, severity=critical, outcome=invalidated.",77576474-fdd0-48cd-9b7f-4477dee4727e,"2026-09-07 15:27:00"
50cede8a-25b0-40c2-84a9-e140c79bf37f,5dc5a492-0108-4302-8591-b084e8d4c39d,f7a4fecf-4a73-4198-ba55-5e23e8a5656d,low,pending,"Synthetic case for presentation: 1 events observed, severity=low, outcome=pending.",,
f2a6e8a5-36f0-4cd1-8aed-5d5e2898f83a,50c5b63d-8ad6-4b34-9e4f-64a8f96658bf,154fad09-cc36-412f-8f9e-89a150cd134f,medium,warned,"Synthetic case for presentation: 2 events observed, severity=medium, outcome=warned.",90b1b286-043f-4b76-92e4-23c74608f5ea,"2026-09-06 15:00:00"
5cf02ca8-06bc-4195-8aca-6215bf4667b8,50c5b63d-8ad6-4b34-9e4f-64a8f96658bf,cfe6205f-ae7e-4c69-bc91-60e57ed02eb2,critical,invalidated,"Synthetic case for presentation: 3 events observed, severity=critical, outcome=invalidated.",1e573e69-4860-4586-b9f7-6e7c2f12486f,"2026-09-07 15:09:00"
10d74120-39bf-43e3-a230-69fd6d1fb423,50c5b63d-8ad6-4b34-9e4f-64a8f96658bf,10bb116f-c203-4c45-96bd-2b8b91a9b8ec,low,pending,"Synthetic case for presentation: 1 events observed, severity=low, outcome=pending.",,
e582586f-3d7b-449f-bb17-2f504983de6f,50c5b63d-8ad6-4b34-9e4f-64a8f96658bf,85a35672-0e74-4a88-b2f5-4f6f46e5ea02,medium,warned,"Synthetic case for presentation: 2 events observed, severity=medium, outcome=warned.",1e573e69-4860-4586-b9f7-6e7c2f12486f,"2026-09-09 15:27:00"
7b351172-112f-452f-ad2a-44e5ac13e8fc,50c5b63d-8ad6-4b34-9e4f-64a8f96658bf,13dad67b-01f9-49df-b9ab-18c5f10845c5,high,score_penalized,"Synthetic case for presentation: 3 events observed, severity=high, outcome=score_penalized.",90b1b286-043f-4b76-92e4-23c74608f5ea,"2026-09-10 15:36:00"
0cef7a10-1182-4510-b5cd-b9d38b75bbc3,8245c779-4319-49e7-8b5e-4e4c64b8a239,d5143ee0-8066-440d-ba01-7db1661d74d8,low,pending,"Synthetic case for presentation: 1 events observed, severity=low, outcome=pending.",,
f9a12b35-58e1-4a64-bd61-100ce75b1e2d,8245c779-4319-49e7-8b5e-4e4c64b8a239,284781b4-6852-4cb4-8f0c-fc5213c71108,medium,warned,"Synthetic case for presentation: 2 events observed, severity=medium, outcome=warned.",ad58d5d4-e44e-4866-b423-7a1895edc461,"2026-09-09 15:09:00"
cf0ac538-895d-4a49-acad-a22f6537b571,8245c779-4319-49e7-8b5e-4e4c64b8a239,68bf2e6a-fde2-4b02-8428-fa161ee50fe2,high,score_penalized,"Synthetic case for presentation: 3 events observed, severity=high, outcome=score_penalized.",ad58d5d4-e44e-4866-b423-7a1895edc461,"2026-09-10 15:18:00"
34fd8cd8-6704-4827-8b37-7c78b94aa3df,8245c779-4319-49e7-8b5e-4e4c64b8a239,8996b0b6-025e-435e-9b1f-d3c4d8a0248d,low,pending,"Synthetic case for presentation: 1 events observed, severity=low, outcome=pending.",,
7d28069d-f438-428b-a936-a8264d7f106a,8245c779-4319-49e7-8b5e-4e4c64b8a239,48c40dcb-c4e5-4ce0-b7e0-b8bd10aab549,high,score_penalized,"Synthetic case for presentation: 2 events observed, severity=high, outcome=score_penalized.",90b1b286-043f-4b76-92e4-23c74608f5ea,"2026-09-12 15:36:00"
5431da54-c38a-4777-b3a9-310728a9699d,37ea3a4c-5dbd-441f-9556-158e0a15d644,f58276c9-7cc5-48a7-b6b1-be6150ae740d,high,score_penalized,"Synthetic case for presentation: 3 events observed, severity=high, outcome=score_penalized.",90b1b286-043f-4b76-92e4-23c74608f5ea,"2026-09-10 15:00:00"
8de06872-033b-4249-9f14-49866a11c19d,37ea3a4c-5dbd-441f-9556-158e0a15d644,b9ab2807-aca3-47bd-b260-af2e2f8233bf,low,pending,"Synthetic case for presentation: 1 events observed, severity=low, outcome=pending.",,
c147c1a3-8a17-44ac-9a70-3ced9d9166ec,37ea3a4c-5dbd-441f-9556-158e0a15d644,2b27ba58-a160-4760-b77b-c13a5661360f,high,score_penalized,"Synthetic case for presentation: 2 events observed, severity=high, outcome=score_penalized.",48ecd4ea-5dc3-4411-88f2-12a85eb0ee82,"2026-09-12 15:18:00"
4929e679-1161-4800-89b0-3f9210c75aec,37ea3a4c-5dbd-441f-9556-158e0a15d644,3f0b72a5-c0f9-4da6-8416-13a52025bef3,high,score_penalized,"Synthetic case for presentation: 3 events observed, severity=high, outcome=score_penalized.",48ecd4ea-5dc3-4411-88f2-12a85eb0ee82,"2026-09-13 15:27:00"
1cf54a49-64f3-4d2e-a549-a0d661d84c04,37ea3a4c-5dbd-441f-9556-158e0a15d644,efeeaa55-4b7a-4cde-bae1-9cbd23b0271c,low,pending,"Synthetic case for presentation: 1 events observed, severity=low, outcome=pending.",,
b91a5208-ee12-4257-85c3-72357afeee73,17100942-e554-41cf-85c3-d6742833e41a,1efbb43b-32c1-4257-9bcd-76999140d707,high,score_penalized,"Synthetic case for presentation: 2 events observed, severity=high, outcome=score_penalized.",90b1b286-043f-4b76-92e4-23c74608f5ea,"2026-09-12 15:00:00"
e3bc5e91-ece7-48c2-b1c2-7027c2c84d13,17100942-e554-41cf-85c3-d6742833e41a,93767507-9e8e-47b2-9d33-811e3910900d,high,score_penalized,"Synthetic case for presentation: 3 events observed, severity=high, outcome=score_penalized.",72b5b3f4-1568-4240-adcb-0780a511a5bc,"2026-09-13 15:09:00"
9760109a-1f48-46f2-97e5-4e16f285f0d8,17100942-e554-41cf-85c3-d6742833e41a,8ba8b309-848d-4bc9-a6ac-1ae288b95741,low,pending,"Synthetic case for presentation: 1 events observed, severity=low, outcome=pending.",,
9db306c0-d08a-49f5-9f7e-f58175025262,17100942-e554-41cf-85c3-d6742833e41a,fcab7cc0-9331-44c2-abbe-5b33df78268b,medium,warned,"Synthetic case for presentation: 2 events observed, severity=medium, outcome=warned.",72b5b3f4-1568-4240-adcb-0780a511a5bc,"2026-09-15 15:27:00"
c9ac0861-ee51-4f91-b3ef-f71376918864,17100942-e554-41cf-85c3-d6742833e41a,5bd3c500-7d35-4ede-8140-bf492409bd2d,high,score_penalized,"Synthetic case for presentation: 3 events observed, severity=high, outcome=score_penalized.",90b1b286-043f-4b76-92e4-23c74608f5ea,"2026-09-16 15:36:00"
aca96f55-24e5-420f-a892-aa94d67ca5f5,476e6edd-68ea-41c2-af82-68720d206ad1,3dcb2b0e-d99f-44ca-b15f-26a925b61570,low,pending,"Synthetic case for presentation: 1 events observed, severity=low, outcome=pending.",,
9d4257c1-469a-4a3d-b7fa-b9e807ea5abd,476e6edd-68ea-41c2-af82-68720d206ad1,ae43fafa-c04e-45cb-b97e-6836ddbecd47,medium,warned,"Synthetic case for presentation: 2 events observed, severity=medium, outcome=warned.",dde0e52d-005e-4bd2-b362-d8b64dc06e36,"2026-09-15 15:09:00"
d2144557-dcfd-45e9-bc5e-5e94bb872873,476e6edd-68ea-41c2-af82-68720d206ad1,82f0cf88-6fa8-4984-95e3-f6f16c7bb01d,high,score_penalized,"Synthetic case for presentation: 3 events observed, severity=high, outcome=score_penalized.",dde0e52d-005e-4bd2-b362-d8b64dc06e36,"2026-09-16 15:18:00"
6fc45504-1ebb-43ea-8fc1-d1807da7b5b3,476e6edd-68ea-41c2-af82-68720d206ad1,69c267f4-4a31-4025-a13a-87defde4898d,high,score_penalized,"Synthetic case for presentation: 1 events observed, severity=high, outcome=score_penalized.",dde0e52d-005e-4bd2-b362-d8b64dc06e36,"2026-09-17 15:27:00"
f0a83a82-b061-43a0-925f-733f1114efdb,476e6edd-68ea-41c2-af82-68720d206ad1,dc0d0438-009b-46f9-bee1-88f8fa5cf250,medium,warned,"Synthetic case for presentation: 2 events observed, severity=medium, outcome=warned.",90b1b286-043f-4b76-92e4-23c74608f5ea,"2026-09-18 15:36:00"
657c3b0e-49a8-4a5f-9032-f63965cc6d15,5c4d6b09-36e1-4813-9245-af7114bf5e39,54a6913d-a4ec-4ee8-9e6d-b9089a18e91c,high,score_penalized,"Synthetic case for presentation: 3 events observed, severity=high, outcome=score_penalized.",90b1b286-043f-4b76-92e4-23c74608f5ea,"2026-09-16 15:00:00"
ab8e1557-fc67-42a7-b842-7147f7b8f6a3,5c4d6b09-36e1-4813-9245-af7114bf5e39,ac00672f-cf5f-4b8b-b1b8-b40d74db8533,high,score_penalized,"Synthetic case for presentation: 1 events observed, severity=high, outcome=score_penalized.",f551cdab-0d8f-4dca-ad80-2bb98180f1a2,"2026-09-17 15:09:00"
e96a213a-3738-43c2-8422-c43560d18a6f,5c4d6b09-36e1-4813-9245-af7114bf5e39,f4b904f8-cebe-491e-9d56-aa6c6a579731,medium,warned,"Synthetic case for presentation: 2 events observed, severity=medium, outcome=warned.",f551cdab-0d8f-4dca-ad80-2bb98180f1a2,"2026-09-18 15:18:00"
95bc3b9b-0f73-4bf9-afe6-25b116b8e99d,5c4d6b09-36e1-4813-9245-af7114bf5e39,16ad165b-0854-4800-ba6b-9a932c10477e,critical,invalidated,"Synthetic case for presentation: 3 events observed, severity=critical, outcome=invalidated.",f551cdab-0d8f-4dca-ad80-2bb98180f1a2,"2026-09-19 15:27:00"
6993c8d1-090e-4cd1-b5d6-f18e99b36e53,5c4d6b09-36e1-4813-9245-af7114bf5e39,d68e5759-86a3-427e-ad76-a69ed6884063,low,pending,"Synthetic case for presentation: 1 events observed, severity=low, outcome=pending.",,
09a3c4d1-0887-41c1-bee1-03c19c5e3000,cd03d41b-5d52-4e6b-9b51-16b9dbc289d9,d7680c61-ca9b-4dd5-bc89-29ec814a83e5,medium,warned,"Synthetic case for presentation: 2 events observed, severity=medium, outcome=warned.",90b1b286-043f-4b76-92e4-23c74608f5ea,"2026-09-18 15:00:00"
5e55e006-9b47-49a4-9b2f-22dda6e5eac3,cd03d41b-5d52-4e6b-9b51-16b9dbc289d9,8f0ba98f-05ba-419a-8fdd-a43284a503e9,critical,invalidated,"Synthetic case for presentation: 3 events observed, severity=critical, outcome=invalidated.",fb25a8b7-4578-4bd9-a4c2-2f1842a1cd7a,"2026-09-19 15:09:00"
812e19fc-557c-444f-8d80-e7e7c321da08,cd03d41b-5d52-4e6b-9b51-16b9dbc289d9,0daad751-53ec-4673-b363-710bb4a70c70,low,pending,"Synthetic case for presentation: 1 events observed, severity=low, outcome=pending.",,
822872df-29f9-4214-8d3f-57929ab12b0c,cd03d41b-5d52-4e6b-9b51-16b9dbc289d9,06546bba-e9f2-4460-aeec-302b97b4688a,medium,warned,"Synthetic case for presentation: 2 events observed, severity=medium, outcome=warned.",fb25a8b7-4578-4bd9-a4c2-2f1842a1cd7a,"2026-08-27 15:27:00"
cdfc3b80-b499-44e9-b0fe-80f630319c85,cd03d41b-5d52-4e6b-9b51-16b9dbc289d9,2a0aa5b2-fb01-44dd-935d-71a284738bfa,high,score_penalized,"Synthetic case for presentation: 3 events observed, severity=high, outcome=score_penalized.",90b1b286-043f-4b76-92e4-23c74608f5ea,"2026-08-28 15:36:00"
55481cfd-22d9-4830-8c74-91ca7cdf1fa9,68de7087-5a2b-46da-87ad-2a1d0f17930c,687f7d45-b47f-4342-82ad-9e9761992a54,low,pending,"Synthetic case for presentation: 1 events observed, severity=low, outcome=pending.",,
bd3809ba-9a0c-4545-899d-671efe90e1c1,68de7087-5a2b-46da-87ad-2a1d0f17930c,4f8bb9fb-c1e6-4a56-95f3-0403a78cf749,medium,warned,"Synthetic case for presentation: 2 events observed, severity=medium, outcome=warned.",8230df46-6e72-43a6-b8b9-95894cdaf410,"2026-08-27 15:09:00"
4affd074-54a8-4952-81f4-cf7ee737ba3d,68de7087-5a2b-46da-87ad-2a1d0f17930c,eccaed6b-9aa9-44b4-b986-321be59b92c3,high,score_penalized,"Synthetic case for presentation: 3 events observed, severity=high, outcome=score_penalized.",8230df46-6e72-43a6-b8b9-95894cdaf410,"2026-08-28 15:18:00"
3167a69c-e347-45ec-835d-58a274a83251,68de7087-5a2b-46da-87ad-2a1d0f17930c,468798f4-95d9-40cf-863b-5437f10d7973,low,pending,"Synthetic case for presentation: 1 events observed, severity=low, outcome=pending.",,
d7c40b00-aa20-4a29-91cf-b721058c0936,68de7087-5a2b-46da-87ad-2a1d0f17930c,8342a8a0-5fa7-4eb1-9603-68ab6507240a,high,score_penalized,"Synthetic case for presentation: 2 events observed, severity=high, outcome=score_penalized.",90b1b286-043f-4b76-92e4-23c74608f5ea,"2026-08-30 15:36:00"
82ffe245-6500-4289-8ae8-ca6975a9e896,d19948ea-90b4-4297-9fb4-ce8e5b6f82a3,13c439e4-3616-4234-ba68-1a1325400aed,high,score_penalized,"Synthetic case for presentation: 3 events observed, severity=high, outcome=score_penalized.",90b1b286-043f-4b76-92e4-23c74608f5ea,"2026-08-28 15:00:00"
6e9a9f40-33ee-4501-af56-39257fcd0b3c,d19948ea-90b4-4297-9fb4-ce8e5b6f82a3,e19d0a1f-16f3-4dd3-9f30-ceb5e9844357,low,pending,"Synthetic case for presentation: 1 events observed, severity=low, outcome=pending.",,
8a4f49da-8287-48d8-b5b3-10e0f3b52762,d19948ea-90b4-4297-9fb4-ce8e5b6f82a3,dfc321e5-ef4b-44c7-8432-3a5eac7f65b8,high,score_penalized,"Synthetic case for presentation: 2 events observed, severity=high, outcome=score_penalized.",2ec18961-7fa0-42e8-a3a3-58ac2ede2ede,"2026-08-30 15:18:00"
1a2ad959-4198-4348-9a65-c3f4ab268bff,d19948ea-90b4-4297-9fb4-ce8e5b6f82a3,9af40486-36e0-4235-840c-e6c3905aba3d,high,score_penalized,"Synthetic case for presentation: 3 events observed, severity=high, outcome=score_penalized.",2ec18961-7fa0-42e8-a3a3-58ac2ede2ede,"2026-08-31 15:27:00"
02c449ad-c9d8-4da0-8504-8a432960049a,d19948ea-90b4-4297-9fb4-ce8e5b6f82a3,1108fe4b-6263-41d2-94ec-890f0afac322,low,pending,"Synthetic case for presentation: 1 events observed, severity=low, outcome=pending.",,
aab3612d-d1f1-4ea7-86ad-0d9fc9d1d25e,9f1dee80-020c-4575-afd0-a2e5e446dd28,c902d667-393c-4258-8299-7a6157d8e6d1,high,score_penalized,"Synthetic case for presentation: 2 events observed, severity=high, outcome=score_penalized.",90b1b286-043f-4b76-92e4-23c74608f5ea,"2026-08-30 15:00:00"
988e0536-a88d-4a6b-bc32-85bcf8241125,9f1dee80-020c-4575-afd0-a2e5e446dd28,e6d2f6ae-39a9-416f-b562-716d548a5ea8,high,score_penalized,"Synthetic case for presentation: 3 events observed, severity=high, outcome=score_penalized.",87b7aa9a-f8b0-4f34-9c9c-0e1a283013cd,"2026-08-31 15:09:00"
9d1849bb-78aa-4c15-8b54-95098711ee29,9f1dee80-020c-4575-afd0-a2e5e446dd28,5d3bdc01-4ad3-4f04-8e21-5602b7dd8d6d,low,pending,"Synthetic case for presentation: 1 events observed, severity=low, outcome=pending.",,
03f8e3a9-ccb3-49be-9a2c-04fd04126f6b,9f1dee80-020c-4575-afd0-a2e5e446dd28,e1e10d67-1952-4c40-897c-8f5591d561cb,medium,warned,"Synthetic case for presentation: 2 events observed, severity=medium, outcome=warned.",87b7aa9a-f8b0-4f34-9c9c-0e1a283013cd,"2026-09-02 15:27:00"
8c40f09e-4359-4f32-92cd-f622a3c7f61d,9f1dee80-020c-4575-afd0-a2e5e446dd28,407421f0-1172-45cb-bb94-4767f3edbb30,high,score_penalized,"Synthetic case for presentation: 3 events observed, severity=high, outcome=score_penalized.",90b1b286-043f-4b76-92e4-23c74608f5ea,"2026-09-03 15:36:00"
1608b57f-fb9c-4169-9a54-f275bbb7ed32,9e790efb-45de-4af0-8c59-6d7d51d5e735,54cc69d7-6eb0-485b-b24e-6fce30b2709c,low,pending,"Synthetic case for presentation: 1 events observed, severity=low, outcome=pending.",,
bb2b3125-a29d-4884-bb78-a741a3139735,9e790efb-45de-4af0-8c59-6d7d51d5e735,f4a62497-545f-4671-864c-454f19dc38e5,medium,warned,"Synthetic case for presentation: 2 events observed, severity=medium, outcome=warned.",c14802e8-47ce-4ed7-a3cf-25ad9d3a85d3,"2026-09-02 15:09:00"
a76d9986-3c4e-404e-8a6e-14ab2e554aac,9e790efb-45de-4af0-8c59-6d7d51d5e735,cc1b2564-4c3f-4500-b679-03cd3504852e,high,score_penalized,"Synthetic case for presentation: 3 events observed, severity=high, outcome=score_penalized.",c14802e8-47ce-4ed7-a3cf-25ad9d3a85d3,"2026-09-03 15:18:00"
0af4bba9-dedd-47c4-a763-42ac49f111d1,9e790efb-45de-4af0-8c59-6d7d51d5e735,47f2cb61-0682-432e-b97a-43113d46db0b,high,score_penalized,"Synthetic case for presentation: 1 events observed, severity=high, outcome=score_penalized.",c14802e8-47ce-4ed7-a3cf-25ad9d3a85d3,"2026-09-04 15:27:00"
020221b3-f907-4c83-a803-e332ecb020c4,9e790efb-45de-4af0-8c59-6d7d51d5e735,2428bc32-10c2-4399-a5d8-ce57752644e4,medium,warned,"Synthetic case for presentation: 2 events observed, severity=medium, outcome=warned.",90b1b286-043f-4b76-92e4-23c74608f5ea,"2026-09-05 15:36:00"
d7bab203-0378-45c4-9f87-c74fc5a42832,310ccd3a-b429-4c88-a30a-b32e22741925,7a85f295-64aa-45b5-8ec9-62fdb820305a,high,score_penalized,"Synthetic case for presentation: 3 events observed, severity=high, outcome=score_penalized.",90b1b286-043f-4b76-92e4-23c74608f5ea,"2026-09-03 15:00:00"
6ba699b2-29d5-4ec6-b9d8-65a546dcfaf8,310ccd3a-b429-4c88-a30a-b32e22741925,e8cc30a5-bba3-4995-b5b8-12ea13c3ad02,high,score_penalized,"Synthetic case for presentation: 1 events observed, severity=high, outcome=score_penalized.",7ebb15d1-bf58-44b1-be1d-9f8bd2aa2b78,"2026-09-04 15:09:00"
d9bd92e2-cf93-462b-8501-55b588c00778,310ccd3a-b429-4c88-a30a-b32e22741925,c7baa111-01cb-40b8-aac7-c5d0f68ca7a4,medium,warned,"Synthetic case for presentation: 2 events observed, severity=medium, outcome=warned.",7ebb15d1-bf58-44b1-be1d-9f8bd2aa2b78,"2026-09-05 15:18:00"
8dbb9ca9-f2c9-4683-b8d9-e9c6dca14a91,310ccd3a-b429-4c88-a30a-b32e22741925,06327b5c-daca-45c3-beff-63c82b7a45ed,critical,invalidated,"Synthetic case for presentation: 3 events observed, severity=critical, outcome=invalidated.",7ebb15d1-bf58-44b1-be1d-9f8bd2aa2b78,"2026-09-06 15:27:00"
06decbbe-29fc-4d17-9047-079b84d0c6ef,310ccd3a-b429-4c88-a30a-b32e22741925,e1f1f513-fa60-4e0b-8dc1-00fe2dc4caba,low,pending,"Synthetic case for presentation: 1 events observed, severity=low, outcome=pending.",,
f95b1ae2-e629-49c6-b900-4f9123652ade,44b21155-4a90-43c4-b586-6e8c3d611f90,c2e7902e-e10d-470a-b4ae-d22978b31f0e,medium,warned,"Synthetic case for presentation: 2 events observed, severity=medium, outcome=warned.",90b1b286-043f-4b76-92e4-23c74608f5ea,"2026-09-05 15:00:00"
09818709-4abf-4db3-8533-52aea3cb3b73,44b21155-4a90-43c4-b586-6e8c3d611f90,4fb12882-8ec4-4458-8742-5d54416756e5,critical,invalidated,"Synthetic case for presentation: 3 events observed, severity=critical, outcome=invalidated.",7ecb1df7-7e57-477b-bec6-cda034ad7e26,"2026-09-06 15:09:00"
840d132d-9c6e-4a57-bbc7-b590e328bafc,44b21155-4a90-43c4-b586-6e8c3d611f90,2242a957-644c-4660-bae5-0fa405f481a2,low,pending,"Synthetic case for presentation: 1 events observed, severity=low, outcome=pending.",,
222306b0-c7bd-47d5-bf0e-adb70b71ac8d,44b21155-4a90-43c4-b586-6e8c3d611f90,38edbcba-9034-43cd-9e96-3c522ed363a8,medium,warned,"Synthetic case for presentation: 2 events observed, severity=medium, outcome=warned.",7ecb1df7-7e57-477b-bec6-cda034ad7e26,"2026-09-08 15:27:00"
cc78b7df-5bbf-440f-bd10-834996a26baf,44b21155-4a90-43c4-b586-6e8c3d611f90,e4c76da9-e8fe-4009-83e6-12d679b28a63,high,score_penalized,"Synthetic case for presentation: 3 events observed, severity=high, outcome=score_penalized.",90b1b286-043f-4b76-92e4-23c74608f5ea,"2026-09-09 15:36:00"
4d6e4c80-a702-43b0-9120-a6062d6a7b93,261c9b7b-a325-4da8-93d5-32308ac2fa3f,86d96e1e-276e-45a4-9cc3-2c52bbc28fc5,low,pending,"Synthetic case for presentation: 1 events observed, severity=low, outcome=pending.",,
2cbaaf41-5aee-4186-b604-553776632010,261c9b7b-a325-4da8-93d5-32308ac2fa3f,d69cd038-4c85-4081-8d76-093f0515db83,medium,warned,"Synthetic case for presentation: 2 events observed, severity=medium, outcome=warned.",9d2c8c81-7fa0-4dd8-93f5-f5cf33e24440,"2026-09-08 15:09:00"
494df0fd-804e-424b-8172-cb92baa75fc7,261c9b7b-a325-4da8-93d5-32308ac2fa3f,cff6532a-e845-425a-8f62-24dca487b46d,high,score_penalized,"Synthetic case for presentation: 3 events observed, severity=high, outcome=score_penalized.",9d2c8c81-7fa0-4dd8-93f5-f5cf33e24440,"2026-09-09 15:18:00"
8390c2b2-079c-45df-b14d-94b222657ce8,261c9b7b-a325-4da8-93d5-32308ac2fa3f,2b2363d6-f814-435a-adb7-f393ac9b89a3,low,pending,"Synthetic case for presentation: 1 events observed, severity=low, outcome=pending.",,
293dc79b-22c6-4292-99fd-abf08b92fd7d,261c9b7b-a325-4da8-93d5-32308ac2fa3f,05d2268c-dad1-49e3-a6ae-d88a6d185985,high,score_penalized,"Synthetic case for presentation: 2 events observed, severity=high, outcome=score_penalized.",90b1b286-043f-4b76-92e4-23c74608f5ea,"2026-09-11 15:36:00"
fefe824c-eeb2-470e-a2d3-8d1211042ce6,0a8dc6b4-d9ff-4a9f-aed9-fd7f7abe3508,5a1b4544-3d08-49aa-8804-248dff089a0d,high,score_penalized,"Synthetic case for presentation: 3 events observed, severity=high, outcome=score_penalized.",90b1b286-043f-4b76-92e4-23c74608f5ea,"2026-09-09 15:00:00"
7593576f-835c-472b-9fa8-e2ad4991fffa,0a8dc6b4-d9ff-4a9f-aed9-fd7f7abe3508,57399dfc-51bd-480f-b8d1-52ccff63326e,low,pending,"Synthetic case for presentation: 1 events observed, severity=low, outcome=pending.",,
cfede9d8-b2cc-4796-bb05-69b799f5883b,0a8dc6b4-d9ff-4a9f-aed9-fd7f7abe3508,5c7ecf5e-a951-4b3a-8e4a-76890c2f284b,high,score_penalized,"Synthetic case for presentation: 2 events observed, severity=high, outcome=score_penalized.",68f8fb1e-be96-4185-a7ce-6985355df155,"2026-09-11 15:18:00"
2aa93a8e-c052-4061-9818-5d2f023c3ae2,0a8dc6b4-d9ff-4a9f-aed9-fd7f7abe3508,beb47097-0573-4aec-8f9d-1702cd14cbae,high,score_penalized,"Synthetic case for presentation: 3 events observed, severity=high, outcome=score_penalized.",68f8fb1e-be96-4185-a7ce-6985355df155,"2026-09-12 15:27:00"
05a7deab-429b-4938-9e9d-c8dc22a87afd,0a8dc6b4-d9ff-4a9f-aed9-fd7f7abe3508,1e45bc04-1735-4153-b6b2-daa44079e67d,low,pending,"Synthetic case for presentation: 1 events observed, severity=low, outcome=pending.",,
b8a0b223-412e-4c36-8cf5-9a4fbbe92e02,f6fd9293-84b8-41f6-b31d-1116fb634248,6884012b-8727-41bc-aed7-5e1d0c7e6843,high,score_penalized,"Synthetic case for presentation: 2 events observed, severity=high, outcome=score_penalized.",90b1b286-043f-4b76-92e4-23c74608f5ea,"2026-09-11 15:00:00"
b882a0b0-b3a4-4e8a-8e03-a36022064c9c,f6fd9293-84b8-41f6-b31d-1116fb634248,9cacd713-8b78-4322-a901-061fdefd29b4,high,score_penalized,"Synthetic case for presentation: 3 events observed, severity=high, outcome=score_penalized.",ae9a3c3b-37a4-4eaf-9804-a747a4bca7ad,"2026-09-12 15:09:00"
85a59f81-3b34-4a65-a34c-e70758fd2553,f6fd9293-84b8-41f6-b31d-1116fb634248,c904d657-e3d6-455c-b8e6-e0d24a6d2cdf,low,pending,"Synthetic case for presentation: 1 events observed, severity=low, outcome=pending.",,
8079b4cf-015b-4736-a8c5-74750b2ef221,f6fd9293-84b8-41f6-b31d-1116fb634248,ef41ae97-9b40-4c2f-acca-b6c662ac8932,medium,warned,"Synthetic case for presentation: 2 events observed, severity=medium, outcome=warned.",ae9a3c3b-37a4-4eaf-9804-a747a4bca7ad,"2026-09-14 15:27:00"
2f530d58-997e-4ec2-9a77-7812481283cc,f6fd9293-84b8-41f6-b31d-1116fb634248,e36e9144-c48d-4a6e-bb89-e4ff441a65d5,high,score_penalized,"Synthetic case for presentation: 3 events observed, severity=high, outcome=score_penalized.",90b1b286-043f-4b76-92e4-23c74608f5ea,"2026-09-15 15:36:00"
520852c9-5b88-4ac2-b43d-69afdf1398fc,1722315c-d5e8-4d72-9f6d-65e013d16782,eaa399cd-040c-4c78-9f8e-c95e955ccfa3,low,pending,"Synthetic case for presentation: 1 events observed, severity=low, outcome=pending.",,
cd592d01-3157-4a17-abb3-2efb60781469,1722315c-d5e8-4d72-9f6d-65e013d16782,43d922a7-4c47-4440-bebf-3634552d92c9,medium,warned,"Synthetic case for presentation: 2 events observed, severity=medium, outcome=warned.",257704cd-4685-4bf8-a551-2b40e56cbcef,"2026-09-14 15:09:00"
06a6ea45-1f3c-4a91-a2cf-0047abfed356,1722315c-d5e8-4d72-9f6d-65e013d16782,26efe787-5bb5-4c1c-9e5d-04f48ab50496,high,score_penalized,"Synthetic case for presentation: 3 events observed, severity=high, outcome=score_penalized.",257704cd-4685-4bf8-a551-2b40e56cbcef,"2026-09-15 15:18:00"
031a210d-eb37-4922-a625-8eb08a676f39,1722315c-d5e8-4d72-9f6d-65e013d16782,33fb2615-a91a-414c-ab32-052fcd53487e,high,score_penalized,"Synthetic case for presentation: 1 events observed, severity=high, outcome=score_penalized.",257704cd-4685-4bf8-a551-2b40e56cbcef,"2026-09-16 15:27:00"
6ab9a5b9-2c32-43b8-8101-26a15221c1ea,1722315c-d5e8-4d72-9f6d-65e013d16782,150bc4e7-c8c0-4b29-88d7-f83f5fbd2771,medium,warned,"Synthetic case for presentation: 2 events observed, severity=medium, outcome=warned.",90b1b286-043f-4b76-92e4-23c74608f5ea,"2026-09-17 15:36:00"
07641924-66bd-4f2e-8373-4405d61dafbe,11bf0df6-9112-43c3-971b-b0c4d0ded914,acd3998b-567c-48da-a33b-cf04833c4ac9,high,score_penalized,"Synthetic case for presentation: 3 events observed, severity=high, outcome=score_penalized.",90b1b286-043f-4b76-92e4-23c74608f5ea,"2026-09-15 15:00:00"
84d30c01-62ff-4e44-b2c7-1fe6eb71b0a6,11bf0df6-9112-43c3-971b-b0c4d0ded914,f568b0ae-6f39-4e0e-903d-b6f696bae31e,high,score_penalized,"Synthetic case for presentation: 1 events observed, severity=high, outcome=score_penalized.",dff0a256-ee9b-49ba-a281-daa453108571,"2026-09-16 15:09:00"
adf3c3c6-accb-4e75-8c74-4e1622693efb,11bf0df6-9112-43c3-971b-b0c4d0ded914,aa91e34c-93e3-4a84-bae4-343f5320c0e8,medium,warned,"Synthetic case for presentation: 2 events observed, severity=medium, outcome=warned.",dff0a256-ee9b-49ba-a281-daa453108571,"2026-09-17 15:18:00"
405a0073-cb9d-4103-bd11-1e2e6fbb0972,11bf0df6-9112-43c3-971b-b0c4d0ded914,ec700b59-96a0-44d2-b15e-d44113134ae7,critical,invalidated,"Synthetic case for presentation: 3 events observed, severity=critical, outcome=invalidated.",dff0a256-ee9b-49ba-a281-daa453108571,"2026-09-18 15:27:00"
6e9c90d0-7304-412c-8d64-039f79e847ba,11bf0df6-9112-43c3-971b-b0c4d0ded914,b39e4145-50f3-4819-803d-df89a238cf58,low,pending,"Synthetic case for presentation: 1 events observed, severity=low, outcome=pending.",,
f068c6dc-a78d-4923-a18d-aeecfedd5fe8,e8e1a15b-f7a7-4de1-a6d4-988fcdef3066,4be192d5-0522-4ec0-8c30-0638b79c815b,medium,warned,"Synthetic case for presentation: 2 events observed, severity=medium, outcome=warned.",90b1b286-043f-4b76-92e4-23c74608f5ea,"2026-09-17 15:00:00"
17339d8f-9035-4b8e-a026-46ea422cd9ff,e8e1a15b-f7a7-4de1-a6d4-988fcdef3066,2d7abc5a-b39f-4dc0-9d3c-99488f3e7856,critical,invalidated,"Synthetic case for presentation: 3 events observed, severity=critical, outcome=invalidated.",50d54ed8-293b-42d3-bb3e-1552c6f628f7,"2026-09-18 15:09:00"
902066e1-cdf5-44de-b99a-b01110387c4a,e8e1a15b-f7a7-4de1-a6d4-988fcdef3066,0201a6fe-e2e8-48a4-b8b7-5954871aced9,low,pending,"Synthetic case for presentation: 1 events observed, severity=low, outcome=pending.",,
0b69fe57-09c0-4b7e-b74c-9c125cdf5b34,e8e1a15b-f7a7-4de1-a6d4-988fcdef3066,652fd549-ff8b-4b7d-a7b5-a87133c63df8,medium,warned,"Synthetic case for presentation: 2 events observed, severity=medium, outcome=warned.",50d54ed8-293b-42d3-bb3e-1552c6f628f7,"2026-08-26 15:27:00"
d0b5eb0d-3715-44e5-8cd1-346b8b6bea45,e8e1a15b-f7a7-4de1-a6d4-988fcdef3066,d64155a8-11f2-4ce3-90b2-7d3b342493b9,high,score_penalized,"Synthetic case for presentation: 3 events observed, severity=high, outcome=score_penalized.",90b1b286-043f-4b76-92e4-23c74608f5ea,"2026-08-27 15:36:00"
2e8adc33-9286-4ae4-ae0a-fa5c2d732c4d,c22efb98-b433-4044-b5ec-3ab1a5947ff4,547a6584-01f1-477f-8b30-ca674b5bdcab,low,pending,"Synthetic case for presentation: 1 events observed, severity=low, outcome=pending.",,
eb406058-d124-445d-8780-a3a6d91721b5,c22efb98-b433-4044-b5ec-3ab1a5947ff4,264347a6-9b33-456f-bd25-90d4c83fb0d8,medium,warned,"Synthetic case for presentation: 2 events observed, severity=medium, outcome=warned.",5c56d791-337d-40cc-8857-38302fcf13e1,"2026-08-26 15:09:00"
d73f25ed-171e-43af-83d3-0004a42f51d1,c22efb98-b433-4044-b5ec-3ab1a5947ff4,7bd72a97-bf73-46e7-a1fd-48e302cbbb60,high,score_penalized,"Synthetic case for presentation: 3 events observed, severity=high, outcome=score_penalized.",5c56d791-337d-40cc-8857-38302fcf13e1,"2026-08-27 15:18:00"
136e2e6c-261b-473c-94e1-1235f463d727,c22efb98-b433-4044-b5ec-3ab1a5947ff4,0ef206a8-36b8-4188-bb80-690901238ab7,low,pending,"Synthetic case for presentation: 1 events observed, severity=low, outcome=pending.",,
b4822dca-358c-4636-9667-e8cc02edb654,c22efb98-b433-4044-b5ec-3ab1a5947ff4,dae27805-789f-4c62-b3fb-e8340e559f3b,high,score_penalized,"Synthetic case for presentation: 2 events observed, severity=high, outcome=score_penalized.",90b1b286-043f-4b76-92e4-23c74608f5ea,"2026-08-29 15:36:00"
25275ce4-90b9-41a5-b613-10699bc27d38,f6289a96-bfd6-42c9-a499-12311534c6e4,f1c2a36c-fee9-4475-861a-3fbc53dd950a,high,score_penalized,"Synthetic case for presentation: 3 events observed, severity=high, outcome=score_penalized.",90b1b286-043f-4b76-92e4-23c74608f5ea,"2026-08-27 15:00:00"
4645172d-756b-4f28-9eaa-f5fd39d78b15,f6289a96-bfd6-42c9-a499-12311534c6e4,382fc32d-b300-41c1-a73a-6c6bf1a18360,low,pending,"Synthetic case for presentation: 1 events observed, severity=low, outcome=pending.",,
c5eebeb4-f923-4a87-9b6b-1da3ba9ebbf7,f6289a96-bfd6-42c9-a499-12311534c6e4,e49e894b-b553-4c77-8a62-9227780a2a93,high,score_penalized,"Synthetic case for presentation: 2 events observed, severity=high, outcome=score_penalized.",2c1591d2-7266-4b70-9803-2cb2204346a6,"2026-08-29 15:18:00"
9940cf42-4c42-4374-96da-178edbd34d39,f6289a96-bfd6-42c9-a499-12311534c6e4,d66fc16d-ca2f-442d-9c43-22811f6dafa4,high,score_penalized,"Synthetic case for presentation: 3 events observed, severity=high, outcome=score_penalized.",2c1591d2-7266-4b70-9803-2cb2204346a6,"2026-08-30 15:27:00"
8297af9b-262e-41e8-af65-4778ceec0000,f6289a96-bfd6-42c9-a499-12311534c6e4,ce6ee518-235e-4d47-8e13-81ee377d1cd9,low,pending,"Synthetic case for presentation: 1 events observed, severity=low, outcome=pending.",,
f1033265-eabb-4b49-af94-c005d0b8234a,d746adbf-81f1-4a89-959b-8be1bd7cde01,571d90f3-5c9b-4975-88be-e15f087838fd,high,score_penalized,"Synthetic case for presentation: 2 events observed, severity=high, outcome=score_penalized.",90b1b286-043f-4b76-92e4-23c74608f5ea,"2026-08-29 15:00:00"
825c02de-aeb0-4f72-8c54-96b7791d041a,d746adbf-81f1-4a89-959b-8be1bd7cde01,2c81523a-aa97-4d5e-b1a3-9b21befb07f1,high,score_penalized,"Synthetic case for presentation: 3 events observed, severity=high, outcome=score_penalized.",a2d6810b-dea5-4538-a018-5cc3b0f35891,"2026-08-30 15:09:00"
d86ed0dd-9a7e-4e57-a974-5500e78b7c36,d746adbf-81f1-4a89-959b-8be1bd7cde01,8f559342-82a9-499c-8bda-2b996bbed6ec,low,pending,"Synthetic case for presentation: 1 events observed, severity=low, outcome=pending.",,
0c7f8984-7f2a-4b99-9b00-e1d5629cbff3,d746adbf-81f1-4a89-959b-8be1bd7cde01,1414b652-4211-4719-b919-088715f7b492,medium,warned,"Synthetic case for presentation: 2 events observed, severity=medium, outcome=warned.",a2d6810b-dea5-4538-a018-5cc3b0f35891,"2026-09-01 15:27:00"
0ed1f453-4714-489a-b559-4251b0398cee,d746adbf-81f1-4a89-959b-8be1bd7cde01,792ce379-730c-493b-bd98-fea00a038b16,high,score_penalized,"Synthetic case for presentation: 3 events observed, severity=high, outcome=score_penalized.",90b1b286-043f-4b76-92e4-23c74608f5ea,"2026-09-02 15:36:00"
3b299e64-1664-406d-988c-57b487357a25,d6bf3010-c8ac-4125-902f-ea4d16d1041b,84992771-eb53-438c-a4d1-13a21986cef5,low,pending,"Synthetic case for presentation: 1 events observed, severity=low, outcome=pending.",,
6a83c888-2c32-459f-8671-d5091717a917,d6bf3010-c8ac-4125-902f-ea4d16d1041b,df96f758-914f-4e81-a1d6-dcd8fff73240,medium,warned,"Synthetic case for presentation: 2 events observed, severity=medium, outcome=warned.",2c95fcff-3160-4995-be1d-7856a62173e1,"2026-09-01 15:09:00"
0293b402-1635-416b-aaa7-9b4543ebe860,d6bf3010-c8ac-4125-902f-ea4d16d1041b,7a44a4dc-1d7b-4104-a8ee-eddd0139245a,high,score_penalized,"Synthetic case for presentation: 3 events observed, severity=high, outcome=score_penalized.",2c95fcff-3160-4995-be1d-7856a62173e1,"2026-09-02 15:18:00"
2bf0fe8a-d0a4-4559-a897-8e0b60302c24,d6bf3010-c8ac-4125-902f-ea4d16d1041b,570a3617-89d9-4b1f-a19d-9561a6f48e59,high,score_penalized,"Synthetic case for presentation: 1 events observed, severity=high, outcome=score_penalized.",2c95fcff-3160-4995-be1d-7856a62173e1,"2026-09-03 15:27:00"
54c6c5f3-c277-4a89-a84d-414274185e70,d6bf3010-c8ac-4125-902f-ea4d16d1041b,0fed753d-5b48-4385-b10f-675580e24840,medium,warned,"Synthetic case for presentation: 2 events observed, severity=medium, outcome=warned.",90b1b286-043f-4b76-92e4-23c74608f5ea,"2026-09-04 15:36:00"
8444781f-fd90-4027-9484-5d4cc9991651,6d019373-86de-413d-b1c0-dea13b366c1f,373ed79d-6cb6-4ef2-9023-2114421fd559,high,score_penalized,"Synthetic case for presentation: 3 events observed, severity=high, outcome=score_penalized.",90b1b286-043f-4b76-92e4-23c74608f5ea,"2026-09-02 15:00:00"
f52143ba-f263-4b51-bfb9-11eee31da11e,6d019373-86de-413d-b1c0-dea13b366c1f,5a5c3927-e23e-4fac-8ff3-f1add6fb46d7,high,score_penalized,"Synthetic case for presentation: 1 events observed, severity=high, outcome=score_penalized.",6c8b3d6e-b0dc-4c3e-9fde-53ed6586f21d,"2026-09-03 15:09:00"
de6f0c99-2759-4f5a-ae83-164d52b206f9,6d019373-86de-413d-b1c0-dea13b366c1f,bcdf545c-eac2-4b16-9cc2-0ef2ddbcc05e,medium,warned,"Synthetic case for presentation: 2 events observed, severity=medium, outcome=warned.",6c8b3d6e-b0dc-4c3e-9fde-53ed6586f21d,"2026-09-04 15:18:00"
18ab79c3-da4d-4105-81ef-fd931685b3cc,6d019373-86de-413d-b1c0-dea13b366c1f,955de350-fb87-4f91-9272-3cbb9775b5da,critical,invalidated,"Synthetic case for presentation: 3 events observed, severity=critical, outcome=invalidated.",6c8b3d6e-b0dc-4c3e-9fde-53ed6586f21d,"2026-09-05 15:27:00"
06d1a774-1cda-44c5-8edd-4776ca8cd2c7,6d019373-86de-413d-b1c0-dea13b366c1f,cb0f7f8f-e40e-427c-894c-aad6382a8ad2,low,pending,"Synthetic case for presentation: 1 events observed, severity=low, outcome=pending.",,
4d329f6f-9e0d-4f6d-a1cf-8ba5af6f35e7,e76b58e4-b707-4af0-acc1-d8818c553f7f,f9f01807-8da2-4f5a-8847-b42d15d1945b,medium,warned,"Synthetic case for presentation: 2 events observed, severity=medium, outcome=warned.",90b1b286-043f-4b76-92e4-23c74608f5ea,"2026-09-04 15:00:00"
92657185-b448-47be-a3c7-51053ee0f921,e76b58e4-b707-4af0-acc1-d8818c553f7f,3a2025c0-931e-41e8-b475-1471bf559991,critical,invalidated,"Synthetic case for presentation: 3 events observed, severity=critical, outcome=invalidated.",c8a2fa7b-00bf-46a1-b5ad-790272e20c15,"2026-09-05 15:09:00"
39418a9a-7dbf-4f65-b4ad-ff74bccfd3b5,e76b58e4-b707-4af0-acc1-d8818c553f7f,b0f68bc2-ec96-4163-a21b-3e76e4d6a219,low,pending,"Synthetic case for presentation: 1 events observed, severity=low, outcome=pending.",,
c15e5611-6b37-4172-b1fd-ba1d767652b3,e76b58e4-b707-4af0-acc1-d8818c553f7f,4cb72e78-13b9-4879-80b7-10c0732548e0,medium,warned,"Synthetic case for presentation: 2 events observed, severity=medium, outcome=warned.",c8a2fa7b-00bf-46a1-b5ad-790272e20c15,"2026-09-07 15:27:00"
32574f91-15e5-4c7e-acb6-78dc0903ad89,e76b58e4-b707-4af0-acc1-d8818c553f7f,8e2d3f3a-38c7-4438-83bb-26f1f8699bea,high,score_penalized,"Synthetic case for presentation: 3 events observed, severity=high, outcome=score_penalized.",90b1b286-043f-4b76-92e4-23c74608f5ea,"2026-09-08 15:36:00"
0f580d43-f3df-4412-bb2d-3690e6c8a960,2cc7dd3d-ae52-4967-af8b-85800e7de76b,2e318f90-913c-4dd9-9198-175e357a9659,low,pending,"Synthetic case for presentation: 1 events observed, severity=low, outcome=pending.",,
a952e543-2519-480c-9e48-82b0653da170,2cc7dd3d-ae52-4967-af8b-85800e7de76b,2db3b8f9-7df7-4c20-bd1b-c4808288947a,medium,warned,"Synthetic case for presentation: 2 events observed, severity=medium, outcome=warned.",7c66fa97-0d7e-4572-abcd-158f0c8fe475,"2026-09-07 15:09:00"
ff8b2c60-2902-4e4f-883f-2bfd8d0c3b37,2cc7dd3d-ae52-4967-af8b-85800e7de76b,72edf252-324f-448d-87ef-18b35c685ee8,high,score_penalized,"Synthetic case for presentation: 3 events observed, severity=high, outcome=score_penalized.",7c66fa97-0d7e-4572-abcd-158f0c8fe475,"2026-09-08 15:18:00"
5f89cd5a-ef3e-4aea-835a-9562f79d0b9e,2cc7dd3d-ae52-4967-af8b-85800e7de76b,00067697-3bb1-4e4b-aa90-55c875803aeb,low,pending,"Synthetic case for presentation: 1 events observed, severity=low, outcome=pending.",,
50b82021-09c1-4e1a-b0ea-5babab76454e,2cc7dd3d-ae52-4967-af8b-85800e7de76b,049c28db-45a5-4908-809e-564ff3515490,high,score_penalized,"Synthetic case for presentation: 2 events observed, severity=high, outcome=score_penalized.",90b1b286-043f-4b76-92e4-23c74608f5ea,"2026-09-10 15:36:00"
9644f0ae-f2cf-4484-9e15-8bf5bdf1d117,39be28fb-978f-43c4-8c1e-af86b6d2d0ac,6b12ed57-d356-4efe-98d1-e4028f174b5d,high,score_penalized,"Synthetic case for presentation: 3 events observed, severity=high, outcome=score_penalized.",90b1b286-043f-4b76-92e4-23c74608f5ea,"2026-09-08 15:00:00"
6521489c-1cee-4980-81e6-48655f5500cf,39be28fb-978f-43c4-8c1e-af86b6d2d0ac,f97e51e7-e522-4493-909f-6c2594573f79,low,pending,"Synthetic case for presentation: 1 events observed, severity=low, outcome=pending.",,
f191bfc0-98e3-4d69-bf41-ca19b4375b6e,39be28fb-978f-43c4-8c1e-af86b6d2d0ac,b87cce12-66c1-40ff-941e-5def8d79684d,high,score_penalized,"Synthetic case for presentation: 2 events observed, severity=high, outcome=score_penalized.",9aa929d4-05cd-4f01-9a92-935b2201714d,"2026-09-10 15:18:00"
bf583aa4-6df5-49ec-8678-6d73574ac2ce,39be28fb-978f-43c4-8c1e-af86b6d2d0ac,fcc918b9-6d9d-42cd-88a0-c8d401bee36e,high,score_penalized,"Synthetic case for presentation: 3 events observed, severity=high, outcome=score_penalized.",9aa929d4-05cd-4f01-9a92-935b2201714d,"2026-09-11 15:27:00"
40bf0e97-3e51-4688-8585-02007494879b,39be28fb-978f-43c4-8c1e-af86b6d2d0ac,32a1fd65-5672-4935-a526-349cd8f453d8,low,pending,"Synthetic case for presentation: 1 events observed, severity=low, outcome=pending.",,
7e6b0820-b509-48f0-8607-e85f886f60cf,b62569c1-c0e1-49c6-95c8-30dba3f2211f,743f97fa-289d-4316-8044-fa5b5c20cf15,high,score_penalized,"Synthetic case for presentation: 2 events observed, severity=high, outcome=score_penalized.",90b1b286-043f-4b76-92e4-23c74608f5ea,"2026-09-10 15:00:00"
7cf4dadb-6331-46b0-b873-974face446ca,b62569c1-c0e1-49c6-95c8-30dba3f2211f,54457d5b-b062-4d3e-8adc-334e169ac939,high,score_penalized,"Synthetic case for presentation: 3 events observed, severity=high, outcome=score_penalized.",b661beca-9442-46f7-8b13-c7a626a3435b,"2026-09-11 15:09:00"
eac7a70d-9b80-491e-a406-18aa21f5e784,b62569c1-c0e1-49c6-95c8-30dba3f2211f,5b12e5fb-8a26-4042-8f1b-1f7821d4478f,low,pending,"Synthetic case for presentation: 1 events observed, severity=low, outcome=pending.",,
fe7763aa-34d2-478e-aa21-c701fe1d4d97,b62569c1-c0e1-49c6-95c8-30dba3f2211f,22e0f54d-2281-41dc-bd57-c8a65be81ac6,medium,warned,"Synthetic case for presentation: 2 events observed, severity=medium, outcome=warned.",b661beca-9442-46f7-8b13-c7a626a3435b,"2026-09-13 15:27:00"
b8682534-f0be-47d9-a623-af4c1e0af9ac,b62569c1-c0e1-49c6-95c8-30dba3f2211f,40ebeae2-1cae-4aba-8c27-f5380458b716,high,score_penalized,"Synthetic case for presentation: 3 events observed, severity=high, outcome=score_penalized.",90b1b286-043f-4b76-92e4-23c74608f5ea,"2026-09-14 15:36:00"
3da70df6-a1da-4443-8d3d-3f4ea68e5cb8,127de011-8485-4213-a385-1419aac41aa3,0ac48f93-f410-42c0-8be0-affc9cc97c8b,low,pending,"Synthetic case for presentation: 1 events observed, severity=low, outcome=pending.",,
691ed23d-51e2-4c00-b8f8-60330e6e7271,127de011-8485-4213-a385-1419aac41aa3,4e3295fc-c640-4822-9361-c27a0411fcf1,medium,warned,"Synthetic case for presentation: 2 events observed, severity=medium, outcome=warned.",aab0a207-ff7f-4fee-a3f6-a796f3fb2017,"2026-09-13 15:09:00"
c1e267b3-3923-4d91-a3bb-e4379a19cf1b,127de011-8485-4213-a385-1419aac41aa3,baac066e-d9bc-49f5-900a-b5ae586c4a2b,high,score_penalized,"Synthetic case for presentation: 3 events observed, severity=high, outcome=score_penalized.",aab0a207-ff7f-4fee-a3f6-a796f3fb2017,"2026-09-14 15:18:00"
b5ba8515-673c-4c35-9ab9-35633eef759d,127de011-8485-4213-a385-1419aac41aa3,2a848b13-4408-4370-9f51-5e6e9ea013f3,high,score_penalized,"Synthetic case for presentation: 1 events observed, severity=high, outcome=score_penalized.",aab0a207-ff7f-4fee-a3f6-a796f3fb2017,"2026-09-15 15:27:00"
fad769f2-45b1-4040-b4a5-9ee018e07e41,127de011-8485-4213-a385-1419aac41aa3,43665324-f078-4a37-a2a3-7d94ceb0f136,medium,warned,"Synthetic case for presentation: 2 events observed, severity=medium, outcome=warned.",90b1b286-043f-4b76-92e4-23c74608f5ea,"2026-09-16 15:36:00"
41d1ef25-ec70-44df-97a9-901852520563,39cdbca0-c677-425e-8134-b52341029f26,a3a7a64c-c624-4cdd-af2d-8e871a21edd6,high,score_penalized,"Synthetic case for presentation: 3 events observed, severity=high, outcome=score_penalized.",90b1b286-043f-4b76-92e4-23c74608f5ea,"2026-09-14 15:00:00"
f30a0653-e686-4506-a7b1-08483eac7e39,39cdbca0-c677-425e-8134-b52341029f26,2286ddd1-4bba-4f89-8ebe-c66abf513fb9,high,score_penalized,"Synthetic case for presentation: 1 events observed, severity=high, outcome=score_penalized.",fe085319-4c58-45db-b705-750c5c6d1f71,"2026-09-15 15:09:00"
58d6e46d-ef44-453d-bcbf-e578b64c63b1,39cdbca0-c677-425e-8134-b52341029f26,6c495481-0489-46d7-aff2-6add5fdb40b3,medium,warned,"Synthetic case for presentation: 2 events observed, severity=medium, outcome=warned.",fe085319-4c58-45db-b705-750c5c6d1f71,"2026-09-16 15:18:00"
b2b1112c-7140-41b9-aecb-0bfad26b39b4,39cdbca0-c677-425e-8134-b52341029f26,3c49513d-7ced-4863-82d8-794c147547ec,critical,invalidated,"Synthetic case for presentation: 3 events observed, severity=critical, outcome=invalidated.",fe085319-4c58-45db-b705-750c5c6d1f71,"2026-09-17 15:27:00"
a14df92c-b8b2-4510-9cdb-0f592df53eef,39cdbca0-c677-425e-8134-b52341029f26,d99e5a79-937f-4223-b4a0-dc971c1ea79b,low,pending,"Synthetic case for presentation: 1 events observed, severity=low, outcome=pending.",,
d223b616-3ef9-477f-91cb-47645f4d4a9f,8b5f8c09-7df3-4557-9c1c-c886930af262,581afc2c-a8fa-433b-91e8-f0577c1d3537,medium,warned,"Synthetic case for presentation: 2 events observed, severity=medium, outcome=warned.",90b1b286-043f-4b76-92e4-23c74608f5ea,"2026-09-16 15:00:00"
07a7b557-29d8-4ad3-aa1c-010f44e2cfcb,8b5f8c09-7df3-4557-9c1c-c886930af262,d139efb7-7671-4972-8f15-95e076e6bb4d,critical,invalidated,"Synthetic case for presentation: 3 events observed, severity=critical, outcome=invalidated.",393d1f7a-7933-45d6-ae60-d630119d1f9e,"2026-09-17 15:09:00"
5fda3d42-7a03-47d3-891f-1a5d62d3b85a,8b5f8c09-7df3-4557-9c1c-c886930af262,ff832bb9-3414-4616-8024-7a1c1224b8da,low,pending,"Synthetic case for presentation: 1 events observed, severity=low, outcome=pending.",,
ee3f5b9a-453f-4949-80cd-75ea9d816e22,8b5f8c09-7df3-4557-9c1c-c886930af262,20f3cd30-2e79-4af6-9f7e-b52583c6feae,medium,warned,"Synthetic case for presentation: 2 events observed, severity=medium, outcome=warned.",393d1f7a-7933-45d6-ae60-d630119d1f9e,"2026-09-19 15:27:00"
678b7258-0cde-45fb-8134-e827f29e6d59,8b5f8c09-7df3-4557-9c1c-c886930af262,48117bfb-5dcd-4630-be31-75370bf88b62,high,score_penalized,"Synthetic case for presentation: 3 events observed, severity=high, outcome=score_penalized.",90b1b286-043f-4b76-92e4-23c74608f5ea,"2026-08-26 15:36:00"
5187fa8b-4256-4c79-abe7-a796a331307f,107012ed-cdd0-4ad6-93ed-2c2afd8cbd4b,a66d5d83-b3d4-4f47-82d8-25ed6c3c1507,low,pending,"Synthetic case for presentation: 1 events observed, severity=low, outcome=pending.",,
26dd1ea5-2cb8-44ba-b79b-f0aa03604f86,107012ed-cdd0-4ad6-93ed-2c2afd8cbd4b,56d1d163-9f77-4b25-94d7-98ce2e257611,medium,warned,"Synthetic case for presentation: 2 events observed, severity=medium, outcome=warned.",a070b6d2-5dc8-4f15-bf0f-1d413ba9cc03,"2026-09-19 15:09:00"
8f36daac-1ae4-4e43-a810-1869c2d26fb0,107012ed-cdd0-4ad6-93ed-2c2afd8cbd4b,b6b6556c-e3bc-4314-ba91-8f0803cc665e,high,score_penalized,"Synthetic case for presentation: 3 events observed, severity=high, outcome=score_penalized.",a070b6d2-5dc8-4f15-bf0f-1d413ba9cc03,"2026-08-26 15:18:00"
a1c8cc35-9e94-4239-852b-2b315692e44c,107012ed-cdd0-4ad6-93ed-2c2afd8cbd4b,d0835158-c34a-41e1-a725-d18641b9b308,low,pending,"Synthetic case for presentation: 1 events observed, severity=low, outcome=pending.",,
e2780930-5163-4b83-9f01-c21f2783b7fd,107012ed-cdd0-4ad6-93ed-2c2afd8cbd4b,205c8d14-802b-4058-bd1b-a424179fba5b,high,score_penalized,"Synthetic case for presentation: 2 events observed, severity=high, outcome=score_penalized.",90b1b286-043f-4b76-92e4-23c74608f5ea,"2026-08-28 15:36:00"
896609ba-62a6-43f4-902f-334bcb8726b2,5ed4d5f2-5c6e-45c7-a30d-08e9a0ede5ff,0d45d296-b7e6-4ab5-b561-033346dc3c79,high,score_penalized,"Synthetic case for presentation: 3 events observed, severity=high, outcome=score_penalized.",90b1b286-043f-4b76-92e4-23c74608f5ea,"2026-08-26 15:00:00"
d46b2851-9815-40da-b6fe-ac84ae50665d,5ed4d5f2-5c6e-45c7-a30d-08e9a0ede5ff,1d1411d0-655d-4d0a-93c6-d470222be7a2,low,pending,"Synthetic case for presentation: 1 events observed, severity=low, outcome=pending.",,
2e115711-db37-4197-94e7-c82e4831a3fc,5ed4d5f2-5c6e-45c7-a30d-08e9a0ede5ff,2bc81684-3657-45a2-acea-82d557db3c90,high,score_penalized,"Synthetic case for presentation: 2 events observed, severity=high, outcome=score_penalized.",837d5b61-eb7b-4330-a62d-f2140a907908,"2026-08-28 15:18:00"
95df68f4-0a21-48a9-9f60-27041ad8e15c,5ed4d5f2-5c6e-45c7-a30d-08e9a0ede5ff,cc4d2893-59c0-40e7-88a1-b8366e541f11,high,score_penalized,"Synthetic case for presentation: 3 events observed, severity=high, outcome=score_penalized.",837d5b61-eb7b-4330-a62d-f2140a907908,"2026-08-29 15:27:00"
21a1dc1d-277c-42df-9702-2c5f41d1ed94,5ed4d5f2-5c6e-45c7-a30d-08e9a0ede5ff,887b41f5-d19a-4ac1-9df1-80922ea3b6df,low,pending,"Synthetic case for presentation: 1 events observed, severity=low, outcome=pending.",,
35e1e236-2acf-4d8a-a1dd-7ddc579e5c6f,3af67e9c-5433-43e9-b6ce-16ad99ca6c6d,a91ddf7b-a470-42fc-b094-11a50c871dc9,high,score_penalized,"Synthetic case for presentation: 2 events observed, severity=high, outcome=score_penalized.",90b1b286-043f-4b76-92e4-23c74608f5ea,"2026-08-28 15:00:00"
a7e781cb-aca2-4b66-b97e-2c2d65d10417,3af67e9c-5433-43e9-b6ce-16ad99ca6c6d,3543b863-edd1-45b3-bf81-8945858d4659,high,score_penalized,"Synthetic case for presentation: 3 events observed, severity=high, outcome=score_penalized.",634b50fb-4d1e-4528-a157-6535eba4c81d,"2026-08-29 15:09:00"
e3a70249-ccaf-49e9-97f3-afe0ce875d98,3af67e9c-5433-43e9-b6ce-16ad99ca6c6d,b4af2850-58df-4e25-8f78-fb871df28379,low,pending,"Synthetic case for presentation: 1 events observed, severity=low, outcome=pending.",,
e085bbfd-7e37-4861-b27a-344be9c005a4,3af67e9c-5433-43e9-b6ce-16ad99ca6c6d,9e55a533-ff11-4f8e-a1be-3ee2678c3976,medium,warned,"Synthetic case for presentation: 2 events observed, severity=medium, outcome=warned.",634b50fb-4d1e-4528-a157-6535eba4c81d,"2026-08-31 15:27:00"
9347e08f-050f-4665-8e86-5aa23484a13e,3af67e9c-5433-43e9-b6ce-16ad99ca6c6d,86d395ee-846f-4a58-aac7-4e317dbe6100,high,score_penalized,"Synthetic case for presentation: 3 events observed, severity=high, outcome=score_penalized.",90b1b286-043f-4b76-92e4-23c74608f5ea,"2026-09-01 15:36:00"
458f85f1-8b0c-4c17-8c9d-ab0cc5fae212,45a805ab-e3cb-402b-ae87-7f0aa8ae4ad0,15f8def5-2ce4-47c2-b192-2f9c6d36c3ba,low,pending,"Synthetic case for presentation: 1 events observed, severity=low, outcome=pending.",,
ad14f635-7812-4208-8eb2-7f9b55c2b180,45a805ab-e3cb-402b-ae87-7f0aa8ae4ad0,56f7a69a-3b4a-4ee0-a1f5-714842ab305c,medium,warned,"Synthetic case for presentation: 2 events observed, severity=medium, outcome=warned.",38e6c503-5244-4f40-aaf9-dff20e24a9d8,"2026-08-31 15:09:00"
d1ff2c2c-5551-46f3-ade7-5c0806558552,45a805ab-e3cb-402b-ae87-7f0aa8ae4ad0,1b341fdd-1656-468e-aa71-810809144ddd,high,score_penalized,"Synthetic case for presentation: 3 events observed, severity=high, outcome=score_penalized.",38e6c503-5244-4f40-aaf9-dff20e24a9d8,"2026-09-01 15:18:00"
8414923c-d6c1-4d88-8a56-0a848d823c20,45a805ab-e3cb-402b-ae87-7f0aa8ae4ad0,3fcbad4c-87b2-460c-9bf0-42aefbb250bb,high,score_penalized,"Synthetic case for presentation: 1 events observed, severity=high, outcome=score_penalized.",38e6c503-5244-4f40-aaf9-dff20e24a9d8,"2026-09-02 15:27:00"
4ef3ff5d-0ca8-4347-ab8d-71fcd8253a10,45a805ab-e3cb-402b-ae87-7f0aa8ae4ad0,0a5092e1-7b2e-4d5c-a3cc-520f31c1bb97,medium,warned,"Synthetic case for presentation: 2 events observed, severity=medium, outcome=warned.",90b1b286-043f-4b76-92e4-23c74608f5ea,"2026-09-03 15:36:00"
41fcf640-0ce5-4402-91ea-9d26d255c90f,0b44cd4a-c5cc-42ba-bf6f-734db0e6891a,6bb0b3e4-0716-441e-988f-52f17f63a62f,high,score_penalized,"Synthetic case for presentation: 3 events observed, severity=high, outcome=score_penalized.",90b1b286-043f-4b76-92e4-23c74608f5ea,"2026-09-01 15:00:00"
3806829d-594e-4d2e-8435-599c0ef58486,0b44cd4a-c5cc-42ba-bf6f-734db0e6891a,6ae49653-6a83-4f6a-9682-21bee529acf5,high,score_penalized,"Synthetic case for presentation: 1 events observed, severity=high, outcome=score_penalized.",4b91bfe2-1f2f-4dfd-9d9d-d5bfe95cc7d7,"2026-09-02 15:09:00"
12d93f98-f896-4a4e-8b21-bc30b20cbbbc,0b44cd4a-c5cc-42ba-bf6f-734db0e6891a,59748228-5b67-4efd-b1f3-6b586b1109bd,medium,warned,"Synthetic case for presentation: 2 events observed, severity=medium, outcome=warned.",4b91bfe2-1f2f-4dfd-9d9d-d5bfe95cc7d7,"2026-09-03 15:18:00"
c1fe5813-cb8e-4831-99e9-39fe61680ffc,0b44cd4a-c5cc-42ba-bf6f-734db0e6891a,f63d7d61-9c68-4a3b-a6e1-6187f18de1c9,critical,invalidated,"Synthetic case for presentation: 3 events observed, severity=critical, outcome=invalidated.",4b91bfe2-1f2f-4dfd-9d9d-d5bfe95cc7d7,"2026-09-04 15:27:00"
1d52adcd-a6cd-4079-83ee-7a8c65c99c07,0b44cd4a-c5cc-42ba-bf6f-734db0e6891a,a9533159-8fb6-4f7e-a8c6-8d76850e915a,low,pending,"Synthetic case for presentation: 1 events observed, severity=low, outcome=pending.",,
b3852cdf-c46b-4c44-88a0-222c65181701,6f9de617-249d-4817-a59f-e8193976d808,9cb075b7-230a-4bd0-a408-eea8c0649a4f,medium,warned,"Synthetic case for presentation: 2 events observed, severity=medium, outcome=warned.",90b1b286-043f-4b76-92e4-23c74608f5ea,"2026-09-03 15:00:00"
870499b1-6dd7-4f4e-ac03-1a86791315d6,6f9de617-249d-4817-a59f-e8193976d808,c4cffad4-c2e5-4b6e-8b66-4bf0544bf19a,critical,invalidated,"Synthetic case for presentation: 3 events observed, severity=critical, outcome=invalidated.",edc99b2d-2772-415a-969b-2fc5b300a332,"2026-09-04 15:09:00"
7a0c1f52-f308-45de-9512-890d4d307806,6f9de617-249d-4817-a59f-e8193976d808,fb0cfffb-e973-4e14-9036-6abae9e9fe0c,low,pending,"Synthetic case for presentation: 1 events observed, severity=low, outcome=pending.",,
3b5f1de3-3631-4ba4-b5d1-9f6b621859b3,6f9de617-249d-4817-a59f-e8193976d808,b9c90b30-0ca4-4286-ac75-47e55d88d031,medium,warned,"Synthetic case for presentation: 2 events observed, severity=medium, outcome=warned.",edc99b2d-2772-415a-969b-2fc5b300a332,"2026-09-06 15:27:00"
eced036b-3aa1-4704-81bf-83d0f1841e05,6f9de617-249d-4817-a59f-e8193976d808,d6ba52dd-5f07-4542-b7e5-5dc3173795ca,high,score_penalized,"Synthetic case for presentation: 3 events observed, severity=high, outcome=score_penalized.",90b1b286-043f-4b76-92e4-23c74608f5ea,"2026-09-07 15:36:00"
11f470ce-6675-492b-910c-bd086f889ac0,3ed08e73-d742-439e-a7c8-cba8afaf6685,ddbb4b7c-05d3-4966-b9f2-a081a5262a7d,low,pending,"Synthetic case for presentation: 1 events observed, severity=low, outcome=pending.",,
30506224-36a1-476a-97b6-9af539b6880b,3ed08e73-d742-439e-a7c8-cba8afaf6685,963accb1-7ce4-4662-a3c3-fb27fe60b973,medium,warned,"Synthetic case for presentation: 2 events observed, severity=medium, outcome=warned.",a8223d0a-ff53-436c-a7a1-9b5b670e0577,"2026-09-06 15:09:00"
809f8e49-a7ac-40d7-b4c4-57ba37fef6e1,3ed08e73-d742-439e-a7c8-cba8afaf6685,da150e66-b986-4e9a-807b-bd11c3bd486a,high,score_penalized,"Synthetic case for presentation: 3 events observed, severity=high, outcome=score_penalized.",a8223d0a-ff53-436c-a7a1-9b5b670e0577,"2026-09-07 15:18:00"
57160a70-f060-450f-9d65-9856ca7e7e4b,3ed08e73-d742-439e-a7c8-cba8afaf6685,d5b89222-2586-4006-9259-4dac3d50f943,low,pending,"Synthetic case for presentation: 1 events observed, severity=low, outcome=pending.",,
323b8d80-b30b-4bc6-8b50-6b767e89f50c,3ed08e73-d742-439e-a7c8-cba8afaf6685,2e17491e-4dc3-4016-a982-9af0cb631e13,high,score_penalized,"Synthetic case for presentation: 2 events observed, severity=high, outcome=score_penalized.",90b1b286-043f-4b76-92e4-23c74608f5ea,"2026-09-09 15:36:00"
f90a44dc-8e58-485b-9a6f-049036ae3170,d2af0de5-0fae-4109-92a3-c26136bdd01c,1e58e370-3bf1-4b65-a501-8d2d7b5ccc89,high,score_penalized,"Synthetic case for presentation: 3 events observed, severity=high, outcome=score_penalized.",90b1b286-043f-4b76-92e4-23c74608f5ea,"2026-09-07 15:00:00"
91193530-d64f-46a0-b50b-ef02c32ea04d,d2af0de5-0fae-4109-92a3-c26136bdd01c,d81421b6-53f1-4aa9-85c2-4ce4ac612fea,low,pending,"Synthetic case for presentation: 1 events observed, severity=low, outcome=pending.",,
5089d05e-4bb6-47d3-8365-6e0b2a792bfb,d2af0de5-0fae-4109-92a3-c26136bdd01c,ebafeb54-9a9e-41a5-8608-a96dc4e8d279,high,score_penalized,"Synthetic case for presentation: 2 events observed, severity=high, outcome=score_penalized.",037136cd-0f9b-43bd-86d2-7f167e1545e2,"2026-09-09 15:18:00"
64b42603-0802-4681-bed9-b0b0cac0d25a,d2af0de5-0fae-4109-92a3-c26136bdd01c,f3769f15-5244-4fb7-a284-352b79f5d787,high,score_penalized,"Synthetic case for presentation: 3 events observed, severity=high, outcome=score_penalized.",037136cd-0f9b-43bd-86d2-7f167e1545e2,"2026-09-10 15:27:00"
b5f17383-d695-430b-a68b-c6c2790b6121,d2af0de5-0fae-4109-92a3-c26136bdd01c,a64f8d83-4abb-4d4d-98fb-e604f564b0fd,low,pending,"Synthetic case for presentation: 1 events observed, severity=low, outcome=pending.",,
d63acde7-00b4-4a29-a5ba-adeecf1e7423,ec3a6c2f-8f08-4819-9090-a00f4d8a93d0,922f7daf-ede8-470f-b5e1-f37ad7e55b1e,high,score_penalized,"Synthetic case for presentation: 2 events observed, severity=high, outcome=score_penalized.",90b1b286-043f-4b76-92e4-23c74608f5ea,"2026-09-09 15:00:00"
7ddaaa04-cb45-40a2-9dd0-d8202bc65620,ec3a6c2f-8f08-4819-9090-a00f4d8a93d0,34e53711-67f5-43fd-8ae1-81322e081a55,high,score_penalized,"Synthetic case for presentation: 3 events observed, severity=high, outcome=score_penalized.",53708d4f-93af-45b8-b691-502fd6434d48,"2026-09-10 15:09:00"
9edb0d12-577e-40d1-b0ad-dca5a61a72b0,ec3a6c2f-8f08-4819-9090-a00f4d8a93d0,5576fc0d-c274-41de-8d0d-a8e72155bbb5,low,pending,"Synthetic case for presentation: 1 events observed, severity=low, outcome=pending.",,
262d514b-3c00-4243-b803-29d3f7edd432,ec3a6c2f-8f08-4819-9090-a00f4d8a93d0,0b20434f-2be8-4be3-be5f-97b71dd6e652,medium,warned,"Synthetic case for presentation: 2 events observed, severity=medium, outcome=warned.",53708d4f-93af-45b8-b691-502fd6434d48,"2026-09-12 15:27:00"
9241252f-425a-4f44-a510-2ed0d7eed040,ec3a6c2f-8f08-4819-9090-a00f4d8a93d0,02751bc9-0b39-481e-afc8-67cd0deb5103,high,score_penalized,"Synthetic case for presentation: 3 events observed, severity=high, outcome=score_penalized.",90b1b286-043f-4b76-92e4-23c74608f5ea,"2026-09-13 15:36:00"
75b39995-cf1a-4ecd-969d-2f6d73012fe9,04ed611d-797b-4ded-aca3-5aacf6d7a350,de5f75c9-a612-47a0-96b3-180ff3e77c13,low,pending,"Synthetic case for presentation: 1 events observed, severity=low, outcome=pending.",,
45b9db94-3a37-4ae2-b45b-ffd6a5323aa5,04ed611d-797b-4ded-aca3-5aacf6d7a350,13c716e9-f2de-420a-a6ed-5a75d2414eaf,medium,warned,"Synthetic case for presentation: 2 events observed, severity=medium, outcome=warned.",7a598902-24e7-4641-89f5-f7224d1c826b,"2026-09-12 15:09:00"
158a8a82-c84b-48b9-a309-af5c20d24719,04ed611d-797b-4ded-aca3-5aacf6d7a350,59a5b7c3-d9d3-4c6d-a57a-91ff05886103,high,score_penalized,"Synthetic case for presentation: 3 events observed, severity=high, outcome=score_penalized.",7a598902-24e7-4641-89f5-f7224d1c826b,"2026-09-13 15:18:00"
4205bc76-4471-48c5-8802-4e3a30d187ba,04ed611d-797b-4ded-aca3-5aacf6d7a350,54014341-c349-4252-b79c-77d52535d791,high,score_penalized,"Synthetic case for presentation: 1 events observed, severity=high, outcome=score_penalized.",7a598902-24e7-4641-89f5-f7224d1c826b,"2026-09-14 15:27:00"
2462e575-0e67-4d2f-95c3-17ef91fa3b93,04ed611d-797b-4ded-aca3-5aacf6d7a350,3cebbf2c-afc0-4990-a6a4-9354dc8ddff3,medium,warned,"Synthetic case for presentation: 2 events observed, severity=medium, outcome=warned.",90b1b286-043f-4b76-92e4-23c74608f5ea,"2026-09-15 15:36:00"
7a6cf917-0c01-44c4-aa14-a57461677608,bd85ca72-815f-4627-bb56-edc5c022b9de,8bf4b1ce-145e-4664-8b8b-3f968b432b9d,high,score_penalized,"Synthetic case for presentation: 3 events observed, severity=high, outcome=score_penalized.",90b1b286-043f-4b76-92e4-23c74608f5ea,"2026-09-13 15:00:00"
649a2564-f54e-47f4-b95f-3a06110e23b1,bd85ca72-815f-4627-bb56-edc5c022b9de,1796a4f2-0cca-4d19-9d3d-f26339f3054d,high,score_penalized,"Synthetic case for presentation: 1 events observed, severity=high, outcome=score_penalized.",1ee77759-8f81-4429-b170-f7138d70bff7,"2026-09-14 15:09:00"
4f5305e1-c255-4817-92ca-8abbd225149b,bd85ca72-815f-4627-bb56-edc5c022b9de,1f809d6a-4da3-4aed-885a-3445e31699d5,medium,warned,"Synthetic case for presentation: 2 events observed, severity=medium, outcome=warned.",1ee77759-8f81-4429-b170-f7138d70bff7,"2026-09-15 15:18:00"
4f72a03f-6323-4990-aaed-9db22c7f6432,bd85ca72-815f-4627-bb56-edc5c022b9de,79099d13-9ff2-4a2f-8d16-7bc1b9d1b6ca,critical,invalidated,"Synthetic case for presentation: 3 events observed, severity=critical, outcome=invalidated.",1ee77759-8f81-4429-b170-f7138d70bff7,"2026-09-16 15:27:00"
88dbea37-3e04-4af2-9734-08ed2d0c918b,bd85ca72-815f-4627-bb56-edc5c022b9de,ad67adeb-a756-4e7c-87d9-069e393fd89a,low,pending,"Synthetic case for presentation: 1 events observed, severity=low, outcome=pending.",,
b1a09979-39f9-492d-b843-fa0a3393a1eb,5d728a6f-83ef-4e71-9f7a-4bb3a9af0c80,c1ca511f-1938-4829-a5fd-1aa277396cc4,medium,warned,"Synthetic case for presentation: 2 events observed, severity=medium, outcome=warned.",90b1b286-043f-4b76-92e4-23c74608f5ea,"2026-09-15 15:00:00"
4a747270-3a2d-47e1-b422-f39973b0b5ad,5d728a6f-83ef-4e71-9f7a-4bb3a9af0c80,2ff0abf2-d27f-4770-8445-be3594a5acb7,critical,invalidated,"Synthetic case for presentation: 3 events observed, severity=critical, outcome=invalidated.",37dd6ce1-7ec6-4dc0-86ec-fc79564f22cb,"2026-09-16 15:09:00"
ba5fed39-af3d-4894-b566-0c0a415568a7,5d728a6f-83ef-4e71-9f7a-4bb3a9af0c80,b63d70f6-3ecb-44a6-b1cb-5b119a54afe1,low,pending,"Synthetic case for presentation: 1 events observed, severity=low, outcome=pending.",,
7ebf0637-1865-4d16-bf03-674ca7711734,5d728a6f-83ef-4e71-9f7a-4bb3a9af0c80,44f90537-58f9-4830-bb06-2c8d90cad123,medium,warned,"Synthetic case for presentation: 2 events observed, severity=medium, outcome=warned.",37dd6ce1-7ec6-4dc0-86ec-fc79564f22cb,"2026-09-18 15:27:00"
a5e2b07b-08d5-40aa-b8af-4aff31772b0f,5d728a6f-83ef-4e71-9f7a-4bb3a9af0c80,a159b58f-3a57-4660-ab83-0e92735bc031,high,score_penalized,"Synthetic case for presentation: 3 events observed, severity=high, outcome=score_penalized.",90b1b286-043f-4b76-92e4-23c74608f5ea,"2026-09-19 15:36:00"
5dfe9c1f-c070-4174-8725-d099115280ea,da1ebfaa-0b8e-4f2f-a011-c30d573ea6e6,09db6328-4463-4f3a-9d28-d602814769a5,low,pending,"Synthetic case for presentation: 1 events observed, severity=low, outcome=pending.",,
9dec40a4-fb38-4ecb-9d83-11c07ddbd42c,da1ebfaa-0b8e-4f2f-a011-c30d573ea6e6,5fa94977-efab-4571-9711-09785e8ed4d8,medium,warned,"Synthetic case for presentation: 2 events observed, severity=medium, outcome=warned.",58ddbb5d-f786-4c05-8ac8-05e82086e71c,"2026-09-18 15:09:00"
e958da2b-f1b8-47d6-bb25-f490e193c5f0,da1ebfaa-0b8e-4f2f-a011-c30d573ea6e6,48ebe9e5-f3c8-4537-82de-70a107a058a1,high,score_penalized,"Synthetic case for presentation: 3 events observed, severity=high, outcome=score_penalized.",58ddbb5d-f786-4c05-8ac8-05e82086e71c,"2026-09-19 15:18:00"
62a98e9b-a948-4468-adf7-273e4d7c0fc4,da1ebfaa-0b8e-4f2f-a011-c30d573ea6e6,7e5e7375-b7e8-4f95-ab1e-997732fa74c1,low,pending,"Synthetic case for presentation: 1 events observed, severity=low, outcome=pending.",,
d8d2cad3-97c2-48be-9227-00394b07925d,da1ebfaa-0b8e-4f2f-a011-c30d573ea6e6,9f6a3ae8-6769-48a8-b7b4-465c5c9dc962,high,score_penalized,"Synthetic case for presentation: 2 events observed, severity=high, outcome=score_penalized.",90b1b286-043f-4b76-92e4-23c74608f5ea,"2026-08-27 15:36:00"
6a414e94-bb6a-4e88-a1d2-1f4608d02f2d,da825db5-a860-4e7c-bb94-434621641ccf,b80fa7e4-b278-4fec-b6ea-c4a5425021f0,high,score_penalized,"Synthetic case for presentation: 3 events observed, severity=high, outcome=score_penalized.",90b1b286-043f-4b76-92e4-23c74608f5ea,"2026-09-19 15:00:00"
8ad46ad3-c492-45f4-b918-20f52c4b4f77,da825db5-a860-4e7c-bb94-434621641ccf,80f04951-2917-42ef-a290-5491fc3c8d94,low,pending,"Synthetic case for presentation: 1 events observed, severity=low, outcome=pending.",,
8396e5f4-bed8-47e5-9d93-60eace58db36,da825db5-a860-4e7c-bb94-434621641ccf,8eeff3bf-5afd-4d14-bb01-6a29a887983f,high,score_penalized,"Synthetic case for presentation: 2 events observed, severity=high, outcome=score_penalized.",915bff59-62d2-435a-88eb-747d87359063,"2026-08-27 15:18:00"
06e880ae-0e03-4230-aa14-0b116276f1b6,da825db5-a860-4e7c-bb94-434621641ccf,fe1808a0-4963-49c3-9437-5399181b0952,high,score_penalized,"Synthetic case for presentation: 3 events observed, severity=high, outcome=score_penalized.",915bff59-62d2-435a-88eb-747d87359063,"2026-08-28 15:27:00"
2b525f35-07f0-49ea-a6c9-022d34021224,da825db5-a860-4e7c-bb94-434621641ccf,81414539-313c-4098-b292-1d6a5f292062,low,pending,"Synthetic case for presentation: 1 events observed, severity=low, outcome=pending.",,
3aa5ee93-7014-45ee-ab2f-b2bb21cc7475,147b1e69-39a4-4254-b464-791abc03377a,07e1fa10-db65-404b-9c2f-487c46b18ff7,high,score_penalized,"Synthetic case for presentation: 2 events observed, severity=high, outcome=score_penalized.",90b1b286-043f-4b76-92e4-23c74608f5ea,"2026-08-27 15:00:00"
21afa1d9-f35a-40cb-8c58-8b9a71e65313,147b1e69-39a4-4254-b464-791abc03377a,b9d5f45a-2f98-4d2b-8f82-82326f703907,high,score_penalized,"Synthetic case for presentation: 3 events observed, severity=high, outcome=score_penalized.",3324c538-d618-4c04-af68-a19808ca1068,"2026-08-28 15:09:00"
6342bd72-584e-49d2-8535-78bdfd8f0fe9,147b1e69-39a4-4254-b464-791abc03377a,ce500394-1f6f-46f6-a65f-d144ea6ffe0f,low,pending,"Synthetic case for presentation: 1 events observed, severity=low, outcome=pending.",,
dacdb164-c8f1-45ff-b6bc-6003803de62d,147b1e69-39a4-4254-b464-791abc03377a,df837319-a5de-4dcb-8c09-df5c224a42e2,medium,warned,"Synthetic case for presentation: 2 events observed, severity=medium, outcome=warned.",3324c538-d618-4c04-af68-a19808ca1068,"2026-08-30 15:27:00"
a225b42c-2f44-4414-9b84-8cda8dadd409,147b1e69-39a4-4254-b464-791abc03377a,091bdc96-10c2-4398-8744-b0b01a9fe82b,high,score_penalized,"Synthetic case for presentation: 3 events observed, severity=high, outcome=score_penalized.",90b1b286-043f-4b76-92e4-23c74608f5ea,"2026-08-31 15:36:00"
c5fb8aa7-672b-495f-b65a-1a5e65e85a4d,63e6dfa4-6961-43a9-ad7d-dc63b78e0371,8ca10164-480b-4e2d-9da0-ee1a7a5bccbf,low,pending,"Synthetic case for presentation: 1 events observed, severity=low, outcome=pending.",,
ce526d2a-f3c5-4ecf-9f55-1e19ddc01563,63e6dfa4-6961-43a9-ad7d-dc63b78e0371,874ba40e-471a-4aa8-be35-ad1f2fe88b9b,medium,warned,"Synthetic case for presentation: 2 events observed, severity=medium, outcome=warned.",8c4c9203-3da4-4c1b-bbce-b611f69bc6e7,"2026-08-30 15:09:00"
304df3e3-df97-4e12-ba1b-2575d6b6e832,63e6dfa4-6961-43a9-ad7d-dc63b78e0371,e4803571-53df-451c-99b2-600ff262b386,high,score_penalized,"Synthetic case for presentation: 3 events observed, severity=high, outcome=score_penalized.",8c4c9203-3da4-4c1b-bbce-b611f69bc6e7,"2026-08-31 15:18:00"
25cedce5-a139-4f13-aa40-8ec375908147,63e6dfa4-6961-43a9-ad7d-dc63b78e0371,faf4618c-04c5-406d-bc0e-43310607fed3,high,score_penalized,"Synthetic case for presentation: 1 events observed, severity=high, outcome=score_penalized.",8c4c9203-3da4-4c1b-bbce-b611f69bc6e7,"2026-09-01 15:27:00"
7c08dc59-9629-43ad-b9d1-c21e589ec9bf,63e6dfa4-6961-43a9-ad7d-dc63b78e0371,57729514-66ef-4fa1-83ce-5df10cd6a631,medium,warned,"Synthetic case for presentation: 2 events observed, severity=medium, outcome=warned.",90b1b286-043f-4b76-92e4-23c74608f5ea,"2026-09-02 15:36:00"
08fb4be6-021e-4bd5-a9a6-6f1c36e3f25c,cce0f25d-0267-411f-aec5-d1b1ab2ad554,716ac48c-b873-4169-9997-091c7fa4f50b,high,score_penalized,"Synthetic case for presentation: 3 events observed, severity=high, outcome=score_penalized.",90b1b286-043f-4b76-92e4-23c74608f5ea,"2026-08-31 15:00:00"
061b423a-45c6-4dbc-8411-7a84c1c10534,cce0f25d-0267-411f-aec5-d1b1ab2ad554,c63e561e-b398-4546-9b2c-f55d26610b78,high,score_penalized,"Synthetic case for presentation: 1 events observed, severity=high, outcome=score_penalized.",fca6e511-a6aa-4719-ace2-ebcbbb9b3f2b,"2026-09-01 15:09:00"
0dab3c16-95ad-4e25-bf99-5eba6225d968,cce0f25d-0267-411f-aec5-d1b1ab2ad554,06f725d2-cc1a-4c20-8fbc-e6e3f5318fc7,medium,warned,"Synthetic case for presentation: 2 events observed, severity=medium, outcome=warned.",fca6e511-a6aa-4719-ace2-ebcbbb9b3f2b,"2026-09-02 15:18:00"
78fea172-434f-4412-9c1f-d7587ee08e20,cce0f25d-0267-411f-aec5-d1b1ab2ad554,66ab5a35-51ff-43c2-84c3-b5f609d67fc3,critical,invalidated,"Synthetic case for presentation: 3 events observed, severity=critical, outcome=invalidated.",fca6e511-a6aa-4719-ace2-ebcbbb9b3f2b,"2026-09-03 15:27:00"
05f80798-d61b-4fd7-8bc8-3eb0db52f176,cce0f25d-0267-411f-aec5-d1b1ab2ad554,485521f2-f408-43cb-818c-42a9ceae3877,low,pending,"Synthetic case for presentation: 1 events observed, severity=low, outcome=pending.",,
0fb08e65-3d35-458a-b941-a17ff14cb572,87f14351-bebc-4c5b-a4bc-3ab451f8b28e,c4572ce9-0998-4226-b3c1-31511aa6209b,medium,warned,"Synthetic case for presentation: 2 events observed, severity=medium, outcome=warned.",90b1b286-043f-4b76-92e4-23c74608f5ea,"2026-09-02 15:00:00"
70da4870-3368-4f54-862b-036034ba97d2,87f14351-bebc-4c5b-a4bc-3ab451f8b28e,185b0e4d-50a1-4376-9341-6c1ca6922a71,critical,invalidated,"Synthetic case for presentation: 3 events observed, severity=critical, outcome=invalidated.",6fb259e1-78f5-49e5-8875-3de3c562e68f,"2026-09-03 15:09:00"
643fc970-4bab-45c7-903a-c2e6a61c650d,87f14351-bebc-4c5b-a4bc-3ab451f8b28e,91e32a2b-724f-4c84-a7be-b180e9b52263,low,pending,"Synthetic case for presentation: 1 events observed, severity=low, outcome=pending.",,
7f286801-6934-4416-9e35-73004a110d6d,87f14351-bebc-4c5b-a4bc-3ab451f8b28e,e7af76ff-60d1-40ac-a6bc-8eac587eefeb,medium,warned,"Synthetic case for presentation: 2 events observed, severity=medium, outcome=warned.",6fb259e1-78f5-49e5-8875-3de3c562e68f,"2026-09-05 15:27:00"
7d6db37c-e11c-4521-9f80-34f6509f544d,87f14351-bebc-4c5b-a4bc-3ab451f8b28e,5f3e9d9b-1202-4125-ae0e-0a4b2ee92271,high,score_penalized,"Synthetic case for presentation: 3 events observed, severity=high, outcome=score_penalized.",90b1b286-043f-4b76-92e4-23c74608f5ea,"2026-09-06 15:36:00"
104336fb-7814-4b6e-b1b6-6c5e159561f8,49cf3811-6c1a-4897-84de-c655e359704e,a69ae476-a151-4449-8eea-c8674e71ee52,low,pending,"Synthetic case for presentation: 1 events observed, severity=low, outcome=pending.",,
cd238284-2df9-4fbf-98c0-c0216e2cd7a7,49cf3811-6c1a-4897-84de-c655e359704e,a9ae9e05-9e83-406b-b60e-fcbce4912bc2,medium,warned,"Synthetic case for presentation: 2 events observed, severity=medium, outcome=warned.",38b58542-6ef0-426c-a0fe-87b340aa9bba,"2026-09-05 15:09:00"
4f8acfb7-76d1-4a6e-b481-733df9817410,49cf3811-6c1a-4897-84de-c655e359704e,06d9dc21-f843-4b9c-83e3-cccfdd6d7021,high,score_penalized,"Synthetic case for presentation: 3 events observed, severity=high, outcome=score_penalized.",38b58542-6ef0-426c-a0fe-87b340aa9bba,"2026-09-06 15:18:00"
6276b0ef-ab4b-446a-8952-5f74f594f946,49cf3811-6c1a-4897-84de-c655e359704e,69e1e83b-f01e-493c-bcef-bb50d711852f,low,pending,"Synthetic case for presentation: 1 events observed, severity=low, outcome=pending.",,
321a1354-4c01-437f-80aa-acc471520a30,49cf3811-6c1a-4897-84de-c655e359704e,253d53dd-fa95-4971-9614-deedd5d73581,high,score_penalized,"Synthetic case for presentation: 2 events observed, severity=high, outcome=score_penalized.",90b1b286-043f-4b76-92e4-23c74608f5ea,"2026-09-08 15:36:00"
063a26b3-b978-4c15-a00f-96f3ff21c880,1f4555f2-aa0e-4f13-bb7c-0d1bf780aa1c,6656fcab-4927-4391-b7ec-0e48014ccf5b,high,score_penalized,"Synthetic case for presentation: 3 events observed, severity=high, outcome=score_penalized.",90b1b286-043f-4b76-92e4-23c74608f5ea,"2026-09-06 15:00:00"
1f3ada42-9be7-4590-8dbc-584abe13d12b,1f4555f2-aa0e-4f13-bb7c-0d1bf780aa1c,11951a4f-63ad-46a5-9db0-a42a8c5cb636,low,pending,"Synthetic case for presentation: 1 events observed, severity=low, outcome=pending.",,
f0151b34-1426-493d-a5ab-8bd1ee0311f5,1f4555f2-aa0e-4f13-bb7c-0d1bf780aa1c,089804c6-19c7-4b2b-afe3-03c08409d0f6,high,score_penalized,"Synthetic case for presentation: 2 events observed, severity=high, outcome=score_penalized.",c7d360e0-7597-4b82-859a-4d84987f6fe9,"2026-09-08 15:18:00"
21069d0b-2aa3-4429-8a50-af7cebf02651,1f4555f2-aa0e-4f13-bb7c-0d1bf780aa1c,ba39ccd9-382f-432a-8a3a-ecf26b6441cb,high,score_penalized,"Synthetic case for presentation: 3 events observed, severity=high, outcome=score_penalized.",c7d360e0-7597-4b82-859a-4d84987f6fe9,"2026-09-09 15:27:00"
18951297-9232-4ce9-be32-e5c4f36743f9,1f4555f2-aa0e-4f13-bb7c-0d1bf780aa1c,f66a8c34-10ce-4bb7-bfeb-23dac42afe3e,low,pending,"Synthetic case for presentation: 1 events observed, severity=low, outcome=pending.",,
c1a71878-2be3-4cbd-8e30-d1397db78db1,2eca227d-f498-4c36-a670-36e6e80ef55d,9c3aeca0-4f04-41d4-baee-5613a69175e0,high,score_penalized,"Synthetic case for presentation: 2 events observed, severity=high, outcome=score_penalized.",90b1b286-043f-4b76-92e4-23c74608f5ea,"2026-09-08 15:00:00"
4371c205-e4b5-4d5d-a67e-b5875604fb39,2eca227d-f498-4c36-a670-36e6e80ef55d,12f158d2-e3b9-490f-a6ef-4e56400e3505,high,score_penalized,"Synthetic case for presentation: 3 events observed, severity=high, outcome=score_penalized.",008826db-1c35-4690-8b16-7e009ee51cab,"2026-09-09 15:09:00"
7833d335-fe62-4ddc-9017-50b9425b25a0,2eca227d-f498-4c36-a670-36e6e80ef55d,1ac41d90-c61a-47f5-a16d-32565200fdae,low,pending,"Synthetic case for presentation: 1 events observed, severity=low, outcome=pending.",,
90d2fc95-bc39-4dab-91f7-c61567d96a3b,2eca227d-f498-4c36-a670-36e6e80ef55d,8adbfc42-3a4a-499b-a26b-1adaf1b66226,medium,warned,"Synthetic case for presentation: 2 events observed, severity=medium, outcome=warned.",008826db-1c35-4690-8b16-7e009ee51cab,"2026-09-11 15:27:00"
e4ab3b71-a4b0-490a-9379-52b6b9089e4a,2eca227d-f498-4c36-a670-36e6e80ef55d,96eb617b-a4cb-456d-9ed3-a25200880e11,high,score_penalized,"Synthetic case for presentation: 3 events observed, severity=high, outcome=score_penalized.",90b1b286-043f-4b76-92e4-23c74608f5ea,"2026-09-12 15:36:00"
76b216ca-36a4-4868-9b71-e8fb6c8a14ce,e8cdf176-5a82-46bd-a0f5-6df9f0653550,2934e836-21f9-48c3-bf08-3f4bbea139d7,low,pending,"Synthetic case for presentation: 1 events observed, severity=low, outcome=pending.",,
c1153d5a-60a1-4f23-a47e-2762ee62b0a6,e8cdf176-5a82-46bd-a0f5-6df9f0653550,faf84e3d-51a0-439c-871c-686492950d0a,medium,warned,"Synthetic case for presentation: 2 events observed, severity=medium, outcome=warned.",efd61ae9-5b90-4c4a-afb8-f389db47f37b,"2026-09-11 15:09:00"
ca99dba3-3f9a-4013-86a7-2a5f631c36e6,e8cdf176-5a82-46bd-a0f5-6df9f0653550,cd2def61-f829-4dd5-ada2-4d3b396e336a,high,score_penalized,"Synthetic case for presentation: 3 events observed, severity=high, outcome=score_penalized.",efd61ae9-5b90-4c4a-afb8-f389db47f37b,"2026-09-12 15:18:00"
36f791a3-f3e0-4f62-a797-878f22c2cafb,e8cdf176-5a82-46bd-a0f5-6df9f0653550,0597b627-33d6-4078-96f6-15319c9f5fdd,high,score_penalized,"Synthetic case for presentation: 1 events observed, severity=high, outcome=score_penalized.",efd61ae9-5b90-4c4a-afb8-f389db47f37b,"2026-09-13 15:27:00"
7e2848f8-282e-4af7-a1ed-fd148ab99631,e8cdf176-5a82-46bd-a0f5-6df9f0653550,6c666be9-3d83-4a63-b57d-fa30453cdf7e,medium,warned,"Synthetic case for presentation: 2 events observed, severity=medium, outcome=warned.",90b1b286-043f-4b76-92e4-23c74608f5ea,"2026-09-14 15:36:00"
79d39f31-44c2-4090-bde0-9dd2615056b3,4417c0d4-41be-4d49-bf1c-6846336f0c16,76233c66-0d4f-4d86-9a54-2a68a665f6da,high,score_penalized,"Synthetic case for presentation: 3 events observed, severity=high, outcome=score_penalized.",90b1b286-043f-4b76-92e4-23c74608f5ea,"2026-09-12 15:00:00"
bcbda00c-bcdb-461b-a477-29c4706d50b8,4417c0d4-41be-4d49-bf1c-6846336f0c16,deccdfb0-0008-40a7-af92-a63f9b4df0d3,high,score_penalized,"Synthetic case for presentation: 1 events observed, severity=high, outcome=score_penalized.",a6b1aaab-6196-4f25-a75a-5bb17f15f401,"2026-09-13 15:09:00"
ab40b8bb-8df2-4f53-8b94-bbfd0c1a8cef,4417c0d4-41be-4d49-bf1c-6846336f0c16,090c7a12-115a-4501-8a21-e8248ba3016f,medium,warned,"Synthetic case for presentation: 2 events observed, severity=medium, outcome=warned.",a6b1aaab-6196-4f25-a75a-5bb17f15f401,"2026-09-14 15:18:00"
aca6d021-e7da-41e1-8092-a9137de7e3f6,4417c0d4-41be-4d49-bf1c-6846336f0c16,2632df88-a89e-41c2-9a9b-b5a9225884d4,critical,invalidated,"Synthetic case for presentation: 3 events observed, severity=critical, outcome=invalidated.",a6b1aaab-6196-4f25-a75a-5bb17f15f401,"2026-09-15 15:27:00"
0ec40596-3ee1-45fb-b31f-01426a021912,4417c0d4-41be-4d49-bf1c-6846336f0c16,d40e038a-675b-452e-b279-4b83caf6a4e1,low,pending,"Synthetic case for presentation: 1 events observed, severity=low, outcome=pending.",,
9268bc40-0ef8-46a3-955c-ed981b561b7b,0241730e-1101-4ea1-ba61-3cc5ef44eaf1,65e73ca6-fce9-41f2-a209-06046abde915,medium,warned,"Synthetic case for presentation: 2 events observed, severity=medium, outcome=warned.",90b1b286-043f-4b76-92e4-23c74608f5ea,"2026-09-14 15:00:00"
903033a1-9d92-4726-889b-3cbf171a855b,0241730e-1101-4ea1-ba61-3cc5ef44eaf1,95d44131-00fa-4429-963d-e4487538bfb3,critical,invalidated,"Synthetic case for presentation: 3 events observed, severity=critical, outcome=invalidated.",1d7b5b80-d40a-4739-9d08-e1a7352b0cb1,"2026-09-15 15:09:00"
f02f2475-8852-4e28-a6a9-c98182987459,0241730e-1101-4ea1-ba61-3cc5ef44eaf1,b4705dec-31c0-4e55-a17e-ef81c2e53c2d,low,pending,"Synthetic case for presentation: 1 events observed, severity=low, outcome=pending.",,
133d1a8e-72af-435f-be96-4e22d9d258c0,0241730e-1101-4ea1-ba61-3cc5ef44eaf1,caf329cb-0890-45f0-9d61-bebaf12f1fab,medium,warned,"Synthetic case for presentation: 2 events observed, severity=medium, outcome=warned.",1d7b5b80-d40a-4739-9d08-e1a7352b0cb1,"2026-09-17 15:27:00"
f45ddcb3-e794-4331-b30f-fb1847fabe76,0241730e-1101-4ea1-ba61-3cc5ef44eaf1,46a9a5f7-5ceb-4e2f-9c28-77050a835a21,high,score_penalized,"Synthetic case for presentation: 3 events observed, severity=high, outcome=score_penalized.",90b1b286-043f-4b76-92e4-23c74608f5ea,"2026-09-18 15:36:00"
c40112d7-d312-4ff5-b4e3-70126f0da36e,2708da78-821f-4796-bfd6-edea8a503833,fd81949d-e5a1-403d-8b1e-aeaf33c41aa2,low,pending,"Synthetic case for presentation: 1 events observed, severity=low, outcome=pending.",,
30f25379-ef65-4780-a6c1-73b15830a865,2708da78-821f-4796-bfd6-edea8a503833,23506ae8-2ad9-463e-b704-fcd8f063b32e,medium,warned,"Synthetic case for presentation: 2 events observed, severity=medium, outcome=warned.",2012fce5-0433-41d3-bc4c-6cb63c7ee00b,"2026-09-17 15:09:00"
64ffc04f-c066-4d26-8b7a-38ae6100c66a,2708da78-821f-4796-bfd6-edea8a503833,de5f7ee1-96d0-442b-8ad2-ab04433df97a,high,score_penalized,"Synthetic case for presentation: 3 events observed, severity=high, outcome=score_penalized.",2012fce5-0433-41d3-bc4c-6cb63c7ee00b,"2026-09-18 15:18:00"
34d49396-3a3c-4ab4-9054-be9b8a5b13ab,2708da78-821f-4796-bfd6-edea8a503833,198b82e7-8d41-498e-9586-c78f4ad8d55a,low,pending,"Synthetic case for presentation: 1 events observed, severity=low, outcome=pending.",,
ba7c5b0f-0048-4508-bb1c-ffc68b62520e,2708da78-821f-4796-bfd6-edea8a503833,9cb5c43f-426b-4fd3-8feb-0767f9293cb6,high,score_penalized,"Synthetic case for presentation: 2 events observed, severity=high, outcome=score_penalized.",90b1b286-043f-4b76-92e4-23c74608f5ea,"2026-08-26 15:36:00"
1fbca18f-71f3-487a-b930-7e0425426be8,45964527-e7aa-4a3a-bf68-376138c43c84,d7ff0716-c11b-4cef-9b7b-0456fe125b86,high,score_penalized,"Synthetic case for presentation: 3 events observed, severity=high, outcome=score_penalized.",90b1b286-043f-4b76-92e4-23c74608f5ea,"2026-09-18 15:00:00"
3a273647-3243-49c3-997e-b7ededd77ab6,45964527-e7aa-4a3a-bf68-376138c43c84,4d4633eb-596d-442b-af9c-63ed21438e25,low,pending,"Synthetic case for presentation: 1 events observed, severity=low, outcome=pending.",,
1525c791-3200-436e-9a44-4fd6900e72ef,45964527-e7aa-4a3a-bf68-376138c43c84,1a6b7065-1aed-4545-b20c-8811c19defb2,high,score_penalized,"Synthetic case for presentation: 2 events observed, severity=high, outcome=score_penalized.",3fc6bc10-fd53-44d5-8d34-1e3141add13a,"2026-08-26 15:18:00"
04cd05b3-3b82-40c4-8486-f3e83506c2a8,45964527-e7aa-4a3a-bf68-376138c43c84,44c97364-dad1-4f0f-8379-a681e36e1fad,high,score_penalized,"Synthetic case for presentation: 3 events observed, severity=high, outcome=score_penalized.",3fc6bc10-fd53-44d5-8d34-1e3141add13a,"2026-08-27 15:27:00"
8fd91a84-65eb-4e09-bf2d-34c7fab73c4a,45964527-e7aa-4a3a-bf68-376138c43c84,35a41d37-fe97-4642-93f5-d3a5126948b0,low,pending,"Synthetic case for presentation: 1 events observed, severity=low, outcome=pending.",,
997802c4-d90c-4a4d-9c36-5982e7087584,23ea5858-c0d1-42a9-9259-a5260da55d8a,1a157656-96a8-44b8-891b-f2d3de5f0d1c,high,score_penalized,"Synthetic case for presentation: 2 events observed, severity=high, outcome=score_penalized.",90b1b286-043f-4b76-92e4-23c74608f5ea,"2026-08-26 15:00:00"
ae7bf49b-296f-4111-8592-1fbe23ad277d,23ea5858-c0d1-42a9-9259-a5260da55d8a,82b1173e-9a13-43a8-87ce-a568cb14e641,high,score_penalized,"Synthetic case for presentation: 3 events observed, severity=high, outcome=score_penalized.",1ce78530-8f16-45a5-9531-64904d55fce2,"2026-08-27 15:09:00"
4b1b131a-40ee-4d03-b4a4-34298cf33cec,23ea5858-c0d1-42a9-9259-a5260da55d8a,ae1bd6b5-5ea5-4d24-989e-22258d4a9e29,low,pending,"Synthetic case for presentation: 1 events observed, severity=low, outcome=pending.",,
b60fbce8-7ae9-4f31-98a9-f2b76bd079d6,23ea5858-c0d1-42a9-9259-a5260da55d8a,ecb01f10-b660-4c8b-a8d0-2286824043b4,medium,warned,"Synthetic case for presentation: 2 events observed, severity=medium, outcome=warned.",1ce78530-8f16-45a5-9531-64904d55fce2,"2026-08-29 15:27:00"
f4d26444-cf58-4d5a-8ae4-2321864406cc,23ea5858-c0d1-42a9-9259-a5260da55d8a,c35ac543-ba60-4913-9746-315cbb98bb5a,high,score_penalized,"Synthetic case for presentation: 3 events observed, severity=high, outcome=score_penalized.",90b1b286-043f-4b76-92e4-23c74608f5ea,"2026-08-30 15:36:00"
5d5c0420-28fd-47d2-ad32-eb235e32716a,8765570f-e9de-4694-b3ed-63ba6225bcb1,21de305d-f26f-41b3-ab7a-4af76a9c9b67,low,pending,"Synthetic case for presentation: 1 events observed, severity=low, outcome=pending.",,
e38d69e0-806d-4b05-9b54-284aad3b85ec,8765570f-e9de-4694-b3ed-63ba6225bcb1,d675c052-db78-4456-b2f8-9c964ae69bb7,medium,warned,"Synthetic case for presentation: 2 events observed, severity=medium, outcome=warned.",0dde36b3-051a-417c-bb4a-8005fee6df09,"2026-08-29 15:09:00"
7826f8c4-23b9-4e9e-b5c1-4f859c7e7439,8765570f-e9de-4694-b3ed-63ba6225bcb1,fb4f3335-a9af-49c5-897b-53a6bb31d9b4,high,score_penalized,"Synthetic case for presentation: 3 events observed, severity=high, outcome=score_penalized.",0dde36b3-051a-417c-bb4a-8005fee6df09,"2026-08-30 15:18:00"
2e69d3eb-75e9-4b44-8f28-7dfb28a3b8c6,8765570f-e9de-4694-b3ed-63ba6225bcb1,4123c74a-05b3-4e5e-85e8-5366baf1498d,high,score_penalized,"Synthetic case for presentation: 1 events observed, severity=high, outcome=score_penalized.",0dde36b3-051a-417c-bb4a-8005fee6df09,"2026-08-31 15:27:00"
f5ae5c1f-dd80-4bce-b7c8-ab9902477243,8765570f-e9de-4694-b3ed-63ba6225bcb1,39ad9fcc-4028-4bd1-9c2e-01cae57eac1f,medium,warned,"Synthetic case for presentation: 2 events observed, severity=medium, outcome=warned.",90b1b286-043f-4b76-92e4-23c74608f5ea,"2026-09-01 15:36:00"
00ad933a-4aab-48e0-8c66-e9692ec033d6,b77fe627-caa8-48a7-95eb-f4338d459bfc,8d4376e3-77bf-49f5-baa2-3221ea00750a,high,score_penalized,"Synthetic case for presentation: 3 events observed, severity=high, outcome=score_penalized.",90b1b286-043f-4b76-92e4-23c74608f5ea,"2026-08-30 15:00:00"
47b2718d-5d0a-407a-9f95-69eecc0fb3d4,b77fe627-caa8-48a7-95eb-f4338d459bfc,698e6dfc-63f6-4566-8431-e47fb0c19dd8,high,score_penalized,"Synthetic case for presentation: 1 events observed, severity=high, outcome=score_penalized.",2984a405-b936-4b17-91f2-24c1a3daf172,"2026-08-31 15:09:00"
c32fabfd-d6df-4a98-8121-c93508c2d299,b77fe627-caa8-48a7-95eb-f4338d459bfc,8da5f664-7bb3-45c1-94c5-f80de63ce70a,medium,warned,"Synthetic case for presentation: 2 events observed, severity=medium, outcome=warned.",2984a405-b936-4b17-91f2-24c1a3daf172,"2026-09-01 15:18:00"
d0a8f6fc-8936-45c6-9bd7-3855394bee50,b77fe627-caa8-48a7-95eb-f4338d459bfc,7fadbf67-9125-4443-a184-93aa7c58f528,critical,invalidated,"Synthetic case for presentation: 3 events observed, severity=critical, outcome=invalidated.",2984a405-b936-4b17-91f2-24c1a3daf172,"2026-09-02 15:27:00"
396a6dbf-d137-4ee8-b49e-5f0d1d1bb26e,b77fe627-caa8-48a7-95eb-f4338d459bfc,97dd321c-e080-4062-9c9b-a12f42427163,low,pending,"Synthetic case for presentation: 1 events observed, severity=low, outcome=pending.",,
0768a37f-c6f3-4c47-bce7-4ef591d29268,cadde74d-cc25-44ed-aaae-d5f505756539,ee80853e-0a66-403b-853f-0ca66831b6cc,medium,warned,"Synthetic case for presentation: 2 events observed, severity=medium, outcome=warned.",90b1b286-043f-4b76-92e4-23c74608f5ea,"2026-09-01 15:00:00"
b2a88466-2efb-455b-a1d5-4a1636d08217,cadde74d-cc25-44ed-aaae-d5f505756539,b0c67604-874d-4a18-9f44-61e38142f59e,critical,invalidated,"Synthetic case for presentation: 3 events observed, severity=critical, outcome=invalidated.",cbb1e63a-c48b-45d8-bd25-f024f044a6ef,"2026-09-02 15:09:00"
a915e8d3-9642-4890-915c-7a8b0a0948d5,cadde74d-cc25-44ed-aaae-d5f505756539,ab2d5a4b-f92f-4303-9202-fa6ff358bcb3,low,pending,"Synthetic case for presentation: 1 events observed, severity=low, outcome=pending.",,
5177b122-a4c0-4cc0-8f45-080da06fc4a5,cadde74d-cc25-44ed-aaae-d5f505756539,0e1d751d-3b1d-437b-b515-af3df27187d8,medium,warned,"Synthetic case for presentation: 2 events observed, severity=medium, outcome=warned.",cbb1e63a-c48b-45d8-bd25-f024f044a6ef,"2026-09-04 15:27:00"
3a5e43fc-42d7-4e4c-b910-b3214fffbb6a,cadde74d-cc25-44ed-aaae-d5f505756539,a504920d-d773-40a3-8551-445c9167645c,high,score_penalized,"Synthetic case for presentation: 3 events observed, severity=high, outcome=score_penalized.",90b1b286-043f-4b76-92e4-23c74608f5ea,"2026-09-05 15:36:00"
df3d7046-5156-4d6f-ad74-cec3e30a2bff,27cf758d-408d-437f-bd34-a74ea1918c0b,4f42a83d-9633-487b-981c-1db1e1200e41,low,pending,"Synthetic case for presentation: 1 events observed, severity=low, outcome=pending.",,
818deba4-5a4c-4e80-88f9-7636a7f6fcdb,27cf758d-408d-437f-bd34-a74ea1918c0b,fdcf8143-2e5c-4bba-ad3c-370a0c47a2a3,medium,warned,"Synthetic case for presentation: 2 events observed, severity=medium, outcome=warned.",bcdf9a6b-3430-4349-95a6-fc01d3b16413,"2026-09-04 15:09:00"
2ade2005-9a42-406d-8db5-7e7c71836d33,27cf758d-408d-437f-bd34-a74ea1918c0b,02b9b15c-cea4-4c46-a862-a7f421bdabd9,high,score_penalized,"Synthetic case for presentation: 3 events observed, severity=high, outcome=score_penalized.",bcdf9a6b-3430-4349-95a6-fc01d3b16413,"2026-09-05 15:18:00"
362b085a-4bb7-44ce-941c-ada9d77c5949,27cf758d-408d-437f-bd34-a74ea1918c0b,d8bd259b-1368-411a-ad2e-6efd33bc5ebb,low,pending,"Synthetic case for presentation: 1 events observed, severity=low, outcome=pending.",,
950eeb53-0866-4f3b-b881-9011578c2fad,27cf758d-408d-437f-bd34-a74ea1918c0b,219a889e-ac32-4b70-b57f-ecebb90bebd8,high,score_penalized,"Synthetic case for presentation: 2 events observed, severity=high, outcome=score_penalized.",90b1b286-043f-4b76-92e4-23c74608f5ea,"2026-09-07 15:36:00"
bac34d6f-4d37-4bf7-adb8-acd992178278,42a6896c-dece-4e17-a277-22efdfd39275,ec4125f0-f72f-42f0-9071-bf0fd9bf64b2,high,score_penalized,"Synthetic case for presentation: 3 events observed, severity=high, outcome=score_penalized.",90b1b286-043f-4b76-92e4-23c74608f5ea,"2026-09-05 15:00:00"
db6bc9fe-f535-4c0f-bcf2-e9840c9329e8,42a6896c-dece-4e17-a277-22efdfd39275,aa5ef489-b680-4c30-9628-3c5cb0ba14d4,low,pending,"Synthetic case for presentation: 1 events observed, severity=low, outcome=pending.",,
1eb20d4d-b88d-4006-a66b-fe32daaed416,42a6896c-dece-4e17-a277-22efdfd39275,18910ae2-fb36-45d3-818b-e978879d303a,high,score_penalized,"Synthetic case for presentation: 2 events observed, severity=high, outcome=score_penalized.",2c955b64-4ef2-483d-a44a-8a769d29787d,"2026-09-07 15:18:00"
180fb4fc-37b1-416e-9eeb-2eece87dd59f,42a6896c-dece-4e17-a277-22efdfd39275,6bbce922-107c-4b0a-8d21-76dead4c7903,high,score_penalized,"Synthetic case for presentation: 3 events observed, severity=high, outcome=score_penalized.",2c955b64-4ef2-483d-a44a-8a769d29787d,"2026-09-08 15:27:00"
5602b555-79b4-486f-873d-c2bb6d833cf7,42a6896c-dece-4e17-a277-22efdfd39275,634a0433-d79b-449e-b0c1-004b6d4a53bf,low,pending,"Synthetic case for presentation: 1 events observed, severity=low, outcome=pending.",,
24638c2a-0d87-45b4-9972-9ba615b4d49a,c5e62730-78e6-4b48-b745-aff0ba19ed66,2d6590e1-0e4c-41a5-b77e-267bf62c0da1,high,score_penalized,"Synthetic case for presentation: 2 events observed, severity=high, outcome=score_penalized.",90b1b286-043f-4b76-92e4-23c74608f5ea,"2026-09-07 15:00:00"
5c1015a9-ee48-4888-b572-a179ae9b906f,c5e62730-78e6-4b48-b745-aff0ba19ed66,e0569c84-ca01-4a80-ba31-673c7755dd47,high,score_penalized,"Synthetic case for presentation: 3 events observed, severity=high, outcome=score_penalized.",c2a46866-1f88-4746-90d9-806de7a9643d,"2026-09-08 15:09:00"
1176a0f3-5d19-4ef9-b305-5c76e2fda235,c5e62730-78e6-4b48-b745-aff0ba19ed66,63167ac6-39d5-4ee1-98c6-84486a3d1324,low,pending,"Synthetic case for presentation: 1 events observed, severity=low, outcome=pending.",,
99050452-d269-4b7c-a73b-08505fd59c2c,c5e62730-78e6-4b48-b745-aff0ba19ed66,dc10168d-815b-47ce-bcee-59c04af02126,medium,warned,"Synthetic case for presentation: 2 events observed, severity=medium, outcome=warned.",c2a46866-1f88-4746-90d9-806de7a9643d,"2026-09-10 15:27:00"
b84d720e-16b6-4dd6-ba77-fe55e72ed2ca,c5e62730-78e6-4b48-b745-aff0ba19ed66,f7bb2dcc-a43e-4ec6-b089-b10bc052132d,high,score_penalized,"Synthetic case for presentation: 3 events observed, severity=high, outcome=score_penalized.",90b1b286-043f-4b76-92e4-23c74608f5ea,"2026-09-11 15:36:00"
d311f455-5d78-4a85-8e65-2ae9d704a0ff,174c282b-6668-46f3-b140-ada68e5c7810,dde38a31-a7e1-441b-9544-b00e13d73476,low,pending,"Synthetic case for presentation: 1 events observed, severity=low, outcome=pending.",,
5953c2e6-8fa0-4f34-8200-68ceafb33a4d,174c282b-6668-46f3-b140-ada68e5c7810,459aac54-7588-4b35-af15-03b624ca6ebf,medium,warned,"Synthetic case for presentation: 2 events observed, severity=medium, outcome=warned.",f4538667-141f-49ff-9c6d-1783ff71ee7e,"2026-09-10 15:09:00"
defd9f4d-cb6b-4233-ab7f-8d17b9ee1d34,174c282b-6668-46f3-b140-ada68e5c7810,b00414eb-434d-493b-bd32-4b3b6a53b751,high,score_penalized,"Synthetic case for presentation: 3 events observed, severity=high, outcome=score_penalized.",f4538667-141f-49ff-9c6d-1783ff71ee7e,"2026-09-11 15:18:00"
31eb0ebf-9ebd-44cd-8fc9-49f48489adf5,174c282b-6668-46f3-b140-ada68e5c7810,fce6e1da-737d-43c2-a3ae-f8879b62bb92,high,score_penalized,"Synthetic case for presentation: 1 events observed, severity=high, outcome=score_penalized.",f4538667-141f-49ff-9c6d-1783ff71ee7e,"2026-09-12 15:27:00"
7089564f-4690-4747-bde7-12dc360a3462,174c282b-6668-46f3-b140-ada68e5c7810,ef498396-2c70-4480-8bb0-9a33aac64e85,medium,warned,"Synthetic case for presentation: 2 events observed, severity=medium, outcome=warned.",90b1b286-043f-4b76-92e4-23c74608f5ea,"2026-09-13 15:36:00"
5d8d2915-72f2-4991-ad86-28a0b0b20ca3,f92450a3-4233-4633-9b93-c2f16bbcab15,97828a41-1e9b-409f-9ec8-8a69ac60384f,high,score_penalized,"Synthetic case for presentation: 3 events observed, severity=high, outcome=score_penalized.",90b1b286-043f-4b76-92e4-23c74608f5ea,"2026-09-11 15:00:00"
e1bf2435-d927-4005-9267-f431a04883aa,f92450a3-4233-4633-9b93-c2f16bbcab15,5193b7f1-ec61-495d-87f0-c6b9ae2d0c02,high,score_penalized,"Synthetic case for presentation: 1 events observed, severity=high, outcome=score_penalized.",452fa619-41fb-43c6-9e4d-af95577e369c,"2026-09-12 15:09:00"
1f75e9b0-a372-4397-8b55-4892ad637c1f,f92450a3-4233-4633-9b93-c2f16bbcab15,9db3a63e-9bef-427a-9f43-60636e15c01c,medium,warned,"Synthetic case for presentation: 2 events observed, severity=medium, outcome=warned.",452fa619-41fb-43c6-9e4d-af95577e369c,"2026-09-13 15:18:00"
96a8e01e-e468-429d-bc2e-3deec1935db3,f92450a3-4233-4633-9b93-c2f16bbcab15,297e8726-56d6-4a45-a7dd-451dac675db4,critical,invalidated,"Synthetic case for presentation: 3 events observed, severity=critical, outcome=invalidated.",452fa619-41fb-43c6-9e4d-af95577e369c,"2026-09-14 15:27:00"
3c178133-d689-4c19-a12e-e90c1c5479a0,f92450a3-4233-4633-9b93-c2f16bbcab15,15aefbfc-dcaf-4652-ae4c-24dbc75660e5,low,pending,"Synthetic case for presentation: 1 events observed, severity=low, outcome=pending.",,
426176ca-abb5-4857-9da1-bb94926672dd,1a46e983-2212-4012-9de9-19328e18b27e,3c3f38e3-3886-4c01-a30f-b4b221aa6923,medium,warned,"Synthetic case for presentation: 2 events observed, severity=medium, outcome=warned.",90b1b286-043f-4b76-92e4-23c74608f5ea,"2026-09-13 15:00:00"
541997c7-7b99-4b2c-b7ee-9d3a5b1bf996,1a46e983-2212-4012-9de9-19328e18b27e,4216528e-559f-4afa-a92b-1ff88e4c8e06,critical,invalidated,"Synthetic case for presentation: 3 events observed, severity=critical, outcome=invalidated.",ede684e0-3772-44d9-9a48-c591e883e147,"2026-09-14 15:09:00"
8aadc935-b132-49d4-b488-fd1981b08a8a,1a46e983-2212-4012-9de9-19328e18b27e,3c68e454-91df-410d-94da-c772f2feebc0,low,pending,"Synthetic case for presentation: 1 events observed, severity=low, outcome=pending.",,
0a5b8849-5b93-4f20-8ac2-c55090797f6b,1a46e983-2212-4012-9de9-19328e18b27e,8d67d4cf-09b4-497d-820a-20e9edf619f6,medium,warned,"Synthetic case for presentation: 2 events observed, severity=medium, outcome=warned.",ede684e0-3772-44d9-9a48-c591e883e147,"2026-09-16 15:27:00"
6625c390-b739-4953-b182-da323419567c,1a46e983-2212-4012-9de9-19328e18b27e,1a8ea483-1721-4194-bde7-dee5368d73db,high,score_penalized,"Synthetic case for presentation: 3 events observed, severity=high, outcome=score_penalized.",90b1b286-043f-4b76-92e4-23c74608f5ea,"2026-09-17 15:36:00"
769fa072-779f-4d24-b46b-2260bd8fcb1d,b4754a46-685a-40a6-82d7-c17326e8243f,f1fc743f-85ac-4533-bbe0-dcbbbf676fa8,low,pending,"Synthetic case for presentation: 1 events observed, severity=low, outcome=pending.",,
f8490d38-904b-4eee-bc21-b206a1602153,b4754a46-685a-40a6-82d7-c17326e8243f,6e10fa92-4655-4951-8cd2-11ba83e649ba,medium,warned,"Synthetic case for presentation: 2 events observed, severity=medium, outcome=warned.",e434b478-eb5f-400d-aa7c-4ee7cfc46b74,"2026-09-16 15:09:00"
e3e80ae7-1c51-49d5-a9fb-a6618ff220fe,b4754a46-685a-40a6-82d7-c17326e8243f,c3e67d74-8688-40e4-9026-ad06e149d91a,high,score_penalized,"Synthetic case for presentation: 3 events observed, severity=high, outcome=score_penalized.",e434b478-eb5f-400d-aa7c-4ee7cfc46b74,"2026-09-17 15:18:00"
15edea7d-ccab-4c75-a943-cae018bd61e9,b4754a46-685a-40a6-82d7-c17326e8243f,be675891-2215-4cf6-bdd3-6094bb966f5f,low,pending,"Synthetic case for presentation: 1 events observed, severity=low, outcome=pending.",,
2a50970d-700d-4fd8-8312-368d5ecdab3a,b4754a46-685a-40a6-82d7-c17326e8243f,09eb6562-cbb2-4faf-becc-8bcdc2f0c863,high,score_penalized,"Synthetic case for presentation: 2 events observed, severity=high, outcome=score_penalized.",90b1b286-043f-4b76-92e4-23c74608f5ea,"2026-09-19 15:36:00"
11ed2866-2960-47d8-9896-e3b94cb01762,e2787c79-f9e6-4362-8b1f-0742d9fc7ffe,ba9df2ad-14ea-4069-bd00-02dda9c28846,high,score_penalized,"Synthetic case for presentation: 3 events observed, severity=high, outcome=score_penalized.",90b1b286-043f-4b76-92e4-23c74608f5ea,"2026-09-17 15:00:00"
fb80514c-82ed-4f72-89dd-1e639fd8b90c,e2787c79-f9e6-4362-8b1f-0742d9fc7ffe,03e14429-142f-4232-9b1e-c086adb7af51,low,pending,"Synthetic case for presentation: 1 events observed, severity=low, outcome=pending.",,
b7ccc1bd-2ab1-46c2-a4fd-240e7e0bfca0,e2787c79-f9e6-4362-8b1f-0742d9fc7ffe,e85e14da-89cf-4684-8102-3b8da8fc8ec3,high,score_penalized,"Synthetic case for presentation: 2 events observed, severity=high, outcome=score_penalized.",cecbea98-afe7-438c-8c76-cd1e98232651,"2026-09-19 15:18:00"
a670e20b-2721-4c46-9610-ac7f9a88671c,e2787c79-f9e6-4362-8b1f-0742d9fc7ffe,dd08825a-b9c1-4d8e-aea1-146ed3570416,high,score_penalized,"Synthetic case for presentation: 3 events observed, severity=high, outcome=score_penalized.",cecbea98-afe7-438c-8c76-cd1e98232651,"2026-08-26 15:27:00"
9222082f-5d44-4607-965d-1f6330635860,e2787c79-f9e6-4362-8b1f-0742d9fc7ffe,3558f3b6-c526-4a89-a583-0359072b0cbd,low,pending,"Synthetic case for presentation: 1 events observed, severity=low, outcome=pending.",,
30496c3b-9c98-4543-9b33-bfe77872ae6f,4ef21ae8-bec5-43c5-9ddc-fc72958b487f,3eacab6c-d45f-4dbf-906e-a2ab24678e21,high,score_penalized,"Synthetic case for presentation: 2 events observed, severity=high, outcome=score_penalized.",90b1b286-043f-4b76-92e4-23c74608f5ea,"2026-09-19 15:00:00"
ad608b26-78a1-48e5-b48a-d0a2fade8f8d,4ef21ae8-bec5-43c5-9ddc-fc72958b487f,17d10c63-6861-44d9-98e5-8f9a9bb95fbe,high,score_penalized,"Synthetic case for presentation: 3 events observed, severity=high, outcome=score_penalized.",601a66af-a5ec-47cf-a0b4-2b7321b44194,"2026-08-26 15:09:00"
44a04d4b-68b8-412b-8861-a0cf5613c45e,4ef21ae8-bec5-43c5-9ddc-fc72958b487f,877dc7cf-e557-47a0-b13b-b68e5fee8408,low,pending,"Synthetic case for presentation: 1 events observed, severity=low, outcome=pending.",,
c9c92f83-351b-4651-9c96-1707df201c5f,4ef21ae8-bec5-43c5-9ddc-fc72958b487f,b5f1a7e3-4af0-46ac-b044-889cb4a0c9a9,medium,warned,"Synthetic case for presentation: 2 events observed, severity=medium, outcome=warned.",601a66af-a5ec-47cf-a0b4-2b7321b44194,"2026-08-28 15:27:00"
79f6e626-0099-43e1-a698-a1e10b24100c,4ef21ae8-bec5-43c5-9ddc-fc72958b487f,b0aef00f-a9c1-4aaf-824a-50955de78622,high,score_penalized,"Synthetic case for presentation: 3 events observed, severity=high, outcome=score_penalized.",90b1b286-043f-4b76-92e4-23c74608f5ea,"2026-08-29 15:36:00"
38c06012-3b85-43fa-a8fe-c7532b0caf8e,d58deb14-fd91-42bc-9537-d658d8b7747a,8310cec7-9f96-45a6-bd1a-9e09af34fe0e,low,pending,"Synthetic case for presentation: 1 events observed, severity=low, outcome=pending.",,
cc953e03-0401-4da9-868c-b49a41b04667,d58deb14-fd91-42bc-9537-d658d8b7747a,92fbf5d2-92e6-428f-8b6b-f08bdec0abcd,medium,warned,"Synthetic case for presentation: 2 events observed, severity=medium, outcome=warned.",5b2099a9-232d-46ca-bbce-096c7ffc9454,"2026-08-28 15:09:00"
a97ec2f1-07e4-4da0-bf34-2fc120249847,d58deb14-fd91-42bc-9537-d658d8b7747a,19cb4a9e-b5ca-4d9a-8d58-30f497a06531,high,score_penalized,"Synthetic case for presentation: 3 events observed, severity=high, outcome=score_penalized.",5b2099a9-232d-46ca-bbce-096c7ffc9454,"2026-08-29 15:18:00"
76ba27b5-1ba4-4abe-a783-6ed0dcd46cab,d58deb14-fd91-42bc-9537-d658d8b7747a,47037ce1-c301-4ae3-84dd-ee31326f824d,high,score_penalized,"Synthetic case for presentation: 1 events observed, severity=high, outcome=score_penalized.",5b2099a9-232d-46ca-bbce-096c7ffc9454,"2026-08-30 15:27:00"
8842a5f2-7a8a-43f9-9eee-ee0bfc6779ea,d58deb14-fd91-42bc-9537-d658d8b7747a,5dbd2f54-af09-4fd2-8308-7304019ef786,medium,warned,"Synthetic case for presentation: 2 events observed, severity=medium, outcome=warned.",90b1b286-043f-4b76-92e4-23c74608f5ea,"2026-08-31 15:36:00"
2cb2765d-a208-4db3-b220-34eb68ddecd6,94f20826-a236-40e1-8a38-542c97230515,f6632347-d38e-4f82-9293-f2a758d5e625,high,score_penalized,"Synthetic case for presentation: 3 events observed, severity=high, outcome=score_penalized.",90b1b286-043f-4b76-92e4-23c74608f5ea,"2026-08-29 15:00:00"
385ef938-bb30-4245-a801-bd1886f9bd61,94f20826-a236-40e1-8a38-542c97230515,549a8239-b420-4d4f-b2e9-adbf87763cf8,high,score_penalized,"Synthetic case for presentation: 1 events observed, severity=high, outcome=score_penalized.",6cf0a646-23fc-4086-aa8e-9ba0abcd9767,"2026-08-30 15:09:00"
f32fd746-8ab7-4f09-a7cb-5ec064bebaa3,94f20826-a236-40e1-8a38-542c97230515,e7c7c339-183e-42b9-a506-7e669ca1bdac,medium,warned,"Synthetic case for presentation: 2 events observed, severity=medium, outcome=warned.",6cf0a646-23fc-4086-aa8e-9ba0abcd9767,"2026-08-31 15:18:00"
0ef66f5d-e400-4c7c-99ea-c3979bfff907,94f20826-a236-40e1-8a38-542c97230515,090a9172-b331-41c1-8a6f-b86dbddf72c4,critical,invalidated,"Synthetic case for presentation: 3 events observed, severity=critical, outcome=invalidated.",6cf0a646-23fc-4086-aa8e-9ba0abcd9767,"2026-09-01 15:27:00"
dd0b46c8-f485-4844-b03b-e5e2c7b8a27a,94f20826-a236-40e1-8a38-542c97230515,97e928c9-08dd-4004-90e5-16cd4d4913cc,low,pending,"Synthetic case for presentation: 1 events observed, severity=low, outcome=pending.",,
b9764c9a-b9fa-437b-83de-d2a9746c91d5,49bfd71c-9892-47ec-8932-d4ab449874a5,07cbeb69-9514-4ea7-af87-8f017bc5cc9e,medium,warned,"Synthetic case for presentation: 2 events observed, severity=medium, outcome=warned.",90b1b286-043f-4b76-92e4-23c74608f5ea,"2026-08-31 15:00:00"
fcc91d13-aae5-4e67-abe1-3a4549dd7292,49bfd71c-9892-47ec-8932-d4ab449874a5,b2b4d66c-1e2b-4d23-ae7f-bf0388337940,critical,invalidated,"Synthetic case for presentation: 3 events observed, severity=critical, outcome=invalidated.",5f6e86d0-c375-4913-8a4a-985ba53049f2,"2026-09-01 15:09:00"
b1e681e2-c42d-4d89-9779-b1d6f34dfd11,49bfd71c-9892-47ec-8932-d4ab449874a5,8350aa8c-6e71-4016-99fa-4448fd5b3834,low,pending,"Synthetic case for presentation: 1 events observed, severity=low, outcome=pending.",,
869373a8-74d0-46aa-bb5b-d8cc2f45cba6,49bfd71c-9892-47ec-8932-d4ab449874a5,b52e9922-7c7a-4a61-b081-7240e5593df9,medium,warned,"Synthetic case for presentation: 2 events observed, severity=medium, outcome=warned.",5f6e86d0-c375-4913-8a4a-985ba53049f2,"2026-09-03 15:27:00"
de61b497-e616-476a-92fd-530ad0a01d96,49bfd71c-9892-47ec-8932-d4ab449874a5,0b112d98-9a07-4c38-8ce2-9dfb1f61e0b5,high,score_penalized,"Synthetic case for presentation: 3 events observed, severity=high, outcome=score_penalized.",90b1b286-043f-4b76-92e4-23c74608f5ea,"2026-09-04 15:36:00"
a8eb490b-6aa9-41ba-bc4b-7914716da354,ec3cfe1c-10f3-4ea9-9c49-0326a72f43cf,2168be45-1dbf-4df5-9001-9864d98c9fc5,low,pending,"Synthetic case for presentation: 1 events observed, severity=low, outcome=pending.",,
fe31601e-20a3-4865-bab4-e5644b75576d,ec3cfe1c-10f3-4ea9-9c49-0326a72f43cf,06b15db8-12e4-4410-99ba-d6df7f0c1d9d,medium,warned,"Synthetic case for presentation: 2 events observed, severity=medium, outcome=warned.",77ca80ed-0cf7-4a69-9e32-df1e3ed9b317,"2026-09-03 15:09:00"
755b07ea-45ea-4c1a-bfa1-229ee7945939,ec3cfe1c-10f3-4ea9-9c49-0326a72f43cf,63f35f9c-fe94-47f5-99e2-2c04482c50d9,high,score_penalized,"Synthetic case for presentation: 3 events observed, severity=high, outcome=score_penalized.",77ca80ed-0cf7-4a69-9e32-df1e3ed9b317,"2026-09-04 15:18:00"
8b5aeb5a-3779-42a9-9569-20b9aa5edc89,ec3cfe1c-10f3-4ea9-9c49-0326a72f43cf,8b98a623-d825-4506-87e8-0f363c69e5a0,low,pending,"Synthetic case for presentation: 1 events observed, severity=low, outcome=pending.",,
477eabb7-5ac0-4eba-8a71-2eedfd5dcc88,ec3cfe1c-10f3-4ea9-9c49-0326a72f43cf,93543a86-924c-4e33-830f-5b1a14d0f776,high,score_penalized,"Synthetic case for presentation: 2 events observed, severity=high, outcome=score_penalized.",90b1b286-043f-4b76-92e4-23c74608f5ea,"2026-09-06 15:36:00"
92c8d5d6-69ec-4d89-8639-9c68c993d0cd,49be88cb-4e9e-4827-a8d8-656b279fd79b,e7a98deb-f17f-4cad-ab90-4ff2542ed4a1,high,score_penalized,"Synthetic case for presentation: 3 events observed, severity=high, outcome=score_penalized.",90b1b286-043f-4b76-92e4-23c74608f5ea,"2026-09-04 15:00:00"
3f4da21a-33a2-4082-bb49-befb49fa56c6,49be88cb-4e9e-4827-a8d8-656b279fd79b,3f01a68f-4350-4373-a3a9-f2164513dbd5,low,pending,"Synthetic case for presentation: 1 events observed, severity=low, outcome=pending.",,
e0d4a123-5c08-4842-9926-d362f21932e7,49be88cb-4e9e-4827-a8d8-656b279fd79b,55ee2ab4-7845-42da-8dc4-2792f5c717c2,high,score_penalized,"Synthetic case for presentation: 2 events observed, severity=high, outcome=score_penalized.",9112caf4-5324-4355-8d99-b7a55f723649,"2026-09-06 15:18:00"
569719f6-3b6a-4e84-9c00-7eb0174dc038,49be88cb-4e9e-4827-a8d8-656b279fd79b,4b0ec22f-5e7c-45c5-b320-7e68dc6e6579,high,score_penalized,"Synthetic case for presentation: 3 events observed, severity=high, outcome=score_penalized.",9112caf4-5324-4355-8d99-b7a55f723649,"2026-09-07 15:27:00"
a0fa4640-68cf-4e12-8dce-77e31f4ce5f8,49be88cb-4e9e-4827-a8d8-656b279fd79b,4509bc05-0449-4a7e-8b8f-36d50038fd21,low,pending,"Synthetic case for presentation: 1 events observed, severity=low, outcome=pending.",,
6d2a5985-ca3e-4465-ad36-0043046fb263,5d1c8b3c-7fc3-42e0-adb1-169530c1de4c,6b031a8b-2a89-40d8-a058-584fb3a3648f,high,score_penalized,"Synthetic case for presentation: 2 events observed, severity=high, outcome=score_penalized.",90b1b286-043f-4b76-92e4-23c74608f5ea,"2026-09-06 15:00:00"
555d2b52-0cf3-48a2-8843-b7c3cce0669d,5d1c8b3c-7fc3-42e0-adb1-169530c1de4c,dfed6f89-a40d-4376-9cb9-528836fc327b,high,score_penalized,"Synthetic case for presentation: 3 events observed, severity=high, outcome=score_penalized.",e2fd0913-bd4b-43d0-a6a6-e70d21be23b0,"2026-09-07 15:09:00"
c11bf571-d409-4144-80ac-209e3f3ca5fc,5d1c8b3c-7fc3-42e0-adb1-169530c1de4c,21020a73-cb3a-4f3a-ac33-0d559e432fe5,low,pending,"Synthetic case for presentation: 1 events observed, severity=low, outcome=pending.",,
ea9c5ace-0fde-4892-99e4-4de2004b3c4b,5d1c8b3c-7fc3-42e0-adb1-169530c1de4c,69c5539d-e7a8-415c-be46-899a91b605e1,medium,warned,"Synthetic case for presentation: 2 events observed, severity=medium, outcome=warned.",e2fd0913-bd4b-43d0-a6a6-e70d21be23b0,"2026-09-09 15:27:00"
3a118970-b89a-4125-9dfb-5e5d00f1b5bc,5d1c8b3c-7fc3-42e0-adb1-169530c1de4c,c3fc332c-8fdb-4634-8c99-9d571e81d0bd,high,score_penalized,"Synthetic case for presentation: 3 events observed, severity=high, outcome=score_penalized.",90b1b286-043f-4b76-92e4-23c74608f5ea,"2026-09-10 15:36:00"
1d53803d-eb49-45e9-8932-8f285df742a3,dfa8b45d-ba03-4b98-9f8c-b4305108567f,0ca6e245-201a-4fc4-85b8-7e51f2cf8a60,low,pending,"Synthetic case for presentation: 1 events observed, severity=low, outcome=pending.",,
3d5662fc-5fd6-480a-8a8d-feab69c4a9c4,dfa8b45d-ba03-4b98-9f8c-b4305108567f,312c75d2-30f8-4ea8-89a8-5305716b36d9,medium,warned,"Synthetic case for presentation: 2 events observed, severity=medium, outcome=warned.",16950529-d701-4d89-b6eb-a3a06427c741,"2026-09-09 15:09:00"
869a325f-8a88-4e5e-82de-58b3c83bb80a,dfa8b45d-ba03-4b98-9f8c-b4305108567f,e1bc4eba-c818-4ccd-be86-0efe334c3e3d,high,score_penalized,"Synthetic case for presentation: 3 events observed, severity=high, outcome=score_penalized.",16950529-d701-4d89-b6eb-a3a06427c741,"2026-09-10 15:18:00"
618f6320-94f9-4da9-ac23-60802008700e,dfa8b45d-ba03-4b98-9f8c-b4305108567f,48e7acfc-92db-434f-bd44-b16979e031ed,high,score_penalized,"Synthetic case for presentation: 1 events observed, severity=high, outcome=score_penalized.",16950529-d701-4d89-b6eb-a3a06427c741,"2026-09-11 15:27:00"
5edd09b2-1782-4122-b180-54040d896bcd,dfa8b45d-ba03-4b98-9f8c-b4305108567f,baabbc26-6c75-4106-a16a-ebbda5baac00,medium,warned,"Synthetic case for presentation: 2 events observed, severity=medium, outcome=warned.",90b1b286-043f-4b76-92e4-23c74608f5ea,"2026-09-12 15:36:00"
b8966148-225a-4f80-9868-c86ffef3f2f1,8bda2663-4072-4686-bb64-c0fd12f88dcb,ea394e24-e712-42f0-81d5-15b11833db9b,high,score_penalized,"Synthetic case for presentation: 3 events observed, severity=high, outcome=score_penalized.",90b1b286-043f-4b76-92e4-23c74608f5ea,"2026-09-10 15:00:00"
045cbcb9-0ab5-4ddf-ad4e-522cfacf1bc4,8bda2663-4072-4686-bb64-c0fd12f88dcb,a8045447-5598-419b-87b5-ebbf13e1e1e1,high,score_penalized,"Synthetic case for presentation: 1 events observed, severity=high, outcome=score_penalized.",54d0f71c-3d60-4d02-8538-9349542de908,"2026-09-11 15:09:00"
9e0ddaed-30fe-4ce1-8a16-2671a9baf4a4,8bda2663-4072-4686-bb64-c0fd12f88dcb,d0896b17-1ae3-49f7-bf4e-07d35c30df47,medium,warned,"Synthetic case for presentation: 2 events observed, severity=medium, outcome=warned.",54d0f71c-3d60-4d02-8538-9349542de908,"2026-09-12 15:18:00"
1297a288-8033-47da-8302-717aa4bbe54b,8bda2663-4072-4686-bb64-c0fd12f88dcb,54606c7b-564d-4f40-b761-c04d889d7942,critical,invalidated,"Synthetic case for presentation: 3 events observed, severity=critical, outcome=invalidated.",54d0f71c-3d60-4d02-8538-9349542de908,"2026-09-13 15:27:00"
233dd2d6-a4c6-4340-8585-f60fa80dbe25,8bda2663-4072-4686-bb64-c0fd12f88dcb,12d79397-486c-4f91-b241-2531b6dd8fd3,low,pending,"Synthetic case for presentation: 1 events observed, severity=low, outcome=pending.",,
bad564fa-d679-46e0-9df6-3fe84c65ec7a,6c61190b-6c27-4402-9705-4c6c7af4636b,432ab93b-26b3-4fc1-884c-e9c10ee9ddc0,medium,warned,"Synthetic case for presentation: 2 events observed, severity=medium, outcome=warned.",90b1b286-043f-4b76-92e4-23c74608f5ea,"2026-09-12 15:00:00"
38845e43-bb94-4481-a208-9ed62ebd2bd4,6c61190b-6c27-4402-9705-4c6c7af4636b,1a3b4b15-1759-4e48-a91f-fd860db0489e,critical,invalidated,"Synthetic case for presentation: 3 events observed, severity=critical, outcome=invalidated.",4f496d19-495d-4e06-bd79-81c420dc5af6,"2026-09-13 15:09:00"
7bea355e-c090-469b-bcf1-b05dff169ffe,6c61190b-6c27-4402-9705-4c6c7af4636b,8bb76231-0bd1-4d5d-8536-b53e28187098,low,pending,"Synthetic case for presentation: 1 events observed, severity=low, outcome=pending.",,
cfc9c023-7b73-4627-95e3-f6cb00557023,6c61190b-6c27-4402-9705-4c6c7af4636b,bb71597f-d78e-41f5-9962-a4b0e8ed7da8,medium,warned,"Synthetic case for presentation: 2 events observed, severity=medium, outcome=warned.",4f496d19-495d-4e06-bd79-81c420dc5af6,"2026-09-15 15:27:00"
6f1302b4-fbd9-4215-935b-5932dc2c3096,6c61190b-6c27-4402-9705-4c6c7af4636b,9e5d2e20-8c85-48ba-9169-cd23f28d3f4f,high,score_penalized,"Synthetic case for presentation: 3 events observed, severity=high, outcome=score_penalized.",90b1b286-043f-4b76-92e4-23c74608f5ea,"2026-09-16 15:36:00"
8ffd7e38-c62e-4ddc-82ba-077a465879ea,23f4fa92-f0ef-4b55-8a72-2c4b73d4dd0a,41ca44f4-e802-48ed-85bf-7fa55783afa4,low,pending,"Synthetic case for presentation: 1 events observed, severity=low, outcome=pending.",,
c198c0eb-089e-40f4-819e-ff0d341fb8b5,23f4fa92-f0ef-4b55-8a72-2c4b73d4dd0a,8e27c364-0f2d-4ab8-a608-04e030f73d45,medium,warned,"Synthetic case for presentation: 2 events observed, severity=medium, outcome=warned.",2f63a361-f6f0-4ced-8eb5-2e71e9f4b476,"2026-09-15 15:09:00"
3bc2670e-33bc-4ead-8f97-67415fa759a3,23f4fa92-f0ef-4b55-8a72-2c4b73d4dd0a,b3b89e27-df52-484b-bf9d-c5a331b90d96,high,score_penalized,"Synthetic case for presentation: 3 events observed, severity=high, outcome=score_penalized.",2f63a361-f6f0-4ced-8eb5-2e71e9f4b476,"2026-09-16 15:18:00"
a3e4ee00-dd9d-4024-a12d-79c180a95492,23f4fa92-f0ef-4b55-8a72-2c4b73d4dd0a,796087af-b3e6-48f1-b916-b0fde9d3bb60,low,pending,"Synthetic case for presentation: 1 events observed, severity=low, outcome=pending.",,
4e93a8e8-697d-4e04-9018-eab712bebf9b,23f4fa92-f0ef-4b55-8a72-2c4b73d4dd0a,8f729b27-88f7-4777-b3b3-f01abb0e4daa,high,score_penalized,"Synthetic case for presentation: 2 events observed, severity=high, outcome=score_penalized.",90b1b286-043f-4b76-92e4-23c74608f5ea,"2026-09-18 15:36:00"
ae15a2f9-b171-47e0-8a43-77c88b2d0de8,c21c58ce-b3ea-477f-a609-f6297663aa0f,b42a5e90-cdd6-48eb-bd5d-986947edf324,high,score_penalized,"Synthetic case for presentation: 3 events observed, severity=high, outcome=score_penalized.",90b1b286-043f-4b76-92e4-23c74608f5ea,"2026-09-16 15:00:00"
954d1654-1358-44a2-80cb-b603658d257a,c21c58ce-b3ea-477f-a609-f6297663aa0f,48c7ccca-3fe9-437c-8643-b67dcb449ca6,low,pending,"Synthetic case for presentation: 1 events observed, severity=low, outcome=pending.",,
1e59bbf8-2f83-4b39-8687-57c0cbbddb18,c21c58ce-b3ea-477f-a609-f6297663aa0f,7cd21221-84b3-4d9c-bed3-c51324bbc7e2,high,score_penalized,"Synthetic case for presentation: 2 events observed, severity=high, outcome=score_penalized.",89d900af-d99c-4b92-b1ab-1eb2e41b7320,"2026-09-18 15:18:00"
6e27ecae-c57a-45c9-9269-a34779fe6ab1,c21c58ce-b3ea-477f-a609-f6297663aa0f,2b52dd7c-2559-4e69-978c-e828325a3039,high,score_penalized,"Synthetic case for presentation: 3 events observed, severity=high, outcome=score_penalized.",89d900af-d99c-4b92-b1ab-1eb2e41b7320,"2026-09-19 15:27:00"
78b1a8a0-9834-438f-a0ba-ef317acd2670,c21c58ce-b3ea-477f-a609-f6297663aa0f,238ccacb-e7db-4207-9bb7-b2b986edee5a,low,pending,"Synthetic case for presentation: 1 events observed, severity=low, outcome=pending.",,
068747b2-792f-4522-a07c-b74b6376c6d6,2f3726df-a1d6-442d-b504-5e60ea1496c4,5df46231-6e0f-410a-b47a-7e2e516a0621,high,score_penalized,"Synthetic case for presentation: 2 events observed, severity=high, outcome=score_penalized.",90b1b286-043f-4b76-92e4-23c74608f5ea,"2026-09-18 15:00:00"
0cc9df21-1fe7-4472-9911-12de30035970,2f3726df-a1d6-442d-b504-5e60ea1496c4,d6415f6f-1ed0-47fe-9c03-a6880d4934af,high,score_penalized,"Synthetic case for presentation: 3 events observed, severity=high, outcome=score_penalized.",447a08c8-7683-4545-b8f4-a2f88906445d,"2026-09-19 15:09:00"
1faaa01a-2873-4370-9063-526d354e7a62,2f3726df-a1d6-442d-b504-5e60ea1496c4,a51cf7b3-d74c-4cae-8348-b620fc39e96f,low,pending,"Synthetic case for presentation: 1 events observed, severity=low, outcome=pending.",,
6326639c-7684-4865-a9ae-9bedf062f9bf,2f3726df-a1d6-442d-b504-5e60ea1496c4,68ea62a7-183f-4529-84f9-23e286d221c9,medium,warned,"Synthetic case for presentation: 2 events observed, severity=medium, outcome=warned.",447a08c8-7683-4545-b8f4-a2f88906445d,"2026-08-27 15:27:00"
4bebdd4f-7b09-4ea9-a983-a50a8264588c,2f3726df-a1d6-442d-b504-5e60ea1496c4,e1cafff8-a8db-4f23-816f-8d3a2b5f26a7,high,score_penalized,"Synthetic case for presentation: 3 events observed, severity=high, outcome=score_penalized.",90b1b286-043f-4b76-92e4-23c74608f5ea,"2026-08-28 15:36:00"
0f250e67-92b4-4ed6-898b-b0513ab37329,30608aac-aa47-460a-8885-1d9c2b0e80ee,5913428c-0267-40d4-b715-8b5e34cec2bb,low,pending,"Synthetic case for presentation: 1 events observed, severity=low, outcome=pending.",,
f0e794d6-1a2c-43fc-b84b-70f6b9d88070,30608aac-aa47-460a-8885-1d9c2b0e80ee,bc65d06c-128b-4f06-af3d-66806a01ef5b,medium,warned,"Synthetic case for presentation: 2 events observed, severity=medium, outcome=warned.",5f73862f-6758-4b4b-922f-2da0c24a2080,"2026-08-27 15:09:00"
a7121b86-6849-492a-9002-101fff7e44f9,30608aac-aa47-460a-8885-1d9c2b0e80ee,bf5bc4f5-5f46-466b-b2e6-645d6c7e0f92,high,score_penalized,"Synthetic case for presentation: 3 events observed, severity=high, outcome=score_penalized.",5f73862f-6758-4b4b-922f-2da0c24a2080,"2026-08-28 15:18:00"
b715d747-c29b-4982-9929-f3eab012a3ce,30608aac-aa47-460a-8885-1d9c2b0e80ee,b26217ea-f067-4e00-887e-d9e6c4596d5a,high,score_penalized,"Synthetic case for presentation: 1 events observed, severity=high, outcome=score_penalized.",5f73862f-6758-4b4b-922f-2da0c24a2080,"2026-08-29 15:27:00"
e38d47f1-23cd-4e5f-9bd0-16cb17647727,30608aac-aa47-460a-8885-1d9c2b0e80ee,e4a8e9b5-d76d-4d15-9279-268df9941b97,medium,warned,"Synthetic case for presentation: 2 events observed, severity=medium, outcome=warned.",90b1b286-043f-4b76-92e4-23c74608f5ea,"2026-08-30 15:36:00"
13d2fef8-c7de-4bd7-b4cd-7a05cb9a732f,ae72bfa8-3a89-40fb-822a-997e56ea2ef2,2ab7eeb3-9ffd-4858-8c16-04860123a854,high,score_penalized,"Synthetic case for presentation: 3 events observed, severity=high, outcome=score_penalized.",90b1b286-043f-4b76-92e4-23c74608f5ea,"2026-08-28 15:00:00"
2d6859ef-3019-46bc-bb7b-1887e11a7836,ae72bfa8-3a89-40fb-822a-997e56ea2ef2,72d02b77-5415-4a64-89b1-e6021a78d56d,high,score_penalized,"Synthetic case for presentation: 1 events observed, severity=high, outcome=score_penalized.",114f753f-8059-4abe-858b-f413b70d0d94,"2026-08-29 15:09:00"
a925178d-dcb1-4e3b-8146-874b0b27e443,ae72bfa8-3a89-40fb-822a-997e56ea2ef2,215441f5-97c7-4a51-90fc-72805cd55a90,medium,warned,"Synthetic case for presentation: 2 events observed, severity=medium, outcome=warned.",114f753f-8059-4abe-858b-f413b70d0d94,"2026-08-30 15:18:00"
d6671266-0eb3-4f38-a1a6-b31f7ce4daa9,ae72bfa8-3a89-40fb-822a-997e56ea2ef2,0309e3c7-2fcd-43e8-9ea3-05189ae21d04,critical,invalidated,"Synthetic case for presentation: 3 events observed, severity=critical, outcome=invalidated.",114f753f-8059-4abe-858b-f413b70d0d94,"2026-08-31 15:27:00"
f14aebba-4bde-4977-9bd7-ec3619a37cb8,ae72bfa8-3a89-40fb-822a-997e56ea2ef2,ccbc7a87-53ad-479c-aa3d-e2a67f30fa94,low,pending,"Synthetic case for presentation: 1 events observed, severity=low, outcome=pending.",,
0033a0cb-343b-4ec9-af2c-024dd9cc2dd2,716044ae-08b6-4ece-abe2-11fbf5d3ae9c,16d8765f-08aa-4db5-9ff9-c7b706a065b0,medium,warned,"Synthetic case for presentation: 2 events observed, severity=medium, outcome=warned.",90b1b286-043f-4b76-92e4-23c74608f5ea,"2026-08-30 15:00:00"
682a2ea8-6716-4fe0-95f5-1ab66b89b0f1,716044ae-08b6-4ece-abe2-11fbf5d3ae9c,49115e7e-204b-48a0-ba40-a5b8829bbee9,critical,invalidated,"Synthetic case for presentation: 3 events observed, severity=critical, outcome=invalidated.",ceef6469-094c-4c49-8e06-ac27e988a6a4,"2026-08-31 15:09:00"
322bf3c4-6fda-48d2-b72d-9b52cf393f6a,716044ae-08b6-4ece-abe2-11fbf5d3ae9c,353ff1be-8d55-4352-a86c-25f526ef829c,low,pending,"Synthetic case for presentation: 1 events observed, severity=low, outcome=pending.",,
a01c1ac0-f7e5-4544-a1c0-14f53ab002a7,716044ae-08b6-4ece-abe2-11fbf5d3ae9c,0b4e4914-a608-401b-98b0-9a667b6936f5,medium,warned,"Synthetic case for presentation: 2 events observed, severity=medium, outcome=warned.",ceef6469-094c-4c49-8e06-ac27e988a6a4,"2026-09-02 15:27:00"
828f10e8-ef23-480f-b7cb-a01a5aee435d,716044ae-08b6-4ece-abe2-11fbf5d3ae9c,382610c7-5830-4a8f-87bc-2f3ab6123847,high,score_penalized,"Synthetic case for presentation: 3 events observed, severity=high, outcome=score_penalized.",90b1b286-043f-4b76-92e4-23c74608f5ea,"2026-09-03 15:36:00"
5be2d069-9d46-4336-85af-34a7d4e0cc64,5de23c6f-b679-4651-8a43-cc8936ddf9a3,bd4281ef-46bb-4d62-a0c4-167b1323d3ee,low,pending,"Synthetic case for presentation: 1 events observed, severity=low, outcome=pending.",,
c794a0dd-b878-4502-8182-0d58091a8954,5de23c6f-b679-4651-8a43-cc8936ddf9a3,8a99c2c5-ba0b-4f58-b88d-1505c105b8c8,medium,warned,"Synthetic case for presentation: 2 events observed, severity=medium, outcome=warned.",a9f6d24e-7efc-47c0-af1d-8d5409eb976b,"2026-09-02 15:09:00"
2a4b213a-ef23-4e6f-85e5-ba9719430acb,5de23c6f-b679-4651-8a43-cc8936ddf9a3,8ea75cdf-721d-44d5-b907-f791a5f43d56,high,score_penalized,"Synthetic case for presentation: 3 events observed, severity=high, outcome=score_penalized.",a9f6d24e-7efc-47c0-af1d-8d5409eb976b,"2026-09-03 15:18:00"
e2d0c38b-48ec-4d8e-a1b4-d66f102cd522,5de23c6f-b679-4651-8a43-cc8936ddf9a3,c8f45e2c-7721-44b7-b421-03db41704cc9,low,pending,"Synthetic case for presentation: 1 events observed, severity=low, outcome=pending.",,
a9448caa-fd69-41a2-9ea5-caa36d71973b,5de23c6f-b679-4651-8a43-cc8936ddf9a3,02046b7f-40d7-4693-a73d-c12976182469,high,score_penalized,"Synthetic case for presentation: 2 events observed, severity=high, outcome=score_penalized.",90b1b286-043f-4b76-92e4-23c74608f5ea,"2026-09-05 15:36:00"
873ef76a-6637-4fb6-a8d5-c29da747be04,b40fc35f-2624-436d-b27f-37f47236b869,49555493-86e9-4a8e-accb-ed90e4e60e81,high,score_penalized,"Synthetic case for presentation: 3 events observed, severity=high, outcome=score_penalized.",90b1b286-043f-4b76-92e4-23c74608f5ea,"2026-09-03 15:00:00"
6dc63cca-954f-44bb-b0dc-1e6e861473b3,b40fc35f-2624-436d-b27f-37f47236b869,554285ee-9e78-4c68-8952-820a39b14795,low,pending,"Synthetic case for presentation: 1 events observed, severity=low, outcome=pending.",,
3688a064-b2ef-4e68-84b6-1a9864712616,b40fc35f-2624-436d-b27f-37f47236b869,f0af00df-e870-4f49-bb98-e0a253676ce3,high,score_penalized,"Synthetic case for presentation: 2 events observed, severity=high, outcome=score_penalized.",9c33dc3b-cb66-467f-8169-fb9c0a03dc19,"2026-09-05 15:18:00"
db74882f-4dfb-41d2-8007-3099b009a664,b40fc35f-2624-436d-b27f-37f47236b869,14b56946-e5b0-4719-851a-d9d668f8be46,high,score_penalized,"Synthetic case for presentation: 3 events observed, severity=high, outcome=score_penalized.",9c33dc3b-cb66-467f-8169-fb9c0a03dc19,"2026-09-06 15:27:00"
d47149a9-ac18-42ce-8c5a-09665f9883bf,b40fc35f-2624-436d-b27f-37f47236b869,d9a48795-8471-4b78-bd97-2434783eef87,low,pending,"Synthetic case for presentation: 1 events observed, severity=low, outcome=pending.",,
47e72751-ab25-426c-a1eb-10addd85ff55,78a06bf9-250c-49dd-8460-a2a6ffeda443,ca0fef9d-2c59-481f-90d8-1aede4ea2300,high,score_penalized,"Synthetic case for presentation: 2 events observed, severity=high, outcome=score_penalized.",90b1b286-043f-4b76-92e4-23c74608f5ea,"2026-09-05 15:00:00"
2143615c-c6ee-43b5-a8e4-c99390710738,78a06bf9-250c-49dd-8460-a2a6ffeda443,7a598cef-a4fb-4a8e-8b8b-3913b180a5f0,high,score_penalized,"Synthetic case for presentation: 3 events observed, severity=high, outcome=score_penalized.",4d98d403-7ee1-44b0-9f96-20454dd4bbf6,"2026-09-06 15:09:00"
88c9eb44-57c6-4daa-a73c-7b3f8d2c565d,78a06bf9-250c-49dd-8460-a2a6ffeda443,7a693914-8fdb-4487-b88d-ae4e90bdbf43,low,pending,"Synthetic case for presentation: 1 events observed, severity=low, outcome=pending.",,
f9cdd4f1-75eb-4f1d-9cee-ac7981de6782,78a06bf9-250c-49dd-8460-a2a6ffeda443,69ce6cbd-6a52-4eaf-9808-abe2351f7713,medium,warned,"Synthetic case for presentation: 2 events observed, severity=medium, outcome=warned.",4d98d403-7ee1-44b0-9f96-20454dd4bbf6,"2026-09-08 15:27:00"
731a531e-4b3c-4e0a-b7c7-05351cfc5e1e,78a06bf9-250c-49dd-8460-a2a6ffeda443,c22bf622-f533-4415-bbf0-eaaf32620fe9,high,score_penalized,"Synthetic case for presentation: 3 events observed, severity=high, outcome=score_penalized.",90b1b286-043f-4b76-92e4-23c74608f5ea,"2026-09-09 15:36:00"
e2ee0160-8e04-4bd7-8450-376069616fef,a24c939c-d62d-4304-8377-a8ed4e5574a9,bc1cbd3f-3c33-4d97-9a50-aa3c60f0c854,low,pending,"Synthetic case for presentation: 1 events observed, severity=low, outcome=pending.",,
68b60415-b327-4ef6-ae5b-66ced9c5b124,a24c939c-d62d-4304-8377-a8ed4e5574a9,10788729-480f-4cd5-b46a-da61b37ce58e,medium,warned,"Synthetic case for presentation: 2 events observed, severity=medium, outcome=warned.",75ae0915-1fd6-4b85-bdf8-0771d3f92626,"2026-09-08 15:09:00"
5c4cc338-ba72-49c0-aff1-f65a9cef8e36,a24c939c-d62d-4304-8377-a8ed4e5574a9,ef048816-7950-49b9-8af7-e9eb8e7475a6,high,score_penalized,"Synthetic case for presentation: 3 events observed, severity=high, outcome=score_penalized.",75ae0915-1fd6-4b85-bdf8-0771d3f92626,"2026-09-09 15:18:00"
e89b9aa4-01fc-48bd-b58f-85c8ce9cc8ae,a24c939c-d62d-4304-8377-a8ed4e5574a9,57d358f2-411f-45aa-817e-d7c8cd80e841,high,score_penalized,"Synthetic case for presentation: 1 events observed, severity=high, outcome=score_penalized.",75ae0915-1fd6-4b85-bdf8-0771d3f92626,"2026-09-10 15:27:00"
eaa1fcca-d2cf-4541-999c-4d445842601c,a24c939c-d62d-4304-8377-a8ed4e5574a9,3d579364-b37d-4466-99a4-da8afb893757,medium,warned,"Synthetic case for presentation: 2 events observed, severity=medium, outcome=warned.",90b1b286-043f-4b76-92e4-23c74608f5ea,"2026-09-11 15:36:00"
8933ed4d-158d-415a-a58c-d80d1434e16d,81f5852f-031c-44f7-b4f7-596f608f13e9,770e0a6c-9aab-48f4-b3ee-111c24ecded4,high,score_penalized,"Synthetic case for presentation: 3 events observed, severity=high, outcome=score_penalized.",90b1b286-043f-4b76-92e4-23c74608f5ea,"2026-09-09 15:00:00"
1c24f35f-6b6c-4ba2-bf6c-18a16711a5a7,81f5852f-031c-44f7-b4f7-596f608f13e9,d2601ba3-e506-43b6-abbc-5a1702d46aee,high,score_penalized,"Synthetic case for presentation: 1 events observed, severity=high, outcome=score_penalized.",6e4d289e-9e56-4814-aa00-2f9d7867c145,"2026-09-10 15:09:00"
c66a3031-4db7-476b-821a-653342d43bb2,81f5852f-031c-44f7-b4f7-596f608f13e9,16a4a67a-cb66-4872-923c-5754a2cfc541,medium,warned,"Synthetic case for presentation: 2 events observed, severity=medium, outcome=warned.",6e4d289e-9e56-4814-aa00-2f9d7867c145,"2026-09-11 15:18:00"
595721de-3c36-4e20-9e5c-d2dd087bf63f,81f5852f-031c-44f7-b4f7-596f608f13e9,f0b62a7f-6bf5-437c-bf18-82b159d7150d,critical,invalidated,"Synthetic case for presentation: 3 events observed, severity=critical, outcome=invalidated.",6e4d289e-9e56-4814-aa00-2f9d7867c145,"2026-09-12 15:27:00"
e8b33457-02ed-4e2d-ae84-238f25a9e54c,81f5852f-031c-44f7-b4f7-596f608f13e9,fe38fbb6-f7f4-4220-aa61-ad3adc73fc79,low,pending,"Synthetic case for presentation: 1 events observed, severity=low, outcome=pending.",,
7b7e86fb-796d-4c7d-9029-59a104baa2cd,bc1cb0d3-ffab-4cde-8e3d-5ac41c92f5e0,01c4149f-1e55-49ef-9831-5e157c19e141,medium,warned,"Synthetic case for presentation: 2 events observed, severity=medium, outcome=warned.",90b1b286-043f-4b76-92e4-23c74608f5ea,"2026-09-11 15:00:00"
0598fee8-c9c4-4dc2-83fe-d97ac864eb6d,bc1cb0d3-ffab-4cde-8e3d-5ac41c92f5e0,d0e3ff1e-ebec-47cc-b214-8e9f25336820,critical,invalidated,"Synthetic case for presentation: 3 events observed, severity=critical, outcome=invalidated.",e47caeac-5326-4094-a3d4-477d539b86df,"2026-09-12 15:09:00"
6cbb985f-75f0-43b4-8712-49048c487a8b,bc1cb0d3-ffab-4cde-8e3d-5ac41c92f5e0,d086111e-9881-401f-a1e3-cc3438940222,low,pending,"Synthetic case for presentation: 1 events observed, severity=low, outcome=pending.",,
65d34c25-9854-44ce-b3b5-db5eaaa67f16,bc1cb0d3-ffab-4cde-8e3d-5ac41c92f5e0,92b37ce5-0f77-4e73-a83a-b0d963080a12,medium,warned,"Synthetic case for presentation: 2 events observed, severity=medium, outcome=warned.",e47caeac-5326-4094-a3d4-477d539b86df,"2026-09-14 15:27:00"
6a7ec6cc-40e8-4bd5-8038-f4db18da15cc,bc1cb0d3-ffab-4cde-8e3d-5ac41c92f5e0,60cab33b-ec66-4ab9-8577-d68ae0695659,high,score_penalized,"Synthetic case for presentation: 3 events observed, severity=high, outcome=score_penalized.",90b1b286-043f-4b76-92e4-23c74608f5ea,"2026-09-15 15:36:00"
d5e5d280-c1fc-4ebf-b553-d13b1e54a2e3,96291720-e114-492d-8d96-7b62956deb50,7f87dc48-5949-4291-a569-d05b299753a0,low,pending,"Synthetic case for presentation: 1 events observed, severity=low, outcome=pending.",,
60f84c92-583d-4b6c-9244-fb3d64cdd0c2,96291720-e114-492d-8d96-7b62956deb50,9d2beb30-83ab-4087-bd6b-b60dd3456cf7,medium,warned,"Synthetic case for presentation: 2 events observed, severity=medium, outcome=warned.",c2c06446-c35b-4b63-830b-68fd37b69179,"2026-09-14 15:09:00"
9eaa72a3-b1d6-456b-b330-9e05c582925f,96291720-e114-492d-8d96-7b62956deb50,036274fb-43cb-4135-ac67-d6bfc20e6f9f,high,score_penalized,"Synthetic case for presentation: 3 events observed, severity=high, outcome=score_penalized.",c2c06446-c35b-4b63-830b-68fd37b69179,"2026-09-15 15:18:00"
a0020f07-6322-408d-881a-a3d421c38744,96291720-e114-492d-8d96-7b62956deb50,90cc7aef-fc0a-402d-adda-891da3d087d9,low,pending,"Synthetic case for presentation: 1 events observed, severity=low, outcome=pending.",,
d70a469b-5cf5-4e61-b052-9322072c0ca8,96291720-e114-492d-8d96-7b62956deb50,28c4e74b-bb8b-4e32-9175-5a175b88cf81,high,score_penalized,"Synthetic case for presentation: 2 events observed, severity=high, outcome=score_penalized.",90b1b286-043f-4b76-92e4-23c74608f5ea,"2026-09-17 15:36:00"
3121e445-5a90-4aaf-bbda-0d6ada1261b6,dd2d3657-ff8c-4803-9550-9cb88325ad31,909cbff5-306f-46d0-84bc-414b91bee76f,high,score_penalized,"Synthetic case for presentation: 3 events observed, severity=high, outcome=score_penalized.",90b1b286-043f-4b76-92e4-23c74608f5ea,"2026-09-15 15:00:00"
25fd14cc-c651-4df6-904b-14f26643195e,dd2d3657-ff8c-4803-9550-9cb88325ad31,bed70342-b412-4070-922b-7a264df67f02,low,pending,"Synthetic case for presentation: 1 events observed, severity=low, outcome=pending.",,
c7350bec-808e-4bda-9767-6861dee9ffd9,dd2d3657-ff8c-4803-9550-9cb88325ad31,90f9f0f9-b9e8-48e8-b985-a220b9d5ff82,high,score_penalized,"Synthetic case for presentation: 2 events observed, severity=high, outcome=score_penalized.",ad242426-f4c6-4c57-8f9c-4d4a377d4b2e,"2026-09-17 15:18:00"
d1b2be6f-7096-454c-8482-0ef5b00f747d,dd2d3657-ff8c-4803-9550-9cb88325ad31,15b1a025-964b-467d-b8b7-d610314fb135,high,score_penalized,"Synthetic case for presentation: 3 events observed, severity=high, outcome=score_penalized.",ad242426-f4c6-4c57-8f9c-4d4a377d4b2e,"2026-09-18 15:27:00"
6fd22b3a-9623-4aa4-8d6f-4448ea4088d0,dd2d3657-ff8c-4803-9550-9cb88325ad31,d89080eb-b99f-4f14-9d3c-12bb4617047d,low,pending,"Synthetic case for presentation: 1 events observed, severity=low, outcome=pending.",,
ede03648-f0c0-4ebd-a4c7-774d5c96ba85,d3c6e254-fc0c-46ae-9929-e0194d98b8f4,2551264b-6c68-469c-b1aa-f2e40c59e8d9,high,score_penalized,"Synthetic case for presentation: 2 events observed, severity=high, outcome=score_penalized.",90b1b286-043f-4b76-92e4-23c74608f5ea,"2026-09-17 15:00:00"
18e02dcb-731e-4b39-ba5c-8edaa0cb1604,d3c6e254-fc0c-46ae-9929-e0194d98b8f4,46d6c648-c459-431a-a56a-b28af0ddc325,high,score_penalized,"Synthetic case for presentation: 3 events observed, severity=high, outcome=score_penalized.",48e22728-5b85-464f-b833-8aea82623a35,"2026-09-18 15:09:00"
79dc0cac-bdd6-44a6-9ba1-8079705b728b,d3c6e254-fc0c-46ae-9929-e0194d98b8f4,7cca4f1a-855e-475d-89f1-2788ccb84a0c,low,pending,"Synthetic case for presentation: 1 events observed, severity=low, outcome=pending.",,
b9e9d8ff-3a55-4401-97e2-68346b707ac3,d3c6e254-fc0c-46ae-9929-e0194d98b8f4,e67eb41c-e390-4583-a1ce-31f5f9e1bf09,medium,warned,"Synthetic case for presentation: 2 events observed, severity=medium, outcome=warned.",48e22728-5b85-464f-b833-8aea82623a35,"2026-08-26 15:27:00"
f583bf8b-e75a-4f8f-aaa6-ec86079e08ed,d3c6e254-fc0c-46ae-9929-e0194d98b8f4,82178a96-c94f-4f7d-933d-8e5b86768d03,high,score_penalized,"Synthetic case for presentation: 3 events observed, severity=high, outcome=score_penalized.",90b1b286-043f-4b76-92e4-23c74608f5ea,"2026-08-27 15:36:00"
84bddc84-ad8e-4a38-8101-6a7d924ee99f,42eee94f-bc75-4363-851b-3bad8da5e324,f8b427a7-c80f-4001-a0d3-6d58da3b5c6d,low,pending,"Synthetic case for presentation: 1 events observed, severity=low, outcome=pending.",,
ade0b1fe-8441-46fb-a42c-0a69f2883a3b,42eee94f-bc75-4363-851b-3bad8da5e324,2ab54f77-ed12-4d1d-8bc1-85503a818d74,medium,warned,"Synthetic case for presentation: 2 events observed, severity=medium, outcome=warned.",b83b3488-207f-4ff7-9ca1-7bde25b71936,"2026-08-26 15:09:00"
0a3b7b0a-adf0-46c1-ae7c-b29f4b6a2f34,42eee94f-bc75-4363-851b-3bad8da5e324,95810883-f123-4368-8a65-3fd9ff225fca,high,score_penalized,"Synthetic case for presentation: 3 events observed, severity=high, outcome=score_penalized.",b83b3488-207f-4ff7-9ca1-7bde25b71936,"2026-08-27 15:18:00"
e7659dae-07ad-4227-95ec-3e0c7a2ca0bd,42eee94f-bc75-4363-851b-3bad8da5e324,79366dc4-bf71-4a68-aefa-80e33cb90705,high,score_penalized,"Synthetic case for presentation: 1 events observed, severity=high, outcome=score_penalized.",b83b3488-207f-4ff7-9ca1-7bde25b71936,"2026-08-28 15:27:00"
325b55ee-1e21-444f-be59-fca3b6dacf18,42eee94f-bc75-4363-851b-3bad8da5e324,9e659a75-c0e5-42d4-958f-2a3be10273c6,medium,warned,"Synthetic case for presentation: 2 events observed, severity=medium, outcome=warned.",90b1b286-043f-4b76-92e4-23c74608f5ea,"2026-08-29 15:36:00"
19f80a01-0438-4323-8f04-15a9219b1801,9e938872-a889-4d85-86a5-2f02be98a98d,306830f5-e498-4f4d-b7ef-c4a6c3a1dca1,high,score_penalized,"Synthetic case for presentation: 3 events observed, severity=high, outcome=score_penalized.",90b1b286-043f-4b76-92e4-23c74608f5ea,"2026-08-27 15:00:00"
d11b2df4-667b-4e9c-99aa-2de9c30e27ee,9e938872-a889-4d85-86a5-2f02be98a98d,d7d25c15-85be-440a-908c-f34174249d16,high,score_penalized,"Synthetic case for presentation: 1 events observed, severity=high, outcome=score_penalized.",6303f387-914b-4174-8f3e-065b113e87db,"2026-08-28 15:09:00"
15c90996-ada5-4772-aa6e-827e4f31954c,9e938872-a889-4d85-86a5-2f02be98a98d,a14b6ceb-d912-4cd9-9573-8ee3c5d3f645,medium,warned,"Synthetic case for presentation: 2 events observed, severity=medium, outcome=warned.",6303f387-914b-4174-8f3e-065b113e87db,"2026-08-29 15:18:00"
11bda6d6-8e41-4848-844b-2ab48f9b4366,9e938872-a889-4d85-86a5-2f02be98a98d,1746d999-b713-4583-96bd-041d39bdd4b4,critical,invalidated,"Synthetic case for presentation: 3 events observed, severity=critical, outcome=invalidated.",6303f387-914b-4174-8f3e-065b113e87db,"2026-08-30 15:27:00"
ffbeaa8e-96aa-4481-95e5-3a9319cf3dd3,9e938872-a889-4d85-86a5-2f02be98a98d,f3553431-1705-4289-8d85-dea9c2d082d9,low,pending,"Synthetic case for presentation: 1 events observed, severity=low, outcome=pending.",,
3143305b-531c-47f7-a62e-b396e803c7cb,60e20146-f0b3-4b24-af60-e2c41212c145,4443983b-2388-4989-9317-0bbacc187af7,medium,warned,"Synthetic case for presentation: 2 events observed, severity=medium, outcome=warned.",90b1b286-043f-4b76-92e4-23c74608f5ea,"2026-08-29 15:00:00"
8cd78e3d-d43b-4708-a226-64313921a23b,60e20146-f0b3-4b24-af60-e2c41212c145,d145ab6e-b78f-498d-a5fd-502d422c5ed5,critical,invalidated,"Synthetic case for presentation: 3 events observed, severity=critical, outcome=invalidated.",899b2d89-3bbd-48fa-81ec-96e80e71d868,"2026-08-30 15:09:00"
273a9cb1-9ac7-48eb-99d2-26a99047155c,60e20146-f0b3-4b24-af60-e2c41212c145,0d7e2a2b-7cd7-4983-94d3-28b2e44a6d75,low,pending,"Synthetic case for presentation: 1 events observed, severity=low, outcome=pending.",,
64ba4c9a-fb7d-4319-8a2c-4c9a797b6da2,60e20146-f0b3-4b24-af60-e2c41212c145,56013f32-540e-4217-8cec-e28939b09313,medium,warned,"Synthetic case for presentation: 2 events observed, severity=medium, outcome=warned.",899b2d89-3bbd-48fa-81ec-96e80e71d868,"2026-09-01 15:27:00"
0840eb53-8891-40b3-abc7-9ebc83727bed,60e20146-f0b3-4b24-af60-e2c41212c145,2ad17fe9-2c58-4021-8bd7-dbb68fa22070,high,score_penalized,"Synthetic case for presentation: 3 events observed, severity=high, outcome=score_penalized.",90b1b286-043f-4b76-92e4-23c74608f5ea,"2026-09-02 15:36:00"
82be31b7-2df9-4c31-87e7-6d15445f8eb8,71eb7137-bd18-4db2-8b2d-5d7853131bc6,cdb4c967-bb2d-4172-9543-a1a55390daa8,low,pending,"Synthetic case for presentation: 1 events observed, severity=low, outcome=pending.",,
aa51ee37-05b7-4298-826d-c9373c3334ca,71eb7137-bd18-4db2-8b2d-5d7853131bc6,fff772d9-80ed-4455-b78f-5758536bed91,medium,warned,"Synthetic case for presentation: 2 events observed, severity=medium, outcome=warned.",3cd7e78a-8e83-4313-82a0-1cb477c878e0,"2026-09-01 15:09:00"
0543cc51-3108-4240-8b00-271c3ebc5ab2,71eb7137-bd18-4db2-8b2d-5d7853131bc6,34c888a1-dbc2-4464-9561-55f2df271236,high,score_penalized,"Synthetic case for presentation: 3 events observed, severity=high, outcome=score_penalized.",3cd7e78a-8e83-4313-82a0-1cb477c878e0,"2026-09-02 15:18:00"
ee36ffac-0473-4b05-9b44-42024c3647d2,71eb7137-bd18-4db2-8b2d-5d7853131bc6,07f2c148-9960-4618-ac9e-e0103e93de95,low,pending,"Synthetic case for presentation: 1 events observed, severity=low, outcome=pending.",,
4143bf75-cb07-4bc4-a3e8-9a68fb5a8c1b,71eb7137-bd18-4db2-8b2d-5d7853131bc6,631fa140-bbc7-4f0f-9cd2-bd27d300f4d4,high,score_penalized,"Synthetic case for presentation: 2 events observed, severity=high, outcome=score_penalized.",90b1b286-043f-4b76-92e4-23c74608f5ea,"2026-09-04 15:36:00"
26590f46-7a0a-472b-aa2d-6cd88564457f,cd11baca-28c6-41b4-a199-6089ba36ce96,a4e957a2-138c-4ab4-979b-0cc938ab9437,high,score_penalized,"Synthetic case for presentation: 3 events observed, severity=high, outcome=score_penalized.",90b1b286-043f-4b76-92e4-23c74608f5ea,"2026-09-02 15:00:00"
315c1092-69f3-4006-a867-9f851b23e7a5,cd11baca-28c6-41b4-a199-6089ba36ce96,28b28a3b-26db-428d-947b-ddbe80739618,low,pending,"Synthetic case for presentation: 1 events observed, severity=low, outcome=pending.",,
728a48bf-b8c1-433f-8e6d-5189e86f970c,cd11baca-28c6-41b4-a199-6089ba36ce96,6cca47ca-46d5-4fbb-aea8-df4911cb53a3,high,score_penalized,"Synthetic case for presentation: 2 events observed, severity=high, outcome=score_penalized.",99107fa4-0a03-4465-9e14-6443db1650d2,"2026-09-04 15:18:00"
4ae6dc94-c873-4755-957b-c036e649df0c,cd11baca-28c6-41b4-a199-6089ba36ce96,b390b4ca-8085-4309-91b5-38324079b3d2,high,score_penalized,"Synthetic case for presentation: 3 events observed, severity=high, outcome=score_penalized.",99107fa4-0a03-4465-9e14-6443db1650d2,"2026-09-05 15:27:00"
5bc0e99b-09a2-44a1-84eb-b3e6ecc88986,cd11baca-28c6-41b4-a199-6089ba36ce96,22a7aa2f-bbfb-4964-b8de-30d04f5d075f,low,pending,"Synthetic case for presentation: 1 events observed, severity=low, outcome=pending.",,
6d9f48e1-84d5-4a2f-a40d-dc8d7bb0b500,c2fea613-130b-4113-bb48-6229f9848065,5a5111b9-d184-498a-915a-f96d87306f0e,high,score_penalized,"Synthetic case for presentation: 2 events observed, severity=high, outcome=score_penalized.",90b1b286-043f-4b76-92e4-23c74608f5ea,"2026-09-04 15:00:00"
39378b04-023f-4a72-9843-6828d802a25e,c2fea613-130b-4113-bb48-6229f9848065,d7183314-7ffd-41db-8365-af8340c0c7d0,high,score_penalized,"Synthetic case for presentation: 3 events observed, severity=high, outcome=score_penalized.",9e71d4bc-bfbc-4006-9750-316ed5fe333e,"2026-09-05 15:09:00"
01d86592-41af-4f82-839f-2f32a9d62fd9,c2fea613-130b-4113-bb48-6229f9848065,a05db285-3195-4af1-9960-a457b31ace04,low,pending,"Synthetic case for presentation: 1 events observed, severity=low, outcome=pending.",,
dd246ab6-d8e4-4b30-8999-c5ec0fddf3df,c2fea613-130b-4113-bb48-6229f9848065,8af21023-fcc1-4fab-afaa-47bd07a2c505,medium,warned,"Synthetic case for presentation: 2 events observed, severity=medium, outcome=warned.",9e71d4bc-bfbc-4006-9750-316ed5fe333e,"2026-09-07 15:27:00"
c3c3382f-f5c8-491d-a9cb-3eb38984bfc1,c2fea613-130b-4113-bb48-6229f9848065,90f12b49-5154-46de-9183-730988060d02,high,score_penalized,"Synthetic case for presentation: 3 events observed, severity=high, outcome=score_penalized.",90b1b286-043f-4b76-92e4-23c74608f5ea,"2026-09-08 15:36:00"
dc77f7d2-e76e-4314-b704-0f408185c07f,129ccc29-3361-4449-90ad-477ab2479146,79251698-6e92-482c-81ee-48cd95540a5c,low,pending,"Synthetic case for presentation: 1 events observed, severity=low, outcome=pending.",,
2b31680d-633b-4627-8ef6-e97c08303b81,129ccc29-3361-4449-90ad-477ab2479146,b1523fb1-495f-401e-ba7c-e3087153d756,medium,warned,"Synthetic case for presentation: 2 events observed, severity=medium, outcome=warned.",6155ea6c-70ca-4267-88e9-839a62d06161,"2026-09-07 15:09:00"
17c4765c-e85f-4b26-99d8-6c850c04f19f,129ccc29-3361-4449-90ad-477ab2479146,aa1fc9b2-f64a-45ed-a2cc-ab2af44e556b,high,score_penalized,"Synthetic case for presentation: 3 events observed, severity=high, outcome=score_penalized.",6155ea6c-70ca-4267-88e9-839a62d06161,"2026-09-08 15:18:00"
c90c03d7-42a7-406f-b766-9b82c0a0dcb4,129ccc29-3361-4449-90ad-477ab2479146,73824ab2-3722-46ef-bd96-cfd605a89c22,high,score_penalized,"Synthetic case for presentation: 1 events observed, severity=high, outcome=score_penalized.",6155ea6c-70ca-4267-88e9-839a62d06161,"2026-09-09 15:27:00"
d31c6b4d-05a4-40af-8a9c-00f711fb9161,129ccc29-3361-4449-90ad-477ab2479146,5c5f057d-02ea-46db-bc99-83f9fa13df9f,medium,warned,"Synthetic case for presentation: 2 events observed, severity=medium, outcome=warned.",90b1b286-043f-4b76-92e4-23c74608f5ea,"2026-09-10 15:36:00"
15756458-c86e-4096-b893-2101de6b4f89,b5b40417-b38f-41a8-9735-353e7d84c812,d2e2f4a1-8672-4df3-afd9-a4cb956b28d9,high,score_penalized,"Synthetic case for presentation: 3 events observed, severity=high, outcome=score_penalized.",90b1b286-043f-4b76-92e4-23c74608f5ea,"2026-09-08 15:00:00"
6e91ed2e-9ebb-4f7c-994d-8ccccd692ca9,b5b40417-b38f-41a8-9735-353e7d84c812,e6655b0c-df09-4474-824a-1f3181191656,high,score_penalized,"Synthetic case for presentation: 1 events observed, severity=high, outcome=score_penalized.",92083e04-065b-466f-94dc-897ea1397fe6,"2026-09-09 15:09:00"
cc0e2655-4946-40f6-89fe-d44267d556f8,b5b40417-b38f-41a8-9735-353e7d84c812,f84e9c4d-c4a4-44ad-ad0e-32aa70ee627a,medium,warned,"Synthetic case for presentation: 2 events observed, severity=medium, outcome=warned.",92083e04-065b-466f-94dc-897ea1397fe6,"2026-09-10 15:18:00"
5f9282f9-87db-4a59-b158-b24f0b00baa1,b5b40417-b38f-41a8-9735-353e7d84c812,ba47306e-0699-4d14-8165-a39f612fc464,critical,invalidated,"Synthetic case for presentation: 3 events observed, severity=critical, outcome=invalidated.",92083e04-065b-466f-94dc-897ea1397fe6,"2026-09-11 15:27:00"
9303d9b7-95a7-412b-855c-b2d51109ff90,b5b40417-b38f-41a8-9735-353e7d84c812,6a5f01c3-5f40-4a79-ac4d-d7f37f0d24f4,low,pending,"Synthetic case for presentation: 1 events observed, severity=low, outcome=pending.",,
046e9060-94a4-44ec-bb4c-e778cb3eb460,3a77ae25-cd35-47fb-a208-8a6a4c8f936f,df5ce82a-dd66-4ebb-91e9-c98835d2bf1a,medium,warned,"Synthetic case for presentation: 2 events observed, severity=medium, outcome=warned.",90b1b286-043f-4b76-92e4-23c74608f5ea,"2026-09-10 15:00:00"
bc99f79e-942c-4ea8-a7ca-2c30ebdb4b2b,3a77ae25-cd35-47fb-a208-8a6a4c8f936f,364aa9dd-63f1-4002-8d85-44cd195a9c76,critical,invalidated,"Synthetic case for presentation: 3 events observed, severity=critical, outcome=invalidated.",b412f77e-2e29-4e1a-89ce-913ff66abd1e,"2026-09-11 15:09:00"
5dca2429-fed3-4e2c-be80-df770b7ec3e1,3a77ae25-cd35-47fb-a208-8a6a4c8f936f,c9f9c94d-8156-4a7d-a603-63e339fb78e8,low,pending,"Synthetic case for presentation: 1 events observed, severity=low, outcome=pending.",,
eb5e10f2-082a-4f5b-a3e3-5a931b633d07,3a77ae25-cd35-47fb-a208-8a6a4c8f936f,d565c984-90a0-488d-a290-0b8ff6a62b91,medium,warned,"Synthetic case for presentation: 2 events observed, severity=medium, outcome=warned.",b412f77e-2e29-4e1a-89ce-913ff66abd1e,"2026-09-13 15:27:00"
21ba7549-0be1-44b5-b554-d54f0ac2e042,3a77ae25-cd35-47fb-a208-8a6a4c8f936f,00dd16c6-4ba3-4163-9034-eb236dc4332f,high,score_penalized,"Synthetic case for presentation: 3 events observed, severity=high, outcome=score_penalized.",90b1b286-043f-4b76-92e4-23c74608f5ea,"2026-09-14 15:36:00"
0bbff32b-b9d2-4653-9c00-bdc81c401078,6b470763-d43a-44c8-8cb5-cc4d9d0dbc37,95c9fb3f-f278-483d-9054-1c5a32a2c37d,low,pending,"Synthetic case for presentation: 1 events observed, severity=low, outcome=pending.",,
979af8fe-7d51-40c6-8cbf-4bbfa305342f,6b470763-d43a-44c8-8cb5-cc4d9d0dbc37,1ca08f0c-ea5c-4877-8da3-4e2b94008942,medium,warned,"Synthetic case for presentation: 2 events observed, severity=medium, outcome=warned.",4bc6e387-7d36-4c29-b5e7-4db6bf467a28,"2026-09-13 15:09:00"
23574cd5-1066-4558-80fa-18cd1fb6fcca,6b470763-d43a-44c8-8cb5-cc4d9d0dbc37,b2706ece-72e2-4530-a1c2-2871536d4da2,high,score_penalized,"Synthetic case for presentation: 3 events observed, severity=high, outcome=score_penalized.",4bc6e387-7d36-4c29-b5e7-4db6bf467a28,"2026-09-14 15:18:00"
ba2db8c4-e372-4023-91b9-1863b9327989,6b470763-d43a-44c8-8cb5-cc4d9d0dbc37,2d0d0f68-0d45-4dd3-95c2-bc17ce870185,low,pending,"Synthetic case for presentation: 1 events observed, severity=low, outcome=pending.",,
89d45ec9-0f39-4938-8cf2-ed20e0b63b3d,6b470763-d43a-44c8-8cb5-cc4d9d0dbc37,ac108c07-7493-403f-a578-f656c3734486,high,score_penalized,"Synthetic case for presentation: 2 events observed, severity=high, outcome=score_penalized.",90b1b286-043f-4b76-92e4-23c74608f5ea,"2026-09-16 15:36:00"
e7c29336-1679-4ea4-bc02-bcab4ffdcc2c,d28c2ff7-35a9-4a88-a0da-edf65b1c7c75,6287272f-f146-4241-9bd9-337f30845873,high,score_penalized,"Synthetic case for presentation: 3 events observed, severity=high, outcome=score_penalized.",90b1b286-043f-4b76-92e4-23c74608f5ea,"2026-09-14 15:00:00"
4863d22c-d882-4212-a562-10dc4d4c0dc5,d28c2ff7-35a9-4a88-a0da-edf65b1c7c75,bc427dc7-7fbf-4a23-a7a0-136edb45a06d,low,pending,"Synthetic case for presentation: 1 events observed, severity=low, outcome=pending.",,
a0da6129-1fe2-465c-b583-b0cde2af4207,d28c2ff7-35a9-4a88-a0da-edf65b1c7c75,2b242d22-005c-44f7-9360-92fc9c6e5a78,high,score_penalized,"Synthetic case for presentation: 2 events observed, severity=high, outcome=score_penalized.",43d80690-1b48-4432-bfb7-309b563e1195,"2026-09-16 15:18:00"
2eda9ba4-b920-46a9-9ef7-4a09e555dbba,d28c2ff7-35a9-4a88-a0da-edf65b1c7c75,f36420f2-ee72-4496-9d52-d6cdd4f20e2c,high,score_penalized,"Synthetic case for presentation: 3 events observed, severity=high, outcome=score_penalized.",43d80690-1b48-4432-bfb7-309b563e1195,"2026-09-17 15:27:00"
4a0d98c7-9f95-41f5-b5d3-6b82f6ee9466,d28c2ff7-35a9-4a88-a0da-edf65b1c7c75,5de0adcb-5004-4cce-8708-7576b428a683,low,pending,"Synthetic case for presentation: 1 events observed, severity=low, outcome=pending.",,
d35f458e-013b-461e-8d2e-ab87bcd5cfbc,054a90d1-c6af-4e89-8e12-2442f34bc069,b06cfd4b-47dc-4a73-a105-d1a81e531f7d,high,score_penalized,"Synthetic case for presentation: 2 events observed, severity=high, outcome=score_penalized.",90b1b286-043f-4b76-92e4-23c74608f5ea,"2026-09-16 15:00:00"
9a610b01-2acc-4e09-a382-cab3b5adf66e,054a90d1-c6af-4e89-8e12-2442f34bc069,98fa2102-ec9e-4f2b-b28c-d719f2cebc0a,high,score_penalized,"Synthetic case for presentation: 3 events observed, severity=high, outcome=score_penalized.",489bc58d-5b6f-49ad-8bb9-cb8b621c13d7,"2026-09-17 15:09:00"
43bc20eb-800f-4493-b8e8-7659f84810da,054a90d1-c6af-4e89-8e12-2442f34bc069,dc49bb65-8b2b-4c67-838a-a46113d22ed1,low,pending,"Synthetic case for presentation: 1 events observed, severity=low, outcome=pending.",,
b0ef976b-cf77-4761-bd35-54f12e1b755d,054a90d1-c6af-4e89-8e12-2442f34bc069,88cefbb5-fed5-45ab-9efd-7d83d83211c7,medium,warned,"Synthetic case for presentation: 2 events observed, severity=medium, outcome=warned.",489bc58d-5b6f-49ad-8bb9-cb8b621c13d7,"2026-09-19 15:27:00"
718d4a2a-68a8-4c40-b799-6be76303c753,054a90d1-c6af-4e89-8e12-2442f34bc069,c8c217a7-5278-4c16-afbe-c683646d9fdb,high,score_penalized,"Synthetic case for presentation: 3 events observed, severity=high, outcome=score_penalized.",90b1b286-043f-4b76-92e4-23c74608f5ea,"2026-08-26 15:36:00"
976b2dba-2b70-4642-895d-e95f59b71f7d,dec57ab4-caee-4d34-a1fd-2639f5ab87ee,89ec2e12-c997-49f9-810a-3770642b9d90,low,pending,"Synthetic case for presentation: 1 events observed, severity=low, outcome=pending.",,
9338b173-9e18-4966-9958-23db6aaff81d,dec57ab4-caee-4d34-a1fd-2639f5ab87ee,554d5bdc-c959-4404-b846-4df17aaf231c,medium,warned,"Synthetic case for presentation: 2 events observed, severity=medium, outcome=warned.",47cad914-ef09-4e20-9f1f-fedc0d4b5f9d,"2026-09-19 15:09:00"
6f07b4a4-7b14-416e-8253-3589b63c9325,dec57ab4-caee-4d34-a1fd-2639f5ab87ee,5ad1b336-c8c8-4624-a94b-4dfc5e07b30f,high,score_penalized,"Synthetic case for presentation: 3 events observed, severity=high, outcome=score_penalized.",47cad914-ef09-4e20-9f1f-fedc0d4b5f9d,"2026-08-26 15:18:00"
8f92f369-bc47-4c2c-88d1-2b673ed29bea,dec57ab4-caee-4d34-a1fd-2639f5ab87ee,4f380d3b-306f-48c0-a3b5-1396e09d14c0,high,score_penalized,"Synthetic case for presentation: 1 events observed, severity=high, outcome=score_penalized.",47cad914-ef09-4e20-9f1f-fedc0d4b5f9d,"2026-08-27 15:27:00"
7af80c6e-2ff9-4e13-b192-5bf29d83e4fd,dec57ab4-caee-4d34-a1fd-2639f5ab87ee,31fe46f8-2549-4703-bfcb-8a0ae674daa5,medium,warned,"Synthetic case for presentation: 2 events observed, severity=medium, outcome=warned.",90b1b286-043f-4b76-92e4-23c74608f5ea,"2026-08-28 15:36:00"
d7dbb9ee-4ae2-4472-982d-8f4c11fd4f3f,59eb858c-233f-48f6-8b74-a0bbc0f42ae8,eb431bbe-9089-4ea5-9290-5a711a3850d7,high,score_penalized,"Synthetic case for presentation: 3 events observed, severity=high, outcome=score_penalized.",90b1b286-043f-4b76-92e4-23c74608f5ea,"2026-08-26 15:00:00"
f37f510d-bb6d-4cbc-945f-cd4cd7fc18c2,59eb858c-233f-48f6-8b74-a0bbc0f42ae8,e8fdaaa1-c882-4a3e-9f3c-408ff3ed36b7,high,score_penalized,"Synthetic case for presentation: 1 events observed, severity=high, outcome=score_penalized.",f8597118-4037-42ea-a506-77510bb352cb,"2026-08-27 15:09:00"
41bfefc9-6e67-424a-ac8e-be1bb988243e,59eb858c-233f-48f6-8b74-a0bbc0f42ae8,8c4670a0-6656-49f5-9505-4b7784fe5ae1,medium,warned,"Synthetic case for presentation: 2 events observed, severity=medium, outcome=warned.",f8597118-4037-42ea-a506-77510bb352cb,"2026-08-28 15:18:00"
1add033f-b293-4607-bb7c-e03d7b00f3cf,59eb858c-233f-48f6-8b74-a0bbc0f42ae8,82f2e7de-1c96-47a2-a2f4-daeea8b4368e,critical,invalidated,"Synthetic case for presentation: 3 events observed, severity=critical, outcome=invalidated.",f8597118-4037-42ea-a506-77510bb352cb,"2026-08-29 15:27:00"
12bb30ac-b427-4113-a91e-fcc66a36c62d,59eb858c-233f-48f6-8b74-a0bbc0f42ae8,56751255-0ad0-4be7-9988-414b83d6b064,low,pending,"Synthetic case for presentation: 1 events observed, severity=low, outcome=pending.",,
7d354158-7cfd-444f-a33a-73b4a29f3cb3,cb685edb-cf2c-4d3d-945f-fcb9f90e1ba9,8bf4ec71-cbba-4b6a-b506-962f2aa06606,medium,warned,"Synthetic case for presentation: 2 events observed, severity=medium, outcome=warned.",90b1b286-043f-4b76-92e4-23c74608f5ea,"2026-08-28 15:00:00"
60cdd2cf-b812-40e9-b80d-36be48f153fc,cb685edb-cf2c-4d3d-945f-fcb9f90e1ba9,c9715af7-08b7-4ebe-ad95-91a11f871a93,critical,invalidated,"Synthetic case for presentation: 3 events observed, severity=critical, outcome=invalidated.",34545ed2-0970-47ec-9b56-a6f6ce24d758,"2026-08-29 15:09:00"
527a79be-952e-4074-a511-0f12f5171fc7,cb685edb-cf2c-4d3d-945f-fcb9f90e1ba9,31a6a1da-8f1a-4782-b9bf-40f4de8af562,low,pending,"Synthetic case for presentation: 1 events observed, severity=low, outcome=pending.",,
5062410c-0d0e-4295-bf5a-062dd942e6f9,cb685edb-cf2c-4d3d-945f-fcb9f90e1ba9,fd6bafa1-835a-44df-bde1-a61a64588933,medium,warned,"Synthetic case for presentation: 2 events observed, severity=medium, outcome=warned.",34545ed2-0970-47ec-9b56-a6f6ce24d758,"2026-08-31 15:27:00"
ee8f642c-b0e6-4e21-9608-bd81aa0beaa9,cb685edb-cf2c-4d3d-945f-fcb9f90e1ba9,22e0d92b-44e4-4772-a2b4-c2e638d2c011,high,score_penalized,"Synthetic case for presentation: 3 events observed, severity=high, outcome=score_penalized.",90b1b286-043f-4b76-92e4-23c74608f5ea,"2026-09-01 15:36:00"
5fdfd054-b414-4174-adab-4b1b3e512369,d36a0f72-e356-4910-8b18-6a13416e2e4e,c9c13d54-ce39-47d2-b238-9d2e5f59cfc4,low,pending,"Synthetic case for presentation: 1 events observed, severity=low, outcome=pending.",,
2230179b-f61a-40de-ad5c-31ac7025fdd3,d36a0f72-e356-4910-8b18-6a13416e2e4e,7e391e50-c31c-45eb-b681-d019f6ae6bbe,medium,warned,"Synthetic case for presentation: 2 events observed, severity=medium, outcome=warned.",7851b116-68b6-4248-94b1-d9b675d89bdb,"2026-08-31 15:09:00"
69a47b8b-0bb5-492e-95b8-62bcfee09a3f,d36a0f72-e356-4910-8b18-6a13416e2e4e,45482482-b5d7-4f42-9773-588a5a874d7d,high,score_penalized,"Synthetic case for presentation: 3 events observed, severity=high, outcome=score_penalized.",7851b116-68b6-4248-94b1-d9b675d89bdb,"2026-09-01 15:18:00"
ee8dbfb4-1191-47a9-8dd2-5d6bb1584d3e,d36a0f72-e356-4910-8b18-6a13416e2e4e,fa5f215a-08fe-4f6f-bd93-836a484b407e,low,pending,"Synthetic case for presentation: 1 events observed, severity=low, outcome=pending.",,
2d857ca5-dec9-4460-88ba-16228e722724,d36a0f72-e356-4910-8b18-6a13416e2e4e,829f63f4-2cf9-4d42-9727-937f11ab976f,high,score_penalized,"Synthetic case for presentation: 2 events observed, severity=high, outcome=score_penalized.",90b1b286-043f-4b76-92e4-23c74608f5ea,"2026-09-03 15:36:00"
33340257-c9f9-41dc-abc0-b48a04703c51,aafdfab4-5ae0-4fa5-addb-0c3a9586b317,90c99344-2cf9-44fd-bea4-0d5f45f62455,high,score_penalized,"Synthetic case for presentation: 3 events observed, severity=high, outcome=score_penalized.",90b1b286-043f-4b76-92e4-23c74608f5ea,"2026-09-01 15:00:00"
f44060a1-02b3-49cd-8962-5e512094f769,aafdfab4-5ae0-4fa5-addb-0c3a9586b317,11bdc6d4-037c-47a7-96ed-0cd3b9eaa61c,low,pending,"Synthetic case for presentation: 1 events observed, severity=low, outcome=pending.",,
2ba955a8-653c-488d-a3ef-fe33395ca9e0,aafdfab4-5ae0-4fa5-addb-0c3a9586b317,45ec64d2-9787-44a1-aaeb-0f6d3c9eccba,high,score_penalized,"Synthetic case for presentation: 2 events observed, severity=high, outcome=score_penalized.",00e888b9-a6a5-4288-8e4f-e15546ce36f9,"2026-09-03 15:18:00"
4aa2d932-0dca-484c-8cc2-f6a27ce9d67d,aafdfab4-5ae0-4fa5-addb-0c3a9586b317,c7db3530-63ee-4a07-b52b-ed25716e6689,high,score_penalized,"Synthetic case for presentation: 3 events observed, severity=high, outcome=score_penalized.",00e888b9-a6a5-4288-8e4f-e15546ce36f9,"2026-09-04 15:27:00"
8cfe73a7-d609-42c7-8a7d-1b222e78b086,aafdfab4-5ae0-4fa5-addb-0c3a9586b317,34fec603-6473-4041-aa74-3d0d87058b32,low,pending,"Synthetic case for presentation: 1 events observed, severity=low, outcome=pending.",,
523e1e1b-cd03-4d05-ab53-e702955cca2a,cd2beb43-9406-4edb-89ed-9e33530e628f,b9cba548-443d-4c99-9d52-dbdda87eeb4d,high,score_penalized,"Synthetic case for presentation: 2 events observed, severity=high, outcome=score_penalized.",90b1b286-043f-4b76-92e4-23c74608f5ea,"2026-09-03 15:00:00"
03e87a5a-5718-4e77-b3dc-854172a95ca0,cd2beb43-9406-4edb-89ed-9e33530e628f,c621484f-be19-47dd-99f9-ea27b91593d2,high,score_penalized,"Synthetic case for presentation: 3 events observed, severity=high, outcome=score_penalized.",4e567472-a8ee-4c1f-99b8-8d6bbb2d2b76,"2026-09-04 15:09:00"
193594b9-de6d-4338-b3b7-6763767c4a2c,cd2beb43-9406-4edb-89ed-9e33530e628f,38c2957f-106f-4036-95f5-9b0eb8ba6240,low,pending,"Synthetic case for presentation: 1 events observed, severity=low, outcome=pending.",,
955dbede-5aff-4743-8be4-26710da4b7d6,cd2beb43-9406-4edb-89ed-9e33530e628f,699ad469-3016-4f40-b076-5f3ba4c11159,medium,warned,"Synthetic case for presentation: 2 events observed, severity=medium, outcome=warned.",4e567472-a8ee-4c1f-99b8-8d6bbb2d2b76,"2026-09-06 15:27:00"
a8c14301-7cb8-4aa6-a30a-a0d2a27df55c,cd2beb43-9406-4edb-89ed-9e33530e628f,c2b2bd08-5bd8-4ae5-ae81-2d4b980d21b5,high,score_penalized,"Synthetic case for presentation: 3 events observed, severity=high, outcome=score_penalized.",90b1b286-043f-4b76-92e4-23c74608f5ea,"2026-09-07 15:36:00"
e042f405-78cb-4ce4-a0b3-edf1f7c93f88,6ac2835d-e078-4954-af57-7b148fc918e1,a253697c-d5e1-4906-bd15-f86d54c98ea8,low,pending,"Synthetic case for presentation: 1 events observed, severity=low, outcome=pending.",,
c6c74a0b-841a-41ec-ace6-bf5fcdc1f146,6ac2835d-e078-4954-af57-7b148fc918e1,d195b791-6b6d-4cc6-b523-1533809b9cf6,medium,warned,"Synthetic case for presentation: 2 events observed, severity=medium, outcome=warned.",175edd14-3421-49e8-b1fa-76764b8b10cf,"2026-09-06 15:09:00"
f6b3c147-8b1c-4a96-983e-d6f90b23a1ab,6ac2835d-e078-4954-af57-7b148fc918e1,e604886a-9933-427a-a75f-06ef7987eb6c,high,score_penalized,"Synthetic case for presentation: 3 events observed, severity=high, outcome=score_penalized.",175edd14-3421-49e8-b1fa-76764b8b10cf,"2026-09-07 15:18:00"
fbbf9a88-8908-43da-b8c9-a4366d8a5cd1,6ac2835d-e078-4954-af57-7b148fc918e1,b3fc3a4f-ff11-4ad0-99c0-e05b657a2d98,high,score_penalized,"Synthetic case for presentation: 1 events observed, severity=high, outcome=score_penalized.",175edd14-3421-49e8-b1fa-76764b8b10cf,"2026-09-08 15:27:00"
67fb05d0-6f5d-4e0b-919c-1c0a4f496351,6ac2835d-e078-4954-af57-7b148fc918e1,9a93c303-8f96-46dc-80a8-c59ea398da1b,medium,warned,"Synthetic case for presentation: 2 events observed, severity=medium, outcome=warned.",90b1b286-043f-4b76-92e4-23c74608f5ea,"2026-09-09 15:36:00"
04043388-7dff-46bf-b84c-756cb377668f,f1b5fa38-8cb5-40ea-b2a0-3261ec65b817,d0a9ba57-11a2-4f1b-90cd-a25e3feda50e,high,score_penalized,"Synthetic case for presentation: 3 events observed, severity=high, outcome=score_penalized.",90b1b286-043f-4b76-92e4-23c74608f5ea,"2026-09-07 15:00:00"
7da8a289-fb01-47d7-ad22-407a7f13bed7,f1b5fa38-8cb5-40ea-b2a0-3261ec65b817,35e95bdd-3d4b-40fa-a977-2d558fa78da4,high,score_penalized,"Synthetic case for presentation: 1 events observed, severity=high, outcome=score_penalized.",57e053cc-b444-49a6-9971-87542a4d8416,"2026-09-08 15:09:00"
97a29efc-8388-47f1-9cc6-3d330e14b642,f1b5fa38-8cb5-40ea-b2a0-3261ec65b817,b6101ae4-4887-405a-9fa6-4a9bd2e7cc99,medium,warned,"Synthetic case for presentation: 2 events observed, severity=medium, outcome=warned.",57e053cc-b444-49a6-9971-87542a4d8416,"2026-09-09 15:18:00"
a1b1b2c5-9b75-4d55-84fb-63e756c24bdb,f1b5fa38-8cb5-40ea-b2a0-3261ec65b817,626dc90a-bc7d-4c38-95b0-2f56ddcb7cba,critical,invalidated,"Synthetic case for presentation: 3 events observed, severity=critical, outcome=invalidated.",57e053cc-b444-49a6-9971-87542a4d8416,"2026-09-10 15:27:00"
791d723e-538b-4eea-b9c0-a359a228f2dc,f1b5fa38-8cb5-40ea-b2a0-3261ec65b817,a2711c6b-ac2b-42c1-83d3-c93e39f12aca,low,pending,"Synthetic case for presentation: 1 events observed, severity=low, outcome=pending.",,
4905b20c-afc7-4f91-9e27-0dd4e7b595fc,780db7e1-2b0e-4a4f-8841-a14ec2af4a58,b64f5153-9e6a-495f-9224-1946faa65685,medium,warned,"Synthetic case for presentation: 2 events observed, severity=medium, outcome=warned.",90b1b286-043f-4b76-92e4-23c74608f5ea,"2026-09-09 15:00:00"
8a950643-bd21-4379-9219-ddaec093e1d8,780db7e1-2b0e-4a4f-8841-a14ec2af4a58,2c981f19-7108-4e3d-bf10-7d827028e84e,critical,invalidated,"Synthetic case for presentation: 3 events observed, severity=critical, outcome=invalidated.",2c53b76d-3ed9-4649-b140-d3555f9a090c,"2026-09-10 15:09:00"
281e3942-d564-4079-937d-e16b6566e553,780db7e1-2b0e-4a4f-8841-a14ec2af4a58,bd7cfa23-890d-47e8-934c-c653c5cc96d7,low,pending,"Synthetic case for presentation: 1 events observed, severity=low, outcome=pending.",,
5ebc24af-277e-4c8a-a370-d6a93bccd82d,780db7e1-2b0e-4a4f-8841-a14ec2af4a58,20f3c0d3-56d9-402c-9f5a-01e24d71e462,medium,warned,"Synthetic case for presentation: 2 events observed, severity=medium, outcome=warned.",2c53b76d-3ed9-4649-b140-d3555f9a090c,"2026-09-12 15:27:00"
40be824e-8605-4de9-82ca-79116d4eb633,780db7e1-2b0e-4a4f-8841-a14ec2af4a58,9837898a-da6b-4512-b344-8a7735781204,high,score_penalized,"Synthetic case for presentation: 3 events observed, severity=high, outcome=score_penalized.",90b1b286-043f-4b76-92e4-23c74608f5ea,"2026-09-13 15:36:00"
018f6808-e871-42ee-b33c-f2d9b49240d9,d048d5be-11d8-4093-8c20-dc3703532e36,c85ed832-dddb-4e33-b62e-729ad28c0f44,low,pending,"Synthetic case for presentation: 1 events observed, severity=low, outcome=pending.",,
2347dd79-a121-4f55-a516-ecc91beb372c,d048d5be-11d8-4093-8c20-dc3703532e36,b0c7d128-5126-40f5-b50a-c38ec9c38a3d,medium,warned,"Synthetic case for presentation: 2 events observed, severity=medium, outcome=warned.",3ed2069d-55c5-40a1-b208-012a8d5c1c19,"2026-09-12 15:09:00"
bef6b718-9913-415a-bb9e-401ea5d2d70e,d048d5be-11d8-4093-8c20-dc3703532e36,e7583369-195c-4750-b9e0-a8ab08661235,high,score_penalized,"Synthetic case for presentation: 3 events observed, severity=high, outcome=score_penalized.",3ed2069d-55c5-40a1-b208-012a8d5c1c19,"2026-09-13 15:18:00"
f72e6425-55b3-40fe-9ed4-762c521ec16d,d048d5be-11d8-4093-8c20-dc3703532e36,9b70b9d1-4766-4167-8a49-46fd95dd19ad,low,pending,"Synthetic case for presentation: 1 events observed, severity=low, outcome=pending.",,
e55bc78f-5d32-43c8-8729-0b3967e934cb,d048d5be-11d8-4093-8c20-dc3703532e36,cf448170-51ef-4c8a-b8a9-13d2ae615782,high,score_penalized,"Synthetic case for presentation: 2 events observed, severity=high, outcome=score_penalized.",90b1b286-043f-4b76-92e4-23c74608f5ea,"2026-09-15 15:36:00"
f815f2c9-e634-405e-9b4c-64b406b8af07,4baf4086-3a34-404d-bad0-0717850a4c47,58f42619-70ee-4b31-b199-f15a8fd12aff,high,score_penalized,"Synthetic case for presentation: 3 events observed, severity=high, outcome=score_penalized.",90b1b286-043f-4b76-92e4-23c74608f5ea,"2026-09-13 15:00:00"
53937306-8134-4910-ade9-789b5cefe3c7,4baf4086-3a34-404d-bad0-0717850a4c47,e923de45-7ab3-4e30-a15b-941c8161cf3b,low,pending,"Synthetic case for presentation: 1 events observed, severity=low, outcome=pending.",,
0132f5f7-a080-4ba8-90d3-58523187ff7e,4baf4086-3a34-404d-bad0-0717850a4c47,b8df8c01-68ee-46a7-9718-22f4b51800bf,high,score_penalized,"Synthetic case for presentation: 2 events observed, severity=high, outcome=score_penalized.",faa261bd-875d-40af-a2c4-dcbf4a077994,"2026-09-15 15:18:00"
b75c39e9-55f2-4bb3-a073-454e4767211e,4baf4086-3a34-404d-bad0-0717850a4c47,3dd46822-0d09-42a5-b12c-04157ce0d15c,high,score_penalized,"Synthetic case for presentation: 3 events observed, severity=high, outcome=score_penalized.",faa261bd-875d-40af-a2c4-dcbf4a077994,"2026-09-16 15:27:00"
6884beac-0622-453f-b5d4-c9cfc07febeb,4baf4086-3a34-404d-bad0-0717850a4c47,215dd3f4-53db-417e-92cd-94dd9b978f38,low,pending,"Synthetic case for presentation: 1 events observed, severity=low, outcome=pending.",,
cd5dbb50-c3eb-4399-b4c4-1711d506621d,a5657791-8b11-4b3a-8a45-05b1a20e4b8b,d59ec089-e89f-4ac8-952d-f205d1bce343,high,score_penalized,"Synthetic case for presentation: 2 events observed, severity=high, outcome=score_penalized.",90b1b286-043f-4b76-92e4-23c74608f5ea,"2026-09-15 15:00:00"
964461f5-1228-4dc7-b8f9-7cc8b95b3abf,a5657791-8b11-4b3a-8a45-05b1a20e4b8b,f3b3ff68-ffcc-44b7-8c07-cd491d311661,high,score_penalized,"Synthetic case for presentation: 3 events observed, severity=high, outcome=score_penalized.",b36aa55c-ef9a-47cd-9a53-54d91cc18d26,"2026-09-16 15:09:00"
48367283-ed4b-4a6b-9f24-b482c887d8a6,a5657791-8b11-4b3a-8a45-05b1a20e4b8b,26802524-dc45-4bba-9d40-da89f290daf8,low,pending,"Synthetic case for presentation: 1 events observed, severity=low, outcome=pending.",,
788f1f94-3a6f-40e4-8a7c-08f824492a30,a5657791-8b11-4b3a-8a45-05b1a20e4b8b,1be38374-852b-4bce-bb19-0d78fc4378b7,medium,warned,"Synthetic case for presentation: 2 events observed, severity=medium, outcome=warned.",b36aa55c-ef9a-47cd-9a53-54d91cc18d26,"2026-09-18 15:27:00"
07d138a5-68e6-4fbb-90c8-2c9dc6da4fc3,a5657791-8b11-4b3a-8a45-05b1a20e4b8b,38840722-cd51-407a-bd28-51fee3c0b11b,high,score_penalized,"Synthetic case for presentation: 3 events observed, severity=high, outcome=score_penalized.",90b1b286-043f-4b76-92e4-23c74608f5ea,"2026-09-19 15:36:00"
f3a77354-ab65-41e5-85c6-b885484d49c5,20c4c6d5-a4e8-458c-82d3-aca66a513846,d09e8b9b-0173-4b1a-bda9-162809663693,low,pending,"Synthetic case for presentation: 1 events observed, severity=low, outcome=pending.",,
5d223747-fbc2-439a-8e01-26cf9b8a2156,20c4c6d5-a4e8-458c-82d3-aca66a513846,d39ecd9a-d434-454f-b5cb-d50e7adbde23,medium,warned,"Synthetic case for presentation: 2 events observed, severity=medium, outcome=warned.",490121e1-b8ef-4a83-ad12-26d6eec55f09,"2026-09-18 15:09:00"
80cef774-2058-462a-999e-93b9a3699c91,20c4c6d5-a4e8-458c-82d3-aca66a513846,c609f3a6-6699-4c05-83ad-53e049050f78,high,score_penalized,"Synthetic case for presentation: 3 events observed, severity=high, outcome=score_penalized.",490121e1-b8ef-4a83-ad12-26d6eec55f09,"2026-09-19 15:18:00"
cf959c39-4888-4e7c-86ca-db51d1901e78,20c4c6d5-a4e8-458c-82d3-aca66a513846,ec99a493-eaa1-4190-81b3-28bfb00e4466,high,score_penalized,"Synthetic case for presentation: 1 events observed, severity=high, outcome=score_penalized.",490121e1-b8ef-4a83-ad12-26d6eec55f09,"2026-08-26 15:27:00"
0950cc6d-4c2b-41e8-8cbd-a9a679935278,20c4c6d5-a4e8-458c-82d3-aca66a513846,a338d6f9-a3e7-440a-b2be-3ac5821cfad8,medium,warned,"Synthetic case for presentation: 2 events observed, severity=medium, outcome=warned.",90b1b286-043f-4b76-92e4-23c74608f5ea,"2026-08-27 15:36:00"
29b0f811-ef53-465c-bf05-c02ca6ec6133,3c99ae48-1d3f-4a26-b589-9d3ca7d96755,23477b07-5a93-45fc-91cc-5df9fed07ded,high,score_penalized,"Synthetic case for presentation: 3 events observed, severity=high, outcome=score_penalized.",90b1b286-043f-4b76-92e4-23c74608f5ea,"2026-09-19 15:00:00"
c8cee2bf-da8c-4e12-aad4-5265fde03353,3c99ae48-1d3f-4a26-b589-9d3ca7d96755,23b2a6ff-8aa3-4db0-a0f2-aeea84a40fca,high,score_penalized,"Synthetic case for presentation: 1 events observed, severity=high, outcome=score_penalized.",741da3ef-c28c-466f-a961-a70df134fb09,"2026-08-26 15:09:00"
d609c2a5-28fc-4bb1-92ad-362144377d82,3c99ae48-1d3f-4a26-b589-9d3ca7d96755,734776a8-d7b2-459d-a989-073744b504cf,medium,warned,"Synthetic case for presentation: 2 events observed, severity=medium, outcome=warned.",741da3ef-c28c-466f-a961-a70df134fb09,"2026-08-27 15:18:00"
eb3f3e63-9731-44f1-b16e-ea612f1b18cb,3c99ae48-1d3f-4a26-b589-9d3ca7d96755,d0a66af5-8ae1-49b5-af9d-5f3b24e23271,critical,invalidated,"Synthetic case for presentation: 3 events observed, severity=critical, outcome=invalidated.",741da3ef-c28c-466f-a961-a70df134fb09,"2026-08-28 15:27:00"
52932085-6a00-470e-9f55-860e34c8d404,3c99ae48-1d3f-4a26-b589-9d3ca7d96755,e90fce81-5e4f-40ef-8286-4ac84679c47e,low,pending,"Synthetic case for presentation: 1 events observed, severity=low, outcome=pending.",,
ed6249eb-6a7e-416a-a1da-cff632768d59,0b00e40b-4a19-408c-b5cf-4e076d15bb3b,6cbbd2a8-3b8c-458f-a1c8-752e664a643f,medium,warned,"Synthetic case for presentation: 2 events observed, severity=medium, outcome=warned.",90b1b286-043f-4b76-92e4-23c74608f5ea,"2026-08-27 15:00:00"
5de0ff82-b9aa-4da6-8e20-515e162847de,0b00e40b-4a19-408c-b5cf-4e076d15bb3b,77741352-e630-4e73-b523-7c49481789f9,critical,invalidated,"Synthetic case for presentation: 3 events observed, severity=critical, outcome=invalidated.",64aa98f0-01a7-4bf8-884a-eee4e93d9197,"2026-08-28 15:09:00"
ba2c88cd-aed7-4345-a588-e981bcae96c2,0b00e40b-4a19-408c-b5cf-4e076d15bb3b,b58fa7d7-9b13-4012-b202-651df707b122,low,pending,"Synthetic case for presentation: 1 events observed, severity=low, outcome=pending.",,
a18e5295-a1e6-4b1f-9c72-9ea4adddb0d5,0b00e40b-4a19-408c-b5cf-4e076d15bb3b,f9452f46-3b5f-4677-807b-8e15da0218b7,medium,warned,"Synthetic case for presentation: 2 events observed, severity=medium, outcome=warned.",64aa98f0-01a7-4bf8-884a-eee4e93d9197,"2026-08-30 15:27:00"
fcfcb9bd-4216-406c-a75c-38234b69979d,0b00e40b-4a19-408c-b5cf-4e076d15bb3b,eaeeea81-fee5-4bfe-b47a-65a592a1c468,high,score_penalized,"Synthetic case for presentation: 3 events observed, severity=high, outcome=score_penalized.",90b1b286-043f-4b76-92e4-23c74608f5ea,"2026-08-31 15:36:00"
dfa5cfab-ad8f-46fa-a889-d26b56b285cd,e848f0a0-9318-468c-bab3-f1800ba46500,034ca072-0a91-42d9-9396-1178d79b5011,low,pending,"Synthetic case for presentation: 1 events observed, severity=low, outcome=pending.",,
33c462ce-278b-49de-913e-bb185df596b7,e848f0a0-9318-468c-bab3-f1800ba46500,adfc61c5-13fe-4ac2-a13b-ff1b5e3954fa,medium,warned,"Synthetic case for presentation: 2 events observed, severity=medium, outcome=warned.",6cc46a50-9489-492b-a3b8-30c44219cb0e,"2026-08-30 15:09:00"
37a881e2-f771-4f1d-a732-b80cef051b76,e848f0a0-9318-468c-bab3-f1800ba46500,03a64df3-5409-44fe-8761-7af2bd112033,high,score_penalized,"Synthetic case for presentation: 3 events observed, severity=high, outcome=score_penalized.",6cc46a50-9489-492b-a3b8-30c44219cb0e,"2026-08-31 15:18:00"
78a40aa8-0c20-4090-b950-91c368abaeb4,e848f0a0-9318-468c-bab3-f1800ba46500,92c358bd-7d43-4003-b1d0-4885e86f155d,low,pending,"Synthetic case for presentation: 1 events observed, severity=low, outcome=pending.",,
4051c2e5-9094-4442-8b65-6470ad702e7d,e848f0a0-9318-468c-bab3-f1800ba46500,7fa5d931-ac08-4c68-9c9b-6508d3eab194,high,score_penalized,"Synthetic case for presentation: 2 events observed, severity=high, outcome=score_penalized.",90b1b286-043f-4b76-92e4-23c74608f5ea,"2026-09-02 15:36:00"
89c5b8ba-9a73-4f77-b1b3-c14249a59ca3,dcbbfeeb-99bf-4e74-8512-034caf1e1b0a,9a66cd37-91cd-4e48-b5dd-6375aa02b87c,high,score_penalized,"Synthetic case for presentation: 3 events observed, severity=high, outcome=score_penalized.",90b1b286-043f-4b76-92e4-23c74608f5ea,"2026-08-31 15:00:00"
675f06b9-ce50-4915-8d90-5938efb0706d,dcbbfeeb-99bf-4e74-8512-034caf1e1b0a,d82e9422-7766-415c-8ccb-55bc73afc50c,low,pending,"Synthetic case for presentation: 1 events observed, severity=low, outcome=pending.",,
6452fe06-c7ea-4b3a-88f5-edcd8f2aa2c3,dcbbfeeb-99bf-4e74-8512-034caf1e1b0a,883de4de-54d4-4657-820b-af7cafe82539,high,score_penalized,"Synthetic case for presentation: 2 events observed, severity=high, outcome=score_penalized.",e4375277-c6b6-4827-9af8-312d0d85018a,"2026-09-02 15:18:00"
18c44d59-39d7-4b66-a9a7-8de6b106032e,dcbbfeeb-99bf-4e74-8512-034caf1e1b0a,2d515e9e-994b-4f9f-84ce-fbcb13414ef3,high,score_penalized,"Synthetic case for presentation: 3 events observed, severity=high, outcome=score_penalized.",e4375277-c6b6-4827-9af8-312d0d85018a,"2026-09-03 15:27:00"
beb8c71e-6ef6-401a-8fac-0e262f3c5d3b,dcbbfeeb-99bf-4e74-8512-034caf1e1b0a,0708dd24-6d07-479d-8372-976781c27906,low,pending,"Synthetic case for presentation: 1 events observed, severity=low, outcome=pending.",,
63b21a2c-a87b-4de0-a752-4ce12f286e1f,44e4fbaf-c787-4d9a-aea7-9f9023faabe7,d278526e-ad62-4e9e-9273-eb959d3f315d,high,score_penalized,"Synthetic case for presentation: 2 events observed, severity=high, outcome=score_penalized.",90b1b286-043f-4b76-92e4-23c74608f5ea,"2026-09-02 15:00:00"
c2275c65-46c1-485c-8844-8a896b313908,44e4fbaf-c787-4d9a-aea7-9f9023faabe7,1753103b-3b91-489f-8a8e-2492f8de2bf2,high,score_penalized,"Synthetic case for presentation: 3 events observed, severity=high, outcome=score_penalized.",9f8c62f2-7569-4f36-a0ec-e7048fab7212,"2026-09-03 15:09:00"
751fd3a2-751a-4d9e-bc59-473b99cb833d,44e4fbaf-c787-4d9a-aea7-9f9023faabe7,2d4b5556-45ee-4b31-a818-5bf62df9187c,low,pending,"Synthetic case for presentation: 1 events observed, severity=low, outcome=pending.",,
00dfdac8-e3ca-4e6a-9b3d-f32ba5a99524,44e4fbaf-c787-4d9a-aea7-9f9023faabe7,969cac47-7658-4535-aab8-8a38a093f418,medium,warned,"Synthetic case for presentation: 2 events observed, severity=medium, outcome=warned.",9f8c62f2-7569-4f36-a0ec-e7048fab7212,"2026-09-05 15:27:00"
60e3d2ce-c2c2-405e-99aa-89168b03c735,44e4fbaf-c787-4d9a-aea7-9f9023faabe7,fdfc8d43-54d9-4aa7-bf13-89d834d14352,high,score_penalized,"Synthetic case for presentation: 3 events observed, severity=high, outcome=score_penalized.",90b1b286-043f-4b76-92e4-23c74608f5ea,"2026-09-06 15:36:00"
d717963e-693e-4bb1-b87f-675b4dcfdf2f,311c12b2-af1c-453b-a2b5-c1b552afcc92,7524de1b-d711-4432-98e1-15a8779afe29,low,pending,"Synthetic case for presentation: 1 events observed, severity=low, outcome=pending.",,
e755b914-8c77-4c06-a25a-65f7b90e203d,311c12b2-af1c-453b-a2b5-c1b552afcc92,1b2b06b7-c94b-47f0-b625-ada7370c30de,medium,warned,"Synthetic case for presentation: 2 events observed, severity=medium, outcome=warned.",cc32ca25-adb9-4a56-a330-738631fa092b,"2026-09-05 15:09:00"
697256a7-4394-499b-86ec-65730827881b,311c12b2-af1c-453b-a2b5-c1b552afcc92,f7a4fecf-4a73-4198-ba55-5e23e8a5656d,high,score_penalized,"Synthetic case for presentation: 3 events observed, severity=high, outcome=score_penalized.",cc32ca25-adb9-4a56-a330-738631fa092b,"2026-09-06 15:18:00"
91265cbf-8790-4abd-9560-1d96fee14b1e,311c12b2-af1c-453b-a2b5-c1b552afcc92,9a41e481-61dd-4eee-aa9e-f47de6cc8be9,high,score_penalized,"Synthetic case for presentation: 1 events observed, severity=high, outcome=score_penalized.",cc32ca25-adb9-4a56-a330-738631fa092b,"2026-09-07 15:27:00"
94d96517-030d-4376-9d0c-5860fc330d9b,311c12b2-af1c-453b-a2b5-c1b552afcc92,b27272f0-e43d-4fb3-bc9c-14a142efbd6d,medium,warned,"Synthetic case for presentation: 2 events observed, severity=medium, outcome=warned.",90b1b286-043f-4b76-92e4-23c74608f5ea,"2026-09-08 15:36:00"
73c886f6-af8f-47af-9ad5-64056f4ed3d7,ed830a96-3ed8-410b-890a-2322e02af4ff,10bb116f-c203-4c45-96bd-2b8b91a9b8ec,high,score_penalized,"Synthetic case for presentation: 3 events observed, severity=high, outcome=score_penalized.",90b1b286-043f-4b76-92e4-23c74608f5ea,"2026-09-06 15:00:00"
c28863e0-7413-47b4-869c-1f7fa19c0d77,ed830a96-3ed8-410b-890a-2322e02af4ff,85a35672-0e74-4a88-b2f5-4f6f46e5ea02,high,score_penalized,"Synthetic case for presentation: 1 events observed, severity=high, outcome=score_penalized.",0d3c4450-8ced-4ee2-a53b-f92fad102779,"2026-09-07 15:09:00"
a70f2c6a-abf5-46eb-b12c-5f3e64413c55,ed830a96-3ed8-410b-890a-2322e02af4ff,13dad67b-01f9-49df-b9ab-18c5f10845c5,medium,warned,"Synthetic case for presentation: 2 events observed, severity=medium, outcome=warned.",0d3c4450-8ced-4ee2-a53b-f92fad102779,"2026-09-08 15:18:00"
41c8d2e7-23eb-485b-ae80-17f0fc8a3a25,ed830a96-3ed8-410b-890a-2322e02af4ff,7503d1c8-76c5-4f81-85d0-4ab35a5f6e20,critical,invalidated,"Synthetic case for presentation: 3 events observed, severity=critical, outcome=invalidated.",0d3c4450-8ced-4ee2-a53b-f92fad102779,"2026-09-09 15:27:00"
357d0c6f-9d75-4928-8fa6-1ad74f1875d9,ed830a96-3ed8-410b-890a-2322e02af4ff,19a9e080-eea9-435f-9cc2-0d767ab09193,low,pending,"Synthetic case for presentation: 1 events observed, severity=low, outcome=pending.",,
bc2314c6-2655-49f1-baec-9e80e49964c1,ba0441cf-f5f4-4af9-a342-e747a8625577,68bf2e6a-fde2-4b02-8428-fa161ee50fe2,medium,warned,"Synthetic case for presentation: 2 events observed, severity=medium, outcome=warned.",90b1b286-043f-4b76-92e4-23c74608f5ea,"2026-09-08 15:00:00"
c5867e89-d8fd-4819-9b12-1d8fea2be188,ba0441cf-f5f4-4af9-a342-e747a8625577,8996b0b6-025e-435e-9b1f-d3c4d8a0248d,critical,invalidated,"Synthetic case for presentation: 3 events observed, severity=critical, outcome=invalidated.",7c97b844-7f51-4910-9250-7cc682b4d8d6,"2026-09-09 15:09:00"
87add19c-7b7a-48ee-8b4b-3d6ceb9cc33a,ba0441cf-f5f4-4af9-a342-e747a8625577,48c40dcb-c4e5-4ce0-b7e0-b8bd10aab549,low,pending,"Synthetic case for presentation: 1 events observed, severity=low, outcome=pending.",,
1d4c62c5-9147-4d6b-84d3-5f85d69ccc2f,ba0441cf-f5f4-4af9-a342-e747a8625577,56b3b550-61d5-4dff-86b1-2e3f099f84a2,medium,warned,"Synthetic case for presentation: 2 events observed, severity=medium, outcome=warned.",7c97b844-7f51-4910-9250-7cc682b4d8d6,"2026-09-11 15:27:00"
956751e4-7ac2-4239-a116-be0995c45372,ba0441cf-f5f4-4af9-a342-e747a8625577,cd02770e-60dd-436d-b18b-ece7ece633cd,high,score_penalized,"Synthetic case for presentation: 3 events observed, severity=high, outcome=score_penalized.",90b1b286-043f-4b76-92e4-23c74608f5ea,"2026-09-12 15:36:00"
9ef95f1a-66d3-4ac3-a075-99afd0e99def,86095362-d3a7-4210-ac44-7473bef1fdb9,2b27ba58-a160-4760-b77b-c13a5661360f,low,pending,"Synthetic case for presentation: 1 events observed, severity=low, outcome=pending.",,
2190166e-73fc-431b-acd0-b2a094440455,86095362-d3a7-4210-ac44-7473bef1fdb9,3f0b72a5-c0f9-4da6-8416-13a52025bef3,medium,warned,"Synthetic case for presentation: 2 events observed, severity=medium, outcome=warned.",00b94e3d-99c2-4f4b-87ff-9f7c5d5ae2f8,"2026-09-11 15:09:00"
2d35ccb2-7cdb-4d38-b217-85f48ddae03d,86095362-d3a7-4210-ac44-7473bef1fdb9,efeeaa55-4b7a-4cde-bae1-9cbd23b0271c,high,score_penalized,"Synthetic case for presentation: 3 events observed, severity=high, outcome=score_penalized.",00b94e3d-99c2-4f4b-87ff-9f7c5d5ae2f8,"2026-09-12 15:18:00"
432776fc-3812-4e1f-8772-76e8381877e5,86095362-d3a7-4210-ac44-7473bef1fdb9,a7282c9c-75bf-4b1c-a949-0fb433048331,low,pending,"Synthetic case for presentation: 1 events observed, severity=low, outcome=pending.",,
488c4f60-197e-44af-87eb-b11f0b567e9b,86095362-d3a7-4210-ac44-7473bef1fdb9,0bb87de7-dfdd-4f46-968c-8b25625cd3f1,high,score_penalized,"Synthetic case for presentation: 2 events observed, severity=high, outcome=score_penalized.",90b1b286-043f-4b76-92e4-23c74608f5ea,"2026-09-14 15:36:00"
b2e09d86-962c-4844-9a98-a8d2b0fa7f51,15a2ae6d-ed6c-4d59-adfe-9cb810d39529,8ba8b309-848d-4bc9-a6ac-1ae288b95741,high,score_penalized,"Synthetic case for presentation: 3 events observed, severity=high, outcome=score_penalized.",90b1b286-043f-4b76-92e4-23c74608f5ea,"2026-09-12 15:00:00"
771637a5-3eb9-4bf7-9f5c-6e9850365c46,15a2ae6d-ed6c-4d59-adfe-9cb810d39529,fcab7cc0-9331-44c2-abbe-5b33df78268b,low,pending,"Synthetic case for presentation: 1 events observed, severity=low, outcome=pending.",,
ca3e2f48-af3e-40e7-a785-1502c9136323,15a2ae6d-ed6c-4d59-adfe-9cb810d39529,5bd3c500-7d35-4ede-8140-bf492409bd2d,high,score_penalized,"Synthetic case for presentation: 2 events observed, severity=high, outcome=score_penalized.",939ee2e9-3acd-4ec5-8fc5-c946a2b17745,"2026-09-14 15:18:00"
4f61f7d9-fefe-4ab7-905c-e4204ea543bd,15a2ae6d-ed6c-4d59-adfe-9cb810d39529,f7fb79a7-0959-4f10-aa22-0a143e6e7bfa,high,score_penalized,"Synthetic case for presentation: 3 events observed, severity=high, outcome=score_penalized.",939ee2e9-3acd-4ec5-8fc5-c946a2b17745,"2026-09-15 15:27:00"
e82c955d-61ba-4a4a-935e-01e2cda5b492,15a2ae6d-ed6c-4d59-adfe-9cb810d39529,688f6c74-a507-415a-a9a7-f68d68394315,low,pending,"Synthetic case for presentation: 1 events observed, severity=low, outcome=pending.",,
e25c96e0-b758-4d2b-b6a7-ef1c6278c011,5e3a1882-9e8a-4bb9-8b62-bc30e1a0cb70,82f0cf88-6fa8-4984-95e3-f6f16c7bb01d,high,score_penalized,"Synthetic case for presentation: 2 events observed, severity=high, outcome=score_penalized.",90b1b286-043f-4b76-92e4-23c74608f5ea,"2026-09-14 15:00:00"
b18cded0-4083-422f-9262-2a0f105aa25f,5e3a1882-9e8a-4bb9-8b62-bc30e1a0cb70,69c267f4-4a31-4025-a13a-87defde4898d,high,score_penalized,"Synthetic case for presentation: 3 events observed, severity=high, outcome=score_penalized.",234465b5-2344-4975-9a09-63e0223b4014,"2026-09-15 15:09:00"
c596215f-3605-478b-b6f3-285dfe46e43f,5e3a1882-9e8a-4bb9-8b62-bc30e1a0cb70,dc0d0438-009b-46f9-bee1-88f8fa5cf250,low,pending,"Synthetic case for presentation: 1 events observed, severity=low, outcome=pending.",,
e734013c-b431-4aee-8c8f-a5abaa6fab7b,5e3a1882-9e8a-4bb9-8b62-bc30e1a0cb70,61f1aee0-9e44-4734-882b-cda4be7339a1,medium,warned,"Synthetic case for presentation: 2 events observed, severity=medium, outcome=warned.",234465b5-2344-4975-9a09-63e0223b4014,"2026-09-17 15:27:00"
df3eb6e4-9876-4eb4-88ad-04e40fce6473,5e3a1882-9e8a-4bb9-8b62-bc30e1a0cb70,08719e92-936a-43df-b67c-0f2f716b0c22,high,score_penalized,"Synthetic case for presentation: 3 events observed, severity=high, outcome=score_penalized.",90b1b286-043f-4b76-92e4-23c74608f5ea,"2026-09-18 15:36:00"
ad1e4e6b-1548-4c50-8dee-cbd33cb1527f,245768a0-180c-4cdd-a2dc-5d54f25a698c,f4b904f8-cebe-491e-9d56-aa6c6a579731,low,pending,"Synthetic case for presentation: 1 events observed, severity=low, outcome=pending.",,
8a8aa6a0-8fb9-4419-8669-7e430aa8cd6d,245768a0-180c-4cdd-a2dc-5d54f25a698c,16ad165b-0854-4800-ba6b-9a932c10477e,medium,warned,"Synthetic case for presentation: 2 events observed, severity=medium, outcome=warned.",3981e2c0-ef97-424b-b74d-f26a79cc3934,"2026-09-17 15:09:00"
2e750cf4-c1e7-41b1-b7f6-3640e64e793a,245768a0-180c-4cdd-a2dc-5d54f25a698c,d68e5759-86a3-427e-ad76-a69ed6884063,high,score_penalized,"Synthetic case for presentation: 3 events observed, severity=high, outcome=score_penalized.",3981e2c0-ef97-424b-b74d-f26a79cc3934,"2026-09-18 15:18:00"
ac427cf6-2a1d-49d8-941e-55c1f4141a71,245768a0-180c-4cdd-a2dc-5d54f25a698c,9fc98708-4b80-458d-bdc5-165179b93414,high,score_penalized,"Synthetic case for presentation: 1 events observed, severity=high, outcome=score_penalized.",3981e2c0-ef97-424b-b74d-f26a79cc3934,"2026-09-19 15:27:00"
6320748d-f78a-45b0-b187-3b178f153681,245768a0-180c-4cdd-a2dc-5d54f25a698c,bcbd0115-b1b0-4fe0-8795-fe224108a151,medium,warned,"Synthetic case for presentation: 2 events observed, severity=medium, outcome=warned.",90b1b286-043f-4b76-92e4-23c74608f5ea,"2026-08-26 15:36:00"
e73d39b3-3158-4a67-a939-f5e73ce89679,3fd5f421-d811-472c-8279-3f0e1e6ec9c4,0daad751-53ec-4673-b363-710bb4a70c70,high,score_penalized,"Synthetic case for presentation: 3 events observed, severity=high, outcome=score_penalized.",90b1b286-043f-4b76-92e4-23c74608f5ea,"2026-09-18 15:00:00"
c6dfc0f1-aded-427b-823a-52a45b53903e,3fd5f421-d811-472c-8279-3f0e1e6ec9c4,06546bba-e9f2-4460-aeec-302b97b4688a,high,score_penalized,"Synthetic case for presentation: 1 events observed, severity=high, outcome=score_penalized.",34ae36f4-7b68-44f3-9ac3-b03918791028,"2026-09-19 15:09:00"
b8cc2466-6a94-434a-89ea-fba7f7dcc884,3fd5f421-d811-472c-8279-3f0e1e6ec9c4,2a0aa5b2-fb01-44dd-935d-71a284738bfa,medium,warned,"Synthetic case for presentation: 2 events observed, severity=medium, outcome=warned.",34ae36f4-7b68-44f3-9ac3-b03918791028,"2026-08-26 15:18:00"
1b9f63f3-6d97-4fda-a24a-50d693b9f0a1,3fd5f421-d811-472c-8279-3f0e1e6ec9c4,0b2b8b03-f39f-4eae-b527-b0801252f04e,critical,invalidated,"Synthetic case for presentation: 3 events observed, severity=critical, outcome=invalidated.",34ae36f4-7b68-44f3-9ac3-b03918791028,"2026-08-27 15:27:00"
7b57356c-3032-4ad6-92b8-d6064892ad24,3fd5f421-d811-472c-8279-3f0e1e6ec9c4,d16b2a1f-f850-4b31-9a30-31fed8d634e3,low,pending,"Synthetic case for presentation: 1 events observed, severity=low, outcome=pending.",,
afcf273b-2627-4a7c-a340-4075e255976a,c7be7ed7-4315-4ec9-b85c-1540213ce62b,eccaed6b-9aa9-44b4-b986-321be59b92c3,medium,warned,"Synthetic case for presentation: 2 events observed, severity=medium, outcome=warned.",90b1b286-043f-4b76-92e4-23c74608f5ea,"2026-08-26 15:00:00"
4b216539-cdd9-4f02-beb4-7395d3c496c6,c7be7ed7-4315-4ec9-b85c-1540213ce62b,468798f4-95d9-40cf-863b-5437f10d7973,critical,invalidated,"Synthetic case for presentation: 3 events observed, severity=critical, outcome=invalidated.",8f80b859-7889-4ddc-8ba1-474c4aac6ef6,"2026-08-27 15:09:00"
445b57f7-4b01-4201-b2b8-5a86e4356658,c7be7ed7-4315-4ec9-b85c-1540213ce62b,8342a8a0-5fa7-4eb1-9603-68ab6507240a,low,pending,"Synthetic case for presentation: 1 events observed, severity=low, outcome=pending.",,
39adcb9c-3f62-4aaf-a13b-6c1e70d6cfb9,c7be7ed7-4315-4ec9-b85c-1540213ce62b,45839be2-458d-4424-a257-ca0c5a0a071a,medium,warned,"Synthetic case for presentation: 2 events observed, severity=medium, outcome=warned.",8f80b859-7889-4ddc-8ba1-474c4aac6ef6,"2026-08-29 15:27:00"
030e2c5c-0a13-4526-9b7c-5a488acceb35,c7be7ed7-4315-4ec9-b85c-1540213ce62b,72acc876-22ea-4c01-8b6b-8745e5f1f303,high,score_penalized,"Synthetic case for presentation: 3 events observed, severity=high, outcome=score_penalized.",90b1b286-043f-4b76-92e4-23c74608f5ea,"2026-08-30 15:36:00"
74f7e6c9-8f0e-4feb-b9e1-8a6e2abcf779,79259a39-e833-4211-9406-830b5e200ec0,dfc321e5-ef4b-44c7-8432-3a5eac7f65b8,low,pending,"Synthetic case for presentation: 1 events observed, severity=low, outcome=pending.",,
e50566ea-dce0-4082-a8af-54282521fc84,79259a39-e833-4211-9406-830b5e200ec0,9af40486-36e0-4235-840c-e6c3905aba3d,medium,warned,"Synthetic case for presentation: 2 events observed, severity=medium, outcome=warned.",fbc07dd9-8fe3-4f2b-afa8-da58f016d089,"2026-08-29 15:09:00"
8517e9a9-db06-4fa4-9655-3daca63f0e45,79259a39-e833-4211-9406-830b5e200ec0,1108fe4b-6263-41d2-94ec-890f0afac322,high,score_penalized,"Synthetic case for presentation: 3 events observed, severity=high, outcome=score_penalized.",fbc07dd9-8fe3-4f2b-afa8-da58f016d089,"2026-08-30 15:18:00"
3ad0de22-7e5e-44cf-a2b4-117b618d1b02,79259a39-e833-4211-9406-830b5e200ec0,639b2c56-35dc-40b8-8add-7c1efba96eda,low,pending,"Synthetic case for presentation: 1 events observed, severity=low, outcome=pending.",,
6418d0fe-5afb-4761-bc99-0021ad17f998,79259a39-e833-4211-9406-830b5e200ec0,33ad7757-0b6d-4c9a-9565-d13b31ff2e31,high,score_penalized,"Synthetic case for presentation: 2 events observed, severity=high, outcome=score_penalized.",90b1b286-043f-4b76-92e4-23c74608f5ea,"2026-09-01 15:36:00"
df8c0c99-6292-4a4f-8050-626c1742959f,813a29e6-1d9f-4791-8b8c-d935432f4d04,5d3bdc01-4ad3-4f04-8e21-5602b7dd8d6d,high,score_penalized,"Synthetic case for presentation: 3 events observed, severity=high, outcome=score_penalized.",90b1b286-043f-4b76-92e4-23c74608f5ea,"2026-08-30 15:00:00"
cf180d7c-53aa-4e4c-b1b5-84020c405310,813a29e6-1d9f-4791-8b8c-d935432f4d04,e1e10d67-1952-4c40-897c-8f5591d561cb,low,pending,"Synthetic case for presentation: 1 events observed, severity=low, outcome=pending.",,
b43fdbee-3d23-40c6-b137-407710c92618,813a29e6-1d9f-4791-8b8c-d935432f4d04,407421f0-1172-45cb-bb94-4767f3edbb30,high,score_penalized,"Synthetic case for presentation: 2 events observed, severity=high, outcome=score_penalized.",21d9706f-a15f-44e8-9c14-7b3f0e89bacb,"2026-09-01 15:18:00"
75c13497-eb23-4d04-9508-e38ce6f92e5a,813a29e6-1d9f-4791-8b8c-d935432f4d04,594857ce-44a8-45d4-af04-bfe34ada9283,high,score_penalized,"Synthetic case for presentation: 3 events observed, severity=high, outcome=score_penalized.",21d9706f-a15f-44e8-9c14-7b3f0e89bacb,"2026-09-02 15:27:00"
b4435b9b-ab75-4d8f-9bfd-f79c2f0ef9c7,813a29e6-1d9f-4791-8b8c-d935432f4d04,84dea0d9-c0e2-4a20-9dbc-f76d1736455d,low,pending,"Synthetic case for presentation: 1 events observed, severity=low, outcome=pending.",,
ead68416-e37f-412b-bf6c-ea6d526c12d4,dd926719-98aa-4e53-a14d-7f113ff8a2bd,cc1b2564-4c3f-4500-b679-03cd3504852e,high,score_penalized,"Synthetic case for presentation: 2 events observed, severity=high, outcome=score_penalized.",90b1b286-043f-4b76-92e4-23c74608f5ea,"2026-09-01 15:00:00"
cbd5aee2-99e3-4fc6-96e0-0d4f1f386b01,dd926719-98aa-4e53-a14d-7f113ff8a2bd,47f2cb61-0682-432e-b97a-43113d46db0b,high,score_penalized,"Synthetic case for presentation: 3 events observed, severity=high, outcome=score_penalized.",52ee1b41-92c7-47d8-9f0c-782fcaf77796,"2026-09-02 15:09:00"
0fbb08bb-6888-4dfb-9ae8-cbf1c9a6367b,dd926719-98aa-4e53-a14d-7f113ff8a2bd,2428bc32-10c2-4399-a5d8-ce57752644e4,low,pending,"Synthetic case for presentation: 1 events observed, severity=low, outcome=pending.",,
92aaeed6-9d72-4153-a00c-80d32cb52c3e,dd926719-98aa-4e53-a14d-7f113ff8a2bd,5e903d99-3489-4bab-a383-8179f140e0f4,medium,warned,"Synthetic case for presentation: 2 events observed, severity=medium, outcome=warned.",52ee1b41-92c7-47d8-9f0c-782fcaf77796,"2026-09-04 15:27:00"
185b66af-ebed-4b71-b516-0e19c8173087,dd926719-98aa-4e53-a14d-7f113ff8a2bd,623dd77b-dea6-4329-8554-b32b8a305192,high,score_penalized,"Synthetic case for presentation: 3 events observed, severity=high, outcome=score_penalized.",90b1b286-043f-4b76-92e4-23c74608f5ea,"2026-09-05 15:36:00"
becb8610-6eeb-4555-b13f-a1215defda58,73362769-ee17-4488-b680-4f580f42f854,c7baa111-01cb-40b8-aac7-c5d0f68ca7a4,low,pending,"Synthetic case for presentation: 1 events observed, severity=low, outcome=pending.",,
570c4abd-379c-464d-b7ab-a86fc3b53ccf,73362769-ee17-4488-b680-4f580f42f854,06327b5c-daca-45c3-beff-63c82b7a45ed,medium,warned,"Synthetic case for presentation: 2 events observed, severity=medium, outcome=warned.",b81fc2e0-cd24-43ee-a383-e94d6c167b09,"2026-09-04 15:09:00"
fe27917f-82bf-4f9c-bc20-2d53d41ee118,73362769-ee17-4488-b680-4f580f42f854,e1f1f513-fa60-4e0b-8dc1-00fe2dc4caba,high,score_penalized,"Synthetic case for presentation: 3 events observed, severity=high, outcome=score_penalized.",b81fc2e0-cd24-43ee-a383-e94d6c167b09,"2026-09-05 15:18:00"
fb30a67a-56d7-44eb-a7f9-3631cebd7dfb,73362769-ee17-4488-b680-4f580f42f854,6cd225f0-d3b2-41bc-8003-25fd88c3e62e,high,score_penalized,"Synthetic case for presentation: 1 events observed, severity=high, outcome=score_penalized.",b81fc2e0-cd24-43ee-a383-e94d6c167b09,"2026-09-06 15:27:00"
c7971f43-9f75-4267-bb3f-6d8971bd8e94,73362769-ee17-4488-b680-4f580f42f854,cda21c2a-e760-4ac7-ad59-f765a9a09e90,medium,warned,"Synthetic case for presentation: 2 events observed, severity=medium, outcome=warned.",90b1b286-043f-4b76-92e4-23c74608f5ea,"2026-09-07 15:36:00"
8f405186-861d-4859-8938-2e7bbbb26567,0e9f7de5-de04-4f80-8352-bb31616229bc,2242a957-644c-4660-bae5-0fa405f481a2,high,score_penalized,"Synthetic case for presentation: 3 events observed, severity=high, outcome=score_penalized.",90b1b286-043f-4b76-92e4-23c74608f5ea,"2026-09-05 15:00:00"
4fd2b7a9-98ff-495d-8897-17db00412ee6,0e9f7de5-de04-4f80-8352-bb31616229bc,38edbcba-9034-43cd-9e96-3c522ed363a8,high,score_penalized,"Synthetic case for presentation: 1 events observed, severity=high, outcome=score_penalized.",def0db0d-7ba4-4dba-a2d8-1c770d7bca28,"2026-09-06 15:09:00"
97428542-7017-4d54-b8af-ae3a25978e33,0e9f7de5-de04-4f80-8352-bb31616229bc,e4c76da9-e8fe-4009-83e6-12d679b28a63,medium,warned,"Synthetic case for presentation: 2 events observed, severity=medium, outcome=warned.",def0db0d-7ba4-4dba-a2d8-1c770d7bca28,"2026-09-07 15:18:00"
b5660922-207e-4e3c-834d-42ac24e125c4,0e9f7de5-de04-4f80-8352-bb31616229bc,846b2172-a7e5-4f5b-85d4-7bcc7ceeec7c,critical,invalidated,"Synthetic case for presentation: 3 events observed, severity=critical, outcome=invalidated.",def0db0d-7ba4-4dba-a2d8-1c770d7bca28,"2026-09-08 15:27:00"
791c0d8b-e078-4489-a36c-ceeda4b169f1,0e9f7de5-de04-4f80-8352-bb31616229bc,877f8387-a435-484c-804e-29cec0087af9,low,pending,"Synthetic case for presentation: 1 events observed, severity=low, outcome=pending.",,
405a7706-67c5-44ea-a6d5-01277b8378f7,463bb50a-8fe6-48cb-b816-9d27acb60549,cff6532a-e845-425a-8f62-24dca487b46d,medium,warned,"Synthetic case for presentation: 2 events observed, severity=medium, outcome=warned.",90b1b286-043f-4b76-92e4-23c74608f5ea,"2026-09-07 15:00:00"
f195a74f-864c-404a-857d-5c64099e8f40,463bb50a-8fe6-48cb-b816-9d27acb60549,2b2363d6-f814-435a-adb7-f393ac9b89a3,critical,invalidated,"Synthetic case for presentation: 3 events observed, severity=critical, outcome=invalidated.",47adb195-5408-44e6-90d5-4ffbda87d252,"2026-09-08 15:09:00"
f6cf5ce9-fe1c-4320-bfeb-2600e5de61f4,463bb50a-8fe6-48cb-b816-9d27acb60549,05d2268c-dad1-49e3-a6ae-d88a6d185985,low,pending,"Synthetic case for presentation: 1 events observed, severity=low, outcome=pending.",,
70c0048c-57d3-40c9-9c14-83755711d4e1,463bb50a-8fe6-48cb-b816-9d27acb60549,b543fb8c-eca1-4e6c-96d8-508c6e8696f2,medium,warned,"Synthetic case for presentation: 2 events observed, severity=medium, outcome=warned.",47adb195-5408-44e6-90d5-4ffbda87d252,"2026-09-10 15:27:00"
ecbaffb9-7d41-40c8-9ab9-5259a8f158fc,463bb50a-8fe6-48cb-b816-9d27acb60549,7c98964f-eff0-4448-87ad-7c44d388e374,high,score_penalized,"Synthetic case for presentation: 3 events observed, severity=high, outcome=score_penalized.",90b1b286-043f-4b76-92e4-23c74608f5ea,"2026-09-11 15:36:00"
8b46c2a3-8f3d-49f0-8c7e-200c9ffebb25,2121a901-5717-45a7-9ffe-315c3a669d31,5c7ecf5e-a951-4b3a-8e4a-76890c2f284b,low,pending,"Synthetic case for presentation: 1 events observed, severity=low, outcome=pending.",,
e6b1449e-3574-478b-862a-d616d680b3ba,2121a901-5717-45a7-9ffe-315c3a669d31,beb47097-0573-4aec-8f9d-1702cd14cbae,medium,warned,"Synthetic case for presentation: 2 events observed, severity=medium, outcome=warned.",36ef2f2a-3f8c-4615-adac-3feeb940354c,"2026-09-10 15:09:00"
234e609d-4abe-4290-96a7-d9e55b3e6b9c,2121a901-5717-45a7-9ffe-315c3a669d31,1e45bc04-1735-4153-b6b2-daa44079e67d,high,score_penalized,"Synthetic case for presentation: 3 events observed, severity=high, outcome=score_penalized.",36ef2f2a-3f8c-4615-adac-3feeb940354c,"2026-09-11 15:18:00"
e3be63a2-b694-4eb9-b8d9-c461909a57e0,2121a901-5717-45a7-9ffe-315c3a669d31,768d5869-a0fe-4b3b-babc-b2ec1d4718bd,low,pending,"Synthetic case for presentation: 1 events observed, severity=low, outcome=pending.",,
3a948b53-788b-488d-81c7-7a289dc2da91,2121a901-5717-45a7-9ffe-315c3a669d31,a6c894b6-3e35-4274-be6b-5928c81b0f86,high,score_penalized,"Synthetic case for presentation: 2 events observed, severity=high, outcome=score_penalized.",90b1b286-043f-4b76-92e4-23c74608f5ea,"2026-09-13 15:36:00"
b6f63581-cbdb-4644-be4f-7144350f907b,3a134630-4ffc-475c-9bc3-4fca2bc3e8c0,c904d657-e3d6-455c-b8e6-e0d24a6d2cdf,high,score_penalized,"Synthetic case for presentation: 3 events observed, severity=high, outcome=score_penalized.",90b1b286-043f-4b76-92e4-23c74608f5ea,"2026-09-11 15:00:00"
c9564540-e6d8-45ba-ac53-69b8fc790714,3a134630-4ffc-475c-9bc3-4fca2bc3e8c0,ef41ae97-9b40-4c2f-acca-b6c662ac8932,low,pending,"Synthetic case for presentation: 1 events observed, severity=low, outcome=pending.",,
d18f610e-7bf6-4f4d-be27-aa61dff5024b,3a134630-4ffc-475c-9bc3-4fca2bc3e8c0,e36e9144-c48d-4a6e-bb89-e4ff441a65d5,high,score_penalized,"Synthetic case for presentation: 2 events observed, severity=high, outcome=score_penalized.",781c1365-f020-4b20-9751-9d8ae4d8e242,"2026-09-13 15:18:00"
9105839e-9873-4c06-bc07-e8eb88722e64,3a134630-4ffc-475c-9bc3-4fca2bc3e8c0,b11337be-a578-4790-beb3-5b0e816fb886,high,score_penalized,"Synthetic case for presentation: 3 events observed, severity=high, outcome=score_penalized.",781c1365-f020-4b20-9751-9d8ae4d8e242,"2026-09-14 15:27:00"
2b7b3e9e-b344-4550-8f14-fa923aad1dab,3a134630-4ffc-475c-9bc3-4fca2bc3e8c0,6f358575-4610-46fe-b9a1-e46b09e8e360,low,pending,"Synthetic case for presentation: 1 events observed, severity=low, outcome=pending.",,
571bb3ca-d4db-4bcf-bd5e-0f4f75ebbc16,4ab73487-85a1-45d2-b219-9afb4c8c03de,26efe787-5bb5-4c1c-9e5d-04f48ab50496,high,score_penalized,"Synthetic case for presentation: 2 events observed, severity=high, outcome=score_penalized.",90b1b286-043f-4b76-92e4-23c74608f5ea,"2026-09-13 15:00:00"
f8cf55ff-5703-4b33-9164-608d486690e7,4ab73487-85a1-45d2-b219-9afb4c8c03de,33fb2615-a91a-414c-ab32-052fcd53487e,high,score_penalized,"Synthetic case for presentation: 3 events observed, severity=high, outcome=score_penalized.",61bc748a-8c8a-42f8-b894-542fa6c83041,"2026-09-14 15:09:00"
9b7af6a3-6782-4d99-85fb-a901a1ab345f,4ab73487-85a1-45d2-b219-9afb4c8c03de,150bc4e7-c8c0-4b29-88d7-f83f5fbd2771,low,pending,"Synthetic case for presentation: 1 events observed, severity=low, outcome=pending.",,
60db3590-2c9c-4771-a3ae-ae7bfc78cdb1,4ab73487-85a1-45d2-b219-9afb4c8c03de,af728a20-ec75-4d03-8ade-d856d214c59b,medium,warned,"Synthetic case for presentation: 2 events observed, severity=medium, outcome=warned.",61bc748a-8c8a-42f8-b894-542fa6c83041,"2026-09-16 15:27:00"
75463b16-b2a2-4c9f-a097-b89a382880c5,4ab73487-85a1-45d2-b219-9afb4c8c03de,5920407c-a7cd-4825-baee-9023e17df767,high,score_penalized,"Synthetic case for presentation: 3 events observed, severity=high, outcome=score_penalized.",90b1b286-043f-4b76-92e4-23c74608f5ea,"2026-09-17 15:36:00"
239111f5-ae89-4681-8930-6f495f2f5845,5535051b-8a82-4725-9ec0-de15547a8bee,aa91e34c-93e3-4a84-bae4-343f5320c0e8,low,pending,"Synthetic case for presentation: 1 events observed, severity=low, outcome=pending.",,
81c55671-c8c1-454e-9e26-1ec852f55c08,5535051b-8a82-4725-9ec0-de15547a8bee,ec700b59-96a0-44d2-b15e-d44113134ae7,medium,warned,"Synthetic case for presentation: 2 events observed, severity=medium, outcome=warned.",43a485e6-76ad-463c-a06c-0382fcdae57e,"2026-09-16 15:09:00"
0916fe86-9ebf-403b-853d-b18bccfe90dd,5535051b-8a82-4725-9ec0-de15547a8bee,b39e4145-50f3-4819-803d-df89a238cf58,high,score_penalized,"Synthetic case for presentation: 3 events observed, severity=high, outcome=score_penalized.",43a485e6-76ad-463c-a06c-0382fcdae57e,"2026-09-17 15:18:00"
32e9dda9-27be-4b08-95f9-3a53fc6129f3,5535051b-8a82-4725-9ec0-de15547a8bee,225ba161-4e5e-4265-8795-60dd124938c0,high,score_penalized,"Synthetic case for presentation: 1 events observed, severity=high, outcome=score_penalized.",43a485e6-76ad-463c-a06c-0382fcdae57e,"2026-09-18 15:27:00"
a0390e7b-ca75-4a03-adb6-0e3b990cc408,5535051b-8a82-4725-9ec0-de15547a8bee,3adc2461-6f41-497f-b31d-4bcbca551a10,medium,warned,"Synthetic case for presentation: 2 events observed, severity=medium, outcome=warned.",90b1b286-043f-4b76-92e4-23c74608f5ea,"2026-09-19 15:36:00"
1afccdd9-c99b-40b6-916a-9c28526803d1,60be6212-d1b3-4f4c-88bd-d1561fda1dc9,0201a6fe-e2e8-48a4-b8b7-5954871aced9,high,score_penalized,"Synthetic case for presentation: 3 events observed, severity=high, outcome=score_penalized.",90b1b286-043f-4b76-92e4-23c74608f5ea,"2026-09-17 15:00:00"
8e0b0f41-b5be-44c5-baf0-4530a62f69f2,60be6212-d1b3-4f4c-88bd-d1561fda1dc9,652fd549-ff8b-4b7d-a7b5-a87133c63df8,high,score_penalized,"Synthetic case for presentation: 1 events observed, severity=high, outcome=score_penalized.",750d4144-8a13-4984-92d6-83d02295949e,"2026-09-18 15:09:00"
1d8ef35d-89a2-4557-9a6c-107a20a9bd83,60be6212-d1b3-4f4c-88bd-d1561fda1dc9,d64155a8-11f2-4ce3-90b2-7d3b342493b9,medium,warned,"Synthetic case for presentation: 2 events observed, severity=medium, outcome=warned.",750d4144-8a13-4984-92d6-83d02295949e,"2026-09-19 15:18:00"
fda1d577-67d0-4e0e-95c4-b5b08f488052,60be6212-d1b3-4f4c-88bd-d1561fda1dc9,b9ae12ea-f82c-4366-8bee-38d832e906fd,critical,invalidated,"Synthetic case for presentation: 3 events observed, severity=critical, outcome=invalidated.",750d4144-8a13-4984-92d6-83d02295949e,"2026-08-26 15:27:00"
573388ca-7af9-454a-8166-abd5a9283506,60be6212-d1b3-4f4c-88bd-d1561fda1dc9,6d4151c4-627c-497c-93bb-e08c0c5f4daf,low,pending,"Synthetic case for presentation: 1 events observed, severity=low, outcome=pending.",,
c4b5d524-0385-4a4f-a143-c61727109cfb,80326992-184e-42e0-ab79-2365391dac0a,7bd72a97-bf73-46e7-a1fd-48e302cbbb60,medium,warned,"Synthetic case for presentation: 2 events observed, severity=medium, outcome=warned.",90b1b286-043f-4b76-92e4-23c74608f5ea,"2026-09-19 15:00:00"
8d671fe7-a200-4b15-a348-a1cf6d9087d5,80326992-184e-42e0-ab79-2365391dac0a,0ef206a8-36b8-4188-bb80-690901238ab7,critical,invalidated,"Synthetic case for presentation: 3 events observed, severity=critical, outcome=invalidated.",0dee185d-5a60-4017-a61e-b93b24cf3c17,"2026-08-26 15:09:00"
f73a139e-44ac-4c76-add8-2d750014ae35,80326992-184e-42e0-ab79-2365391dac0a,dae27805-789f-4c62-b3fb-e8340e559f3b,low,pending,"Synthetic case for presentation: 1 events observed, severity=low, outcome=pending.",,
ce93f3a9-f113-42a6-b827-e50acdc4eab8,80326992-184e-42e0-ab79-2365391dac0a,4e965d65-1ce7-42b5-ba07-c889554c369d,medium,warned,"Synthetic case for presentation: 2 events observed, severity=medium, outcome=warned.",0dee185d-5a60-4017-a61e-b93b24cf3c17,"2026-08-28 15:27:00"
d4bfd438-592b-4d43-878a-1c3f876fbd9b,80326992-184e-42e0-ab79-2365391dac0a,e871f2bd-1068-4560-84c9-b9f72d6848d6,high,score_penalized,"Synthetic case for presentation: 3 events observed, severity=high, outcome=score_penalized.",90b1b286-043f-4b76-92e4-23c74608f5ea,"2026-08-29 15:36:00"
474ab210-5df5-49ec-ae2e-2394a8346841,4c715cba-f821-42aa-9501-a8e657317143,e49e894b-b553-4c77-8a62-9227780a2a93,low,pending,"Synthetic case for presentation: 1 events observed, severity=low, outcome=pending.",,
b4cb5431-eb50-429f-8ded-c775cbdb969e,4c715cba-f821-42aa-9501-a8e657317143,d66fc16d-ca2f-442d-9c43-22811f6dafa4,medium,warned,"Synthetic case for presentation: 2 events observed, severity=medium, outcome=warned.",5632a71b-e978-4dbb-aa11-26158ce12c06,"2026-08-28 15:09:00"
2b3bf0d2-2215-4505-b593-98b70432720b,4c715cba-f821-42aa-9501-a8e657317143,ce6ee518-235e-4d47-8e13-81ee377d1cd9,high,score_penalized,"Synthetic case for presentation: 3 events observed, severity=high, outcome=score_penalized.",5632a71b-e978-4dbb-aa11-26158ce12c06,"2026-08-29 15:18:00"
ce687c11-b0d4-4c0b-8850-4f0a0742ec6e,4c715cba-f821-42aa-9501-a8e657317143,a9195382-37dc-4584-8fec-b6844387fa50,low,pending,"Synthetic case for presentation: 1 events observed, severity=low, outcome=pending.",,
57d4b64d-fcb8-4678-a630-ba07fd262fb1,4c715cba-f821-42aa-9501-a8e657317143,3a5674e0-a1be-4280-8b22-a1a264f917ed,high,score_penalized,"Synthetic case for presentation: 2 events observed, severity=high, outcome=score_penalized.",90b1b286-043f-4b76-92e4-23c74608f5ea,"2026-08-31 15:36:00"
16f8df53-c95b-4a7c-8016-e9c36be888e4,0ef625d5-86c3-4d48-89cf-8564457c3186,8f559342-82a9-499c-8bda-2b996bbed6ec,high,score_penalized,"Synthetic case for presentation: 3 events observed, severity=high, outcome=score_penalized.",90b1b286-043f-4b76-92e4-23c74608f5ea,"2026-08-29 15:00:00"
bd95625d-907d-4852-92c1-8cfccab532d1,0ef625d5-86c3-4d48-89cf-8564457c3186,1414b652-4211-4719-b919-088715f7b492,low,pending,"Synthetic case for presentation: 1 events observed, severity=low, outcome=pending.",,
23e7020a-539f-47a1-bacc-dbaa2af5400c,0ef625d5-86c3-4d48-89cf-8564457c3186,792ce379-730c-493b-bd98-fea00a038b16,high,score_penalized,"Synthetic case for presentation: 2 events observed, severity=high, outcome=score_penalized.",e0fb5de4-d26e-4374-88ad-a67b3db36ecf,"2026-08-31 15:18:00"
811b5d8d-1834-4f47-ae5a-f25229b7bafa,0ef625d5-86c3-4d48-89cf-8564457c3186,49568339-64a7-4cb9-854c-051c75e388c8,high,score_penalized,"Synthetic case for presentation: 3 events observed, severity=high, outcome=score_penalized.",e0fb5de4-d26e-4374-88ad-a67b3db36ecf,"2026-09-01 15:27:00"
eea0009d-fe0e-46b6-b355-13b741038bf1,0ef625d5-86c3-4d48-89cf-8564457c3186,9220534a-1785-43f4-94f4-bf7d47e94c58,low,pending,"Synthetic case for presentation: 1 events observed, severity=low, outcome=pending.",,
dd5ec445-562e-47b1-a259-177f756eeafc,b0e49301-58b0-421e-ad28-60e7bec8ac29,7a44a4dc-1d7b-4104-a8ee-eddd0139245a,high,score_penalized,"Synthetic case for presentation: 2 events observed, severity=high, outcome=score_penalized.",90b1b286-043f-4b76-92e4-23c74608f5ea,"2026-08-31 15:00:00"
594bbe10-9a18-4068-9bf0-406779be267d,b0e49301-58b0-421e-ad28-60e7bec8ac29,570a3617-89d9-4b1f-a19d-9561a6f48e59,high,score_penalized,"Synthetic case for presentation: 3 events observed, severity=high, outcome=score_penalized.",d949151a-3e23-4b76-a27c-7a4926ca0410,"2026-09-01 15:09:00"
2aa5bc89-e363-40a7-9368-ca4ae4e258ae,b0e49301-58b0-421e-ad28-60e7bec8ac29,0fed753d-5b48-4385-b10f-675580e24840,low,pending,"Synthetic case for presentation: 1 events observed, severity=low, outcome=pending.",,
91c61b4d-57cb-406a-93e6-5460387e4034,b0e49301-58b0-421e-ad28-60e7bec8ac29,e3378984-e602-4db4-a84c-235c6cd748d3,medium,warned,"Synthetic case for presentation: 2 events observed, severity=medium, outcome=warned.",d949151a-3e23-4b76-a27c-7a4926ca0410,"2026-09-03 15:27:00"
c2a8557c-5904-4de4-8407-aca5bdb9a03f,b0e49301-58b0-421e-ad28-60e7bec8ac29,8af6b44f-aae4-48f3-bfe2-b378afd50575,high,score_penalized,"Synthetic case for presentation: 3 events observed, severity=high, outcome=score_penalized.",90b1b286-043f-4b76-92e4-23c74608f5ea,"2026-09-04 15:36:00"
4fd4e030-963f-4f9c-a050-d557261e71b7,a88419aa-fb86-4bc6-bc54-6a5d5be005fc,bcdf545c-eac2-4b16-9cc2-0ef2ddbcc05e,low,pending,"Synthetic case for presentation: 1 events observed, severity=low, outcome=pending.",,
e5eb5636-9fb0-4849-9a2e-92cafafefa1f,a88419aa-fb86-4bc6-bc54-6a5d5be005fc,955de350-fb87-4f91-9272-3cbb9775b5da,medium,warned,"Synthetic case for presentation: 2 events observed, severity=medium, outcome=warned.",4b86333a-a971-45f7-8676-fa09c08136c7,"2026-09-03 15:09:00"
a01dcaeb-2c96-4814-bd36-88cfb8884642,a88419aa-fb86-4bc6-bc54-6a5d5be005fc,cb0f7f8f-e40e-427c-894c-aad6382a8ad2,high,score_penalized,"Synthetic case for presentation: 3 events observed, severity=high, outcome=score_penalized.",4b86333a-a971-45f7-8676-fa09c08136c7,"2026-09-04 15:18:00"
51a0f794-2f0e-4a68-934f-da37362fdc0e,a88419aa-fb86-4bc6-bc54-6a5d5be005fc,2abc1100-996f-43e4-9099-87ca5121481d,high,score_penalized,"Synthetic case for presentation: 1 events observed, severity=high, outcome=score_penalized.",4b86333a-a971-45f7-8676-fa09c08136c7,"2026-09-05 15:27:00"
4fe0640c-9ce0-42a3-8c8b-c3673164c5c1,a88419aa-fb86-4bc6-bc54-6a5d5be005fc,b77cb189-d957-40ed-97b4-2bf1bfcde7d1,medium,warned,"Synthetic case for presentation: 2 events observed, severity=medium, outcome=warned.",90b1b286-043f-4b76-92e4-23c74608f5ea,"2026-09-06 15:36:00"
18e1e761-fc02-4204-91a5-776b700887d8,d52684b2-524f-4761-abb0-af59796fb56a,b0f68bc2-ec96-4163-a21b-3e76e4d6a219,high,score_penalized,"Synthetic case for presentation: 3 events observed, severity=high, outcome=score_penalized.",90b1b286-043f-4b76-92e4-23c74608f5ea,"2026-09-04 15:00:00"
29b92716-2066-4d27-86ce-e995a7e1b112,d52684b2-524f-4761-abb0-af59796fb56a,4cb72e78-13b9-4879-80b7-10c0732548e0,high,score_penalized,"Synthetic case for presentation: 1 events observed, severity=high, outcome=score_penalized.",66e4e22e-4629-4d07-9332-68fa2bb94040,"2026-09-05 15:09:00"
5e750bfe-0869-4e8f-9fde-4656b4aca1ee,d52684b2-524f-4761-abb0-af59796fb56a,8e2d3f3a-38c7-4438-83bb-26f1f8699bea,medium,warned,"Synthetic case for presentation: 2 events observed, severity=medium, outcome=warned.",66e4e22e-4629-4d07-9332-68fa2bb94040,"2026-09-06 15:18:00"
a123232c-d712-4a88-a6c6-f86e4e184497,d52684b2-524f-4761-abb0-af59796fb56a,ba8cbcdd-f999-49ac-a8c7-2399b0549982,critical,invalidated,"Synthetic case for presentation: 3 events observed, severity=critical, outcome=invalidated.",66e4e22e-4629-4d07-9332-68fa2bb94040,"2026-09-07 15:27:00"
ea3e6272-f516-4797-beda-35a54951b278,d52684b2-524f-4761-abb0-af59796fb56a,4492e3ba-c60e-4c67-9bfd-1826d02a7a1b,low,pending,"Synthetic case for presentation: 1 events observed, severity=low, outcome=pending.",,
5d634952-b834-41ec-90f7-ca183e32650b,515425dc-abfb-499b-b7ed-2cc22203ddfb,72edf252-324f-448d-87ef-18b35c685ee8,medium,warned,"Synthetic case for presentation: 2 events observed, severity=medium, outcome=warned.",90b1b286-043f-4b76-92e4-23c74608f5ea,"2026-09-06 15:00:00"
2e67dfd6-8908-4b1a-a956-45458cf470c2,515425dc-abfb-499b-b7ed-2cc22203ddfb,00067697-3bb1-4e4b-aa90-55c875803aeb,critical,invalidated,"Synthetic case for presentation: 3 events observed, severity=critical, outcome=invalidated.",2110bf4d-0b5c-446b-a948-85d1ae75ef59,"2026-09-07 15:09:00"
5aad0c64-d973-4891-9d6b-050860d1a6f0,515425dc-abfb-499b-b7ed-2cc22203ddfb,049c28db-45a5-4908-809e-564ff3515490,low,pending,"Synthetic case for presentation: 1 events observed, severity=low, outcome=pending.",,
da56d297-d945-4038-8f05-46505fef0e07,515425dc-abfb-499b-b7ed-2cc22203ddfb,cace811f-993c-417e-8b51-a5e3fa4d484d,medium,warned,"Synthetic case for presentation: 2 events observed, severity=medium, outcome=warned.",2110bf4d-0b5c-446b-a948-85d1ae75ef59,"2026-09-09 15:27:00"
2904cdf2-aef8-4883-8cc6-554d70b5e344,515425dc-abfb-499b-b7ed-2cc22203ddfb,503d9aa5-4d7a-4f28-8c7d-82093c35ee8c,high,score_penalized,"Synthetic case for presentation: 3 events observed, severity=high, outcome=score_penalized.",90b1b286-043f-4b76-92e4-23c74608f5ea,"2026-09-10 15:36:00"
cac7b6a3-7324-4c3e-8f1d-58cbb6fde8c4,9017535c-ad7f-4664-8b53-2e1c3da6f49e,b87cce12-66c1-40ff-941e-5def8d79684d,low,pending,"Synthetic case for presentation: 1 events observed, severity=low, outcome=pending.",,
62fc1741-d52a-4ba9-aaf2-5e861d6d0df3,9017535c-ad7f-4664-8b53-2e1c3da6f49e,fcc918b9-6d9d-42cd-88a0-c8d401bee36e,medium,warned,"Synthetic case for presentation: 2 events observed, severity=medium, outcome=warned.",e88ed7d2-62a4-4973-9060-e19056d13f41,"2026-09-09 15:09:00"
1823ab8e-5f22-42a4-b2bd-6097c38c8146,9017535c-ad7f-4664-8b53-2e1c3da6f49e,32a1fd65-5672-4935-a526-349cd8f453d8,high,score_penalized,"Synthetic case for presentation: 3 events observed, severity=high, outcome=score_penalized.",e88ed7d2-62a4-4973-9060-e19056d13f41,"2026-09-10 15:18:00"
80081dae-2fec-4684-a457-2c09d270d6a0,9017535c-ad7f-4664-8b53-2e1c3da6f49e,e7b557b2-876e-46d0-9b17-80c5daacbe44,low,pending,"Synthetic case for presentation: 1 events observed, severity=low, outcome=pending.",,
a480ad98-6e6b-4292-aea3-ae5fe27ff643,9017535c-ad7f-4664-8b53-2e1c3da6f49e,a467fe6a-bb52-469a-861a-5d5739657f8d,high,score_penalized,"Synthetic case for presentation: 2 events observed, severity=high, outcome=score_penalized.",90b1b286-043f-4b76-92e4-23c74608f5ea,"2026-09-12 15:36:00"
dfc59148-89b4-408e-aa97-7632eabe0f9f,6ae2aadc-75b9-48dd-a30f-07b5ac3986b0,5b12e5fb-8a26-4042-8f1b-1f7821d4478f,high,score_penalized,"Synthetic case for presentation: 3 events observed, severity=high, outcome=score_penalized.",90b1b286-043f-4b76-92e4-23c74608f5ea,"2026-09-10 15:00:00"
7050500b-ba1c-4433-9ccb-ff1c67fe2db4,6ae2aadc-75b9-48dd-a30f-07b5ac3986b0,22e0f54d-2281-41dc-bd57-c8a65be81ac6,low,pending,"Synthetic case for presentation: 1 events observed, severity=low, outcome=pending.",,
28338081-7273-48e5-882b-4cff5fde1c18,6ae2aadc-75b9-48dd-a30f-07b5ac3986b0,40ebeae2-1cae-4aba-8c27-f5380458b716,high,score_penalized,"Synthetic case for presentation: 2 events observed, severity=high, outcome=score_penalized.",f43e1605-f3cd-4ded-af8a-e78b70146b84,"2026-09-12 15:18:00"
f9302a8a-4824-4aa4-8133-bed31d6c70ed,6ae2aadc-75b9-48dd-a30f-07b5ac3986b0,14ea302a-524e-49ad-b490-5b085239716d,high,score_penalized,"Synthetic case for presentation: 3 events observed, severity=high, outcome=score_penalized.",f43e1605-f3cd-4ded-af8a-e78b70146b84,"2026-09-13 15:27:00"
59f152d5-8adb-4040-8307-c1491ecdd3b9,6ae2aadc-75b9-48dd-a30f-07b5ac3986b0,dd1afa33-c63d-4df4-ad01-044c6aa4bce4,low,pending,"Synthetic case for presentation: 1 events observed, severity=low, outcome=pending.",,
a0cc2b0c-dade-432f-abc5-664a1302d8f5,f41a4b58-664a-492c-ae39-57387506329d,baac066e-d9bc-49f5-900a-b5ae586c4a2b,high,score_penalized,"Synthetic case for presentation: 2 events observed, severity=high, outcome=score_penalized.",90b1b286-043f-4b76-92e4-23c74608f5ea,"2026-09-12 15:00:00"
e61513a5-8670-48da-a8df-329251c644d9,f41a4b58-664a-492c-ae39-57387506329d,2a848b13-4408-4370-9f51-5e6e9ea013f3,high,score_penalized,"Synthetic case for presentation: 3 events observed, severity=high, outcome=score_penalized.",5c756700-2b2c-4fb3-bd5a-7314450687eb,"2026-09-13 15:09:00"
b1eb9769-3e0c-4749-adc2-7ae7cea865df,f41a4b58-664a-492c-ae39-57387506329d,43665324-f078-4a37-a2a3-7d94ceb0f136,low,pending,"Synthetic case for presentation: 1 events observed, severity=low, outcome=pending.",,
747abdc8-238d-4209-8202-7203a3f6f495,f41a4b58-664a-492c-ae39-57387506329d,609d2605-85e4-4949-863d-84de2cef1bc5,medium,warned,"Synthetic case for presentation: 2 events observed, severity=medium, outcome=warned.",5c756700-2b2c-4fb3-bd5a-7314450687eb,"2026-09-15 15:27:00"
0ae04c1a-2169-43df-9f6b-0e72bdf2f507,f41a4b58-664a-492c-ae39-57387506329d,da7485b2-fc6c-407e-87a3-f609ee836a15,high,score_penalized,"Synthetic case for presentation: 3 events observed, severity=high, outcome=score_penalized.",90b1b286-043f-4b76-92e4-23c74608f5ea,"2026-09-16 15:36:00"
f9142913-ab50-403f-936d-867dce1edebf,5c4fc95b-64a1-44a4-a8b0-2d5a517aab1d,6c495481-0489-46d7-aff2-6add5fdb40b3,low,pending,"Synthetic case for presentation: 1 events observed, severity=low, outcome=pending.",,
960f2b7a-dda7-4310-b576-c4bedf5b7738,5c4fc95b-64a1-44a4-a8b0-2d5a517aab1d,3c49513d-7ced-4863-82d8-794c147547ec,medium,warned,"Synthetic case for presentation: 2 events observed, severity=medium, outcome=warned.",dc28905c-a7f8-48b4-a0dd-e22399c38fbb,"2026-09-15 15:09:00"
eb0974ec-ce11-4b2d-a0fe-e733368967c8,5c4fc95b-64a1-44a4-a8b0-2d5a517aab1d,d99e5a79-937f-4223-b4a0-dc971c1ea79b,high,score_penalized,"Synthetic case for presentation: 3 events observed, severity=high, outcome=score_penalized.",dc28905c-a7f8-48b4-a0dd-e22399c38fbb,"2026-09-16 15:18:00"
22f3f2b9-ba75-4719-a939-ec84645edd4f,5c4fc95b-64a1-44a4-a8b0-2d5a517aab1d,3566e74e-da01-4d0a-b221-04a470a45846,high,score_penalized,"Synthetic case for presentation: 1 events observed, severity=high, outcome=score_penalized.",dc28905c-a7f8-48b4-a0dd-e22399c38fbb,"2026-09-17 15:27:00"
28e3b434-b2e3-403d-aa57-493c4504dc2f,5c4fc95b-64a1-44a4-a8b0-2d5a517aab1d,93873041-4e51-45da-ad5b-4afde5db6974,medium,warned,"Synthetic case for presentation: 2 events observed, severity=medium, outcome=warned.",90b1b286-043f-4b76-92e4-23c74608f5ea,"2026-09-18 15:36:00"
307679ce-8abe-469a-bf53-5be632c5edf2,a411f0db-a7cb-47fe-aafa-44bcaa759e98,ff832bb9-3414-4616-8024-7a1c1224b8da,high,score_penalized,"Synthetic case for presentation: 3 events observed, severity=high, outcome=score_penalized.",90b1b286-043f-4b76-92e4-23c74608f5ea,"2026-09-16 15:00:00"
856011e0-ab2e-4176-9105-59569e5ff213,a411f0db-a7cb-47fe-aafa-44bcaa759e98,20f3cd30-2e79-4af6-9f7e-b52583c6feae,high,score_penalized,"Synthetic case for presentation: 1 events observed, severity=high, outcome=score_penalized.",f39057a9-613c-40da-a0fb-4a39cb833b40,"2026-09-17 15:09:00"
fd4de38a-b5ee-44aa-a2a7-d65ec733731a,a411f0db-a7cb-47fe-aafa-44bcaa759e98,48117bfb-5dcd-4630-be31-75370bf88b62,medium,warned,"Synthetic case for presentation: 2 events observed, severity=medium, outcome=warned.",f39057a9-613c-40da-a0fb-4a39cb833b40,"2026-09-18 15:18:00"
da708859-3049-4636-9f7e-d661e920c7c4,a411f0db-a7cb-47fe-aafa-44bcaa759e98,528d16e4-6afe-42f9-bcf8-02cf60586cdb,critical,invalidated,"Synthetic case for presentation: 3 events observed, severity=critical, outcome=invalidated.",f39057a9-613c-40da-a0fb-4a39cb833b40,"2026-09-19 15:27:00"
ec35c1dd-1159-418b-ba02-8628629e68ea,a411f0db-a7cb-47fe-aafa-44bcaa759e98,31ec147c-2f96-4783-b776-f7fd95d0cf4e,low,pending,"Synthetic case for presentation: 1 events observed, severity=low, outcome=pending.",,
1894140b-0ad2-4c84-9807-4d4d90803e28,cb7094cd-8314-407e-baa0-aa262e578532,b6b6556c-e3bc-4314-ba91-8f0803cc665e,medium,warned,"Synthetic case for presentation: 2 events observed, severity=medium, outcome=warned.",90b1b286-043f-4b76-92e4-23c74608f5ea,"2026-09-18 15:00:00"
d52afbd7-0ed6-46e9-b7ee-279eabdf6f42,cb7094cd-8314-407e-baa0-aa262e578532,d0835158-c34a-41e1-a725-d18641b9b308,critical,invalidated,"Synthetic case for presentation: 3 events observed, severity=critical, outcome=invalidated.",718b0a96-1606-4a6a-8da1-cbd8a4c07336,"2026-09-19 15:09:00"
354be0c2-2bee-4406-b4aa-4fbcd236b174,cb7094cd-8314-407e-baa0-aa262e578532,205c8d14-802b-4058-bd1b-a424179fba5b,low,pending,"Synthetic case for presentation: 1 events observed, severity=low, outcome=pending.",,
45c8bd66-3eaa-465b-9d64-6aa2287c2264,cb7094cd-8314-407e-baa0-aa262e578532,ff6396b0-1797-4a70-934c-53f289c6681f,medium,warned,"Synthetic case for presentation: 2 events observed, severity=medium, outcome=warned.",718b0a96-1606-4a6a-8da1-cbd8a4c07336,"2026-08-27 15:27:00"
56c31179-e8af-4d9c-b3eb-17e9e5d8cd6a,cb7094cd-8314-407e-baa0-aa262e578532,8abd1270-0ea8-427e-a260-a5a8dcbe3cc4,high,score_penalized,"Synthetic case for presentation: 3 events observed, severity=high, outcome=score_penalized.",90b1b286-043f-4b76-92e4-23c74608f5ea,"2026-08-28 15:36:00"
7321f39f-c21f-4d08-9243-1cb4a57be24b,4730a158-f88b-49a4-809e-0d1f9732b8cb,2bc81684-3657-45a2-acea-82d557db3c90,low,pending,"Synthetic case for presentation: 1 events observed, severity=low, outcome=pending.",,
d7531abb-391a-40ba-aed8-06ac70b35efa,4730a158-f88b-49a4-809e-0d1f9732b8cb,cc4d2893-59c0-40e7-88a1-b8366e541f11,medium,warned,"Synthetic case for presentation: 2 events observed, severity=medium, outcome=warned.",71d8e23c-90df-4904-bb01-500b7b569575,"2026-08-27 15:09:00"
ae0f0936-9e85-4607-9aa1-7dd3ad1978c7,4730a158-f88b-49a4-809e-0d1f9732b8cb,887b41f5-d19a-4ac1-9df1-80922ea3b6df,high,score_penalized,"Synthetic case for presentation: 3 events observed, severity=high, outcome=score_penalized.",71d8e23c-90df-4904-bb01-500b7b569575,"2026-08-28 15:18:00"
e96f17e9-0ac1-497a-ada2-6b2373cb6968,4730a158-f88b-49a4-809e-0d1f9732b8cb,77e01575-4b39-4eac-a36a-e6e5b84cd023,low,pending,"Synthetic case for presentation: 1 events observed, severity=low, outcome=pending.",,
d8571920-3bb2-401b-9ad9-3450dddaf790,4730a158-f88b-49a4-809e-0d1f9732b8cb,6ad9bee9-de5a-4e22-ba74-0311cc948ab7,high,score_penalized,"Synthetic case for presentation: 2 events observed, severity=high, outcome=score_penalized.",90b1b286-043f-4b76-92e4-23c74608f5ea,"2026-08-30 15:36:00"
4a7eb3e6-df2c-40a0-a72c-5ce800a1a1e7,51d0f46c-482c-46eb-bce1-c5cb03ef805f,b4af2850-58df-4e25-8f78-fb871df28379,high,score_penalized,"Synthetic case for presentation: 3 events observed, severity=high, outcome=score_penalized.",90b1b286-043f-4b76-92e4-23c74608f5ea,"2026-08-28 15:00:00"
2e41db59-2842-4838-bee9-de2b6f048ba1,51d0f46c-482c-46eb-bce1-c5cb03ef805f,9e55a533-ff11-4f8e-a1be-3ee2678c3976,low,pending,"Synthetic case for presentation: 1 events observed, severity=low, outcome=pending.",,
6d295abe-bc71-4f39-8770-d56f33d8b2fa,51d0f46c-482c-46eb-bce1-c5cb03ef805f,86d395ee-846f-4a58-aac7-4e317dbe6100,high,score_penalized,"Synthetic case for presentation: 2 events observed, severity=high, outcome=score_penalized.",1841b479-edbd-4f08-98fa-434a9fcf3b6e,"2026-08-30 15:18:00"
349cd87d-7c28-4166-bba5-b1942a3bfb53,51d0f46c-482c-46eb-bce1-c5cb03ef805f,f749e194-3e19-4e74-8a22-3d36b82cc4da,high,score_penalized,"Synthetic case for presentation: 3 events observed, severity=high, outcome=score_penalized.",1841b479-edbd-4f08-98fa-434a9fcf3b6e,"2026-08-31 15:27:00"
aa6c3743-3ddf-46f9-a678-78164d75eb3a,51d0f46c-482c-46eb-bce1-c5cb03ef805f,6ffecf86-0bc4-46b7-9ce8-0f2c48048271,low,pending,"Synthetic case for presentation: 1 events observed, severity=low, outcome=pending.",,
5dc31520-b7ef-41dc-a15b-df1d4b1ae9ed,9c261854-cf12-4f30-b187-7ad8c9deb980,1b341fdd-1656-468e-aa71-810809144ddd,high,score_penalized,"Synthetic case for presentation: 2 events observed, severity=high, outcome=score_penalized.",90b1b286-043f-4b76-92e4-23c74608f5ea,"2026-08-30 15:00:00"
574382f1-0834-491e-beb0-17b9bb009748,9c261854-cf12-4f30-b187-7ad8c9deb980,3fcbad4c-87b2-460c-9bf0-42aefbb250bb,high,score_penalized,"Synthetic case for presentation: 3 events observed, severity=high, outcome=score_penalized.",58f52459-b373-4b76-a37b-1efb7e78ba20,"2026-08-31 15:09:00"
3153a5c6-e7c2-41d6-8ee7-35418ad5615c,9c261854-cf12-4f30-b187-7ad8c9deb980,0a5092e1-7b2e-4d5c-a3cc-520f31c1bb97,low,pending,"Synthetic case for presentation: 1 events observed, severity=low, outcome=pending.",,
70f7ec29-bc66-4ce2-b673-9a4fde6b403d,9c261854-cf12-4f30-b187-7ad8c9deb980,55a73715-7fb2-4f95-96cd-254317d330ab,medium,warned,"Synthetic case for presentation: 2 events observed, severity=medium, outcome=warned.",58f52459-b373-4b76-a37b-1efb7e78ba20,"2026-09-02 15:27:00"
673910af-103b-49b1-a00c-dceee7ca91f0,9c261854-cf12-4f30-b187-7ad8c9deb980,17bf9713-3ae0-4f82-8b67-3e4a9db09f27,high,score_penalized,"Synthetic case for presentation: 3 events observed, severity=high, outcome=score_penalized.",90b1b286-043f-4b76-92e4-23c74608f5ea,"2026-09-03 15:36:00"
6caf295f-9123-47c7-9952-7d3764daa8bc,b3e35bfe-d252-4a55-85bc-c2f74acdfb0e,59748228-5b67-4efd-b1f3-6b586b1109bd,low,pending,"Synthetic case for presentation: 1 events observed, severity=low, outcome=pending.",,
918f3ccc-71ab-4596-93f9-4445b337e303,b3e35bfe-d252-4a55-85bc-c2f74acdfb0e,f63d7d61-9c68-4a3b-a6e1-6187f18de1c9,medium,warned,"Synthetic case for presentation: 2 events observed, severity=medium, outcome=warned.",2a00f872-b66d-42f4-a6aa-5842a86018ea,"2026-09-02 15:09:00"
9e90f498-72e5-4d71-a182-bb8eccf3c57a,b3e35bfe-d252-4a55-85bc-c2f74acdfb0e,a9533159-8fb6-4f7e-a8c6-8d76850e915a,high,score_penalized,"Synthetic case for presentation: 3 events observed, severity=high, outcome=score_penalized.",2a00f872-b66d-42f4-a6aa-5842a86018ea,"2026-09-03 15:18:00"
9ffbd687-bae2-4320-9df9-1b21175c0ae5,b3e35bfe-d252-4a55-85bc-c2f74acdfb0e,8fdf51d2-3d92-4c7f-9fc5-9b50a9b5e3d6,high,score_penalized,"Synthetic case for presentation: 1 events observed, severity=high, outcome=score_penalized.",2a00f872-b66d-42f4-a6aa-5842a86018ea,"2026-09-04 15:27:00"
f3f6c979-f83d-4c86-a682-c79884b46a63,b3e35bfe-d252-4a55-85bc-c2f74acdfb0e,bf6972cb-f993-4df8-811f-a12236b0d750,medium,warned,"Synthetic case for presentation: 2 events observed, severity=medium, outcome=warned.",90b1b286-043f-4b76-92e4-23c74608f5ea,"2026-09-05 15:36:00"
4302db65-eccd-4660-8f1b-e32de0332ac7,4fddbe5d-6774-4b3b-8f0a-e2585366d2fe,fb0cfffb-e973-4e14-9036-6abae9e9fe0c,high,score_penalized,"Synthetic case for presentation: 3 events observed, severity=high, outcome=score_penalized.",90b1b286-043f-4b76-92e4-23c74608f5ea,"2026-09-03 15:00:00"
686931ad-a7eb-4ada-9a2b-d7edf99db570,4fddbe5d-6774-4b3b-8f0a-e2585366d2fe,b9c90b30-0ca4-4286-ac75-47e55d88d031,high,score_penalized,"Synthetic case for presentation: 1 events observed, severity=high, outcome=score_penalized.",54a7bbab-9616-4592-ae72-e1bb401562fe,"2026-09-04 15:09:00"
e28d1a50-59c0-40b6-976c-5513a36562dd,4fddbe5d-6774-4b3b-8f0a-e2585366d2fe,d6ba52dd-5f07-4542-b7e5-5dc3173795ca,medium,warned,"Synthetic case for presentation: 2 events observed, severity=medium, outcome=warned.",54a7bbab-9616-4592-ae72-e1bb401562fe,"2026-09-05 15:18:00"
bb0ca28a-3ac5-4d16-949d-14524a1db11b,4fddbe5d-6774-4b3b-8f0a-e2585366d2fe,0903f325-02d1-4339-bd1a-526fb8644673,critical,invalidated,"Synthetic case for presentation: 3 events observed, severity=critical, outcome=invalidated.",54a7bbab-9616-4592-ae72-e1bb401562fe,"2026-09-06 15:27:00"
91fbbfa8-0ef7-41b0-bf5a-2d0ec36165a7,4fddbe5d-6774-4b3b-8f0a-e2585366d2fe,f5a10abb-cf64-4ba1-88d5-b6ec2742ec8b,low,pending,"Synthetic case for presentation: 1 events observed, severity=low, outcome=pending.",,
26cf0363-6bd7-4e97-a1e8-e63858d0ed2e,df0588f3-e3b6-44cf-84aa-1ce60d64200c,da150e66-b986-4e9a-807b-bd11c3bd486a,medium,warned,"Synthetic case for presentation: 2 events observed, severity=medium, outcome=warned.",90b1b286-043f-4b76-92e4-23c74608f5ea,"2026-09-05 15:00:00"
4bf7c5e9-6b25-4800-bcbd-4b3b59ddfa7e,df0588f3-e3b6-44cf-84aa-1ce60d64200c,d5b89222-2586-4006-9259-4dac3d50f943,critical,invalidated,"Synthetic case for presentation: 3 events observed, severity=critical, outcome=invalidated.",57bb506b-ba37-4e62-b217-fda883a43abb,"2026-09-06 15:09:00"
117921e7-49c8-40f3-abd5-feae696fd73d,df0588f3-e3b6-44cf-84aa-1ce60d64200c,2e17491e-4dc3-4016-a982-9af0cb631e13,low,pending,"Synthetic case for presentation: 1 events observed, severity=low, outcome=pending.",,
ea72d594-29a1-493e-8a38-d8ea351090ad,df0588f3-e3b6-44cf-84aa-1ce60d64200c,5d8b6a98-c9e3-46d2-ba94-d4c132110205,medium,warned,"Synthetic case for presentation: 2 events observed, severity=medium, outcome=warned.",57bb506b-ba37-4e62-b217-fda883a43abb,"2026-09-08 15:27:00"
03aaedca-0555-4914-a4df-75bb281d32f4,df0588f3-e3b6-44cf-84aa-1ce60d64200c,36a28087-ed4a-43a4-81d0-3e1b5f727219,high,score_penalized,"Synthetic case for presentation: 3 events observed, severity=high, outcome=score_penalized.",90b1b286-043f-4b76-92e4-23c74608f5ea,"2026-09-09 15:36:00"
8f378bed-ee8f-4403-8f68-d2fc76d53add,c6b2e1a1-3e03-4d3a-b5b4-109ef21a4c9b,ebafeb54-9a9e-41a5-8608-a96dc4e8d279,low,pending,"Synthetic case for presentation: 1 events observed, severity=low, outcome=pending.",,
5a4f01bf-0880-4efa-9f08-a626819bff25,c6b2e1a1-3e03-4d3a-b5b4-109ef21a4c9b,f3769f15-5244-4fb7-a284-352b79f5d787,medium,warned,"Synthetic case for presentation: 2 events observed, severity=medium, outcome=warned.",0d3dae6c-45c9-4f28-b28c-898055d9724d,"2026-09-08 15:09:00"
b23c2de2-06fe-4875-8341-7ee0b94fa0c3,c6b2e1a1-3e03-4d3a-b5b4-109ef21a4c9b,a64f8d83-4abb-4d4d-98fb-e604f564b0fd,high,score_penalized,"Synthetic case for presentation: 3 events observed, severity=high, outcome=score_penalized.",0d3dae6c-45c9-4f28-b28c-898055d9724d,"2026-09-09 15:18:00"
f990c9c0-1ee1-4b82-966f-b4be800a4578,c6b2e1a1-3e03-4d3a-b5b4-109ef21a4c9b,d5bbb696-5fda-4399-9f31-06d8a93686d2,low,pending,"Synthetic case for presentation: 1 events observed, severity=low, outcome=pending.",,
d171c14a-29c0-4785-94ac-68a1f25adfce,c6b2e1a1-3e03-4d3a-b5b4-109ef21a4c9b,0f4cc287-534a-42ec-99d4-f4112ec3dd40,high,score_penalized,"Synthetic case for presentation: 2 events observed, severity=high, outcome=score_penalized.",90b1b286-043f-4b76-92e4-23c74608f5ea,"2026-09-11 15:36:00"
49f6153b-7f4b-4cb7-9c25-c4a380e35001,542280a9-2f6a-4aaf-a428-23dc58aa574c,5576fc0d-c274-41de-8d0d-a8e72155bbb5,high,score_penalized,"Synthetic case for presentation: 3 events observed, severity=high, outcome=score_penalized.",90b1b286-043f-4b76-92e4-23c74608f5ea,"2026-09-09 15:00:00"
a0021b16-8cf0-4873-82b9-b22f201c85c3,542280a9-2f6a-4aaf-a428-23dc58aa574c,0b20434f-2be8-4be3-be5f-97b71dd6e652,low,pending,"Synthetic case for presentation: 1 events observed, severity=low, outcome=pending.",,
ea71fa0c-f75a-4233-bcbb-4ffb4df74847,542280a9-2f6a-4aaf-a428-23dc58aa574c,02751bc9-0b39-481e-afc8-67cd0deb5103,high,score_penalized,"Synthetic case for presentation: 2 events observed, severity=high, outcome=score_penalized.",fbb2a14f-0122-430b-ba06-ad1a4c119bc0,"2026-09-11 15:18:00"
f1218cb1-f363-450a-ad78-a2206920d395,542280a9-2f6a-4aaf-a428-23dc58aa574c,d2ad4a31-747c-43fb-96a4-830bb47d21f2,high,score_penalized,"Synthetic case for presentation: 3 events observed, severity=high, outcome=score_penalized.",fbb2a14f-0122-430b-ba06-ad1a4c119bc0,"2026-09-12 15:27:00"
06e90a8a-65cb-4729-a120-f022687653d5,542280a9-2f6a-4aaf-a428-23dc58aa574c,fffdabff-df72-4916-941b-79bb46327767,low,pending,"Synthetic case for presentation: 1 events observed, severity=low, outcome=pending.",,
95c8f7a0-c34b-4ec5-b723-b903eb934619,4518f9cd-6cb9-4a8e-8ee5-18bf3a511207,59a5b7c3-d9d3-4c6d-a57a-91ff05886103,high,score_penalized,"Synthetic case for presentation: 2 events observed, severity=high, outcome=score_penalized.",90b1b286-043f-4b76-92e4-23c74608f5ea,"2026-09-11 15:00:00"
d5b0f81f-6ebb-459e-8b5b-4b1d2e9c96ca,4518f9cd-6cb9-4a8e-8ee5-18bf3a511207,54014341-c349-4252-b79c-77d52535d791,high,score_penalized,"Synthetic case for presentation: 3 events observed, severity=high, outcome=score_penalized.",fe53fa5d-e77e-4369-bd37-77c01ae3f5e8,"2026-09-12 15:09:00"
fe434f1d-cc89-4bc9-8586-a6a6170d39b4,4518f9cd-6cb9-4a8e-8ee5-18bf3a511207,3cebbf2c-afc0-4990-a6a4-9354dc8ddff3,low,pending,"Synthetic case for presentation: 1 events observed, severity=low, outcome=pending.",,
d3621bca-610a-4865-a716-79cca1dd6f49,4518f9cd-6cb9-4a8e-8ee5-18bf3a511207,e4ec4c65-97cc-4196-bbc4-3dfb0b2988bc,medium,warned,"Synthetic case for presentation: 2 events observed, severity=medium, outcome=warned.",fe53fa5d-e77e-4369-bd37-77c01ae3f5e8,"2026-09-14 15:27:00"
c7844e76-b23c-414b-b2df-930d64be71ca,4518f9cd-6cb9-4a8e-8ee5-18bf3a511207,c954cf02-edb1-461f-b34a-a0c1a70886ab,high,score_penalized,"Synthetic case for presentation: 3 events observed, severity=high, outcome=score_penalized.",90b1b286-043f-4b76-92e4-23c74608f5ea,"2026-09-15 15:36:00"
7c19bd07-6799-44fe-8ff5-83c934bc1d98,220978ae-1a4f-454a-8e45-af707d273503,1f809d6a-4da3-4aed-885a-3445e31699d5,low,pending,"Synthetic case for presentation: 1 events observed, severity=low, outcome=pending.",,
7e0e95f0-6a3a-45d0-82f1-41aa9eec042b,220978ae-1a4f-454a-8e45-af707d273503,79099d13-9ff2-4a2f-8d16-7bc1b9d1b6ca,medium,warned,"Synthetic case for presentation: 2 events observed, severity=medium, outcome=warned.",7f6c44fb-c625-4f6a-bf48-c473a780f390,"2026-09-14 15:09:00"
da7ce26b-ca6f-4ab3-b4a2-a48e715079fb,220978ae-1a4f-454a-8e45-af707d273503,ad67adeb-a756-4e7c-87d9-069e393fd89a,high,score_penalized,"Synthetic case for presentation: 3 events observed, severity=high, outcome=score_penalized.",7f6c44fb-c625-4f6a-bf48-c473a780f390,"2026-09-15 15:18:00"
cda5c6aa-0c8d-4788-b694-d0700dbf95ac,220978ae-1a4f-454a-8e45-af707d273503,9597106f-9959-4003-8b92-2b1b6f30ee69,high,score_penalized,"Synthetic case for presentation: 1 events observed, severity=high, outcome=score_penalized.",7f6c44fb-c625-4f6a-bf48-c473a780f390,"2026-09-16 15:27:00"
9057a038-8048-4546-9fe7-12fdafacadae,220978ae-1a4f-454a-8e45-af707d273503,5da99b28-fe97-45bc-84fe-57eceb2a34c4,medium,warned,"Synthetic case for presentation: 2 events observed, severity=medium, outcome=warned.",90b1b286-043f-4b76-92e4-23c74608f5ea,"2026-09-17 15:36:00"
90b3e321-df05-4d87-95dd-bfc1f2a274a9,d197909b-748e-4068-bc85-5a47eea4cc17,b63d70f6-3ecb-44a6-b1cb-5b119a54afe1,high,score_penalized,"Synthetic case for presentation: 3 events observed, severity=high, outcome=score_penalized.",90b1b286-043f-4b76-92e4-23c74608f5ea,"2026-09-15 15:00:00"
156e2f9f-1911-4f89-8350-cbb97440a8dd,d197909b-748e-4068-bc85-5a47eea4cc17,44f90537-58f9-4830-bb06-2c8d90cad123,high,score_penalized,"Synthetic case for presentation: 1 events observed, severity=high, outcome=score_penalized.",2cd9d024-6210-437b-b173-e3de2b68ab2e,"2026-09-16 15:09:00"
143b4cae-9219-4099-a73f-34bc26147abc,d197909b-748e-4068-bc85-5a47eea4cc17,a159b58f-3a57-4660-ab83-0e92735bc031,medium,warned,"Synthetic case for presentation: 2 events observed, severity=medium, outcome=warned.",2cd9d024-6210-437b-b173-e3de2b68ab2e,"2026-09-17 15:18:00"
24a2e1c6-e499-4cb2-a32a-c99b108a4c54,d197909b-748e-4068-bc85-5a47eea4cc17,1f3788ab-67a6-45e4-93dc-ad6e2f2efbeb,critical,invalidated,"Synthetic case for presentation: 3 events observed, severity=critical, outcome=invalidated.",2cd9d024-6210-437b-b173-e3de2b68ab2e,"2026-09-18 15:27:00"
dbdc9701-6e73-4b7b-bc2a-2c6198864502,d197909b-748e-4068-bc85-5a47eea4cc17,559d4a27-6e79-4ac6-b29f-1b313f9882b2,low,pending,"Synthetic case for presentation: 1 events observed, severity=low, outcome=pending.",,
f623a1c0-5ca5-42aa-967e-9ea7041998a8,0f967768-aa55-4fe1-8525-2f8bfcd81d6c,48ebe9e5-f3c8-4537-82de-70a107a058a1,medium,warned,"Synthetic case for presentation: 2 events observed, severity=medium, outcome=warned.",90b1b286-043f-4b76-92e4-23c74608f5ea,"2026-09-17 15:00:00"
fa1e8e05-38a0-47fc-bd1c-62bd423d3d06,0f967768-aa55-4fe1-8525-2f8bfcd81d6c,7e5e7375-b7e8-4f95-ab1e-997732fa74c1,critical,invalidated,"Synthetic case for presentation: 3 events observed, severity=critical, outcome=invalidated.",c5b1f721-5943-407d-afb9-daa6f555daad,"2026-09-18 15:09:00"
94546aeb-c7db-4d13-8eca-6f60fa981256,0f967768-aa55-4fe1-8525-2f8bfcd81d6c,9f6a3ae8-6769-48a8-b7b4-465c5c9dc962,low,pending,"Synthetic case for presentation: 1 events observed, severity=low, outcome=pending.",,
a0ee4250-0616-4827-a49e-f4901d4d655d,0f967768-aa55-4fe1-8525-2f8bfcd81d6c,fd826a1c-ae9f-4197-b4d4-4aea98934c25,medium,warned,"Synthetic case for presentation: 2 events observed, severity=medium, outcome=warned.",c5b1f721-5943-407d-afb9-daa6f555daad,"2026-08-26 15:27:00"
a54e5e2d-d983-4b63-9443-835c27264cb3,0f967768-aa55-4fe1-8525-2f8bfcd81d6c,e91f1394-02a2-4990-bb1e-a88b226cc919,high,score_penalized,"Synthetic case for presentation: 3 events observed, severity=high, outcome=score_penalized.",90b1b286-043f-4b76-92e4-23c74608f5ea,"2026-08-27 15:36:00"
2b1c48fd-0688-484b-8af1-6a565e3e59d8,e6bd7f46-fff3-4221-8386-a018c6462ce5,8eeff3bf-5afd-4d14-bb01-6a29a887983f,low,pending,"Synthetic case for presentation: 1 events observed, severity=low, outcome=pending.",,
74b7cce0-e63d-47dc-bee1-0a0900619bb1,e6bd7f46-fff3-4221-8386-a018c6462ce5,fe1808a0-4963-49c3-9437-5399181b0952,medium,warned,"Synthetic case for presentation: 2 events observed, severity=medium, outcome=warned.",ace12a2b-c261-41bc-84ed-6189c818c411,"2026-08-26 15:09:00"
9dd7c545-ccad-4718-ad4e-a8aedaf0d341,e6bd7f46-fff3-4221-8386-a018c6462ce5,81414539-313c-4098-b292-1d6a5f292062,high,score_penalized,"Synthetic case for presentation: 3 events observed, severity=high, outcome=score_penalized.",ace12a2b-c261-41bc-84ed-6189c818c411,"2026-08-27 15:18:00"
5585d574-7326-4423-8a07-fff3ae92a5f1,e6bd7f46-fff3-4221-8386-a018c6462ce5,a8b6d4e5-7600-4fdd-af39-205471fe6380,low,pending,"Synthetic case for presentation: 1 events observed, severity=low, outcome=pending.",,
c6e93608-debc-4efb-b44f-a3d7e1871d8b,e6bd7f46-fff3-4221-8386-a018c6462ce5,99504f62-20ce-40c9-8ade-b72a6670d4ff,high,score_penalized,"Synthetic case for presentation: 2 events observed, severity=high, outcome=score_penalized.",90b1b286-043f-4b76-92e4-23c74608f5ea,"2026-08-29 15:36:00"
df382331-0f07-4070-8f3a-331566477e44,5545e902-db86-4d85-9ab4-c66c7bb284db,ce500394-1f6f-46f6-a65f-d144ea6ffe0f,high,score_penalized,"Synthetic case for presentation: 3 events observed, severity=high, outcome=score_penalized.",90b1b286-043f-4b76-92e4-23c74608f5ea,"2026-08-27 15:00:00"
e53a5f35-cb0d-4997-acc2-d82fbe43dd04,5545e902-db86-4d85-9ab4-c66c7bb284db,df837319-a5de-4dcb-8c09-df5c224a42e2,low,pending,"Synthetic case for presentation: 1 events observed, severity=low, outcome=pending.",,
dd00f0b1-efdc-48dd-a8fd-c6a513de8531,5545e902-db86-4d85-9ab4-c66c7bb284db,091bdc96-10c2-4398-8744-b0b01a9fe82b,high,score_penalized,"Synthetic case for presentation: 2 events observed, severity=high, outcome=score_penalized.",c21fa85a-0ba5-4422-9f8b-3e20654c303c,"2026-08-29 15:18:00"
a19ca829-ef44-4766-9ba4-5a4587287a36,5545e902-db86-4d85-9ab4-c66c7bb284db,8859c330-7b1f-488c-819a-a78007a402dd,high,score_penalized,"Synthetic case for presentation: 3 events observed, severity=high, outcome=score_penalized.",c21fa85a-0ba5-4422-9f8b-3e20654c303c,"2026-08-30 15:27:00"
92e758f0-5ab5-483d-8562-b89772d4d521,5545e902-db86-4d85-9ab4-c66c7bb284db,47f065f2-3119-4dfa-919a-19e39b7031eb,low,pending,"Synthetic case for presentation: 1 events observed, severity=low, outcome=pending.",,
b25034b8-6a5e-412f-91af-4e5cb8aa3e8f,a7be623d-0077-41d8-9971-1554a7768aab,e4803571-53df-451c-99b2-600ff262b386,high,score_penalized,"Synthetic case for presentation: 2 events observed, severity=high, outcome=score_penalized.",90b1b286-043f-4b76-92e4-23c74608f5ea,"2026-08-29 15:00:00"
fa32c53e-caf1-4187-984a-a67a4a523134,a7be623d-0077-41d8-9971-1554a7768aab,faf4618c-04c5-406d-bc0e-43310607fed3,high,score_penalized,"Synthetic case for presentation: 3 events observed, severity=high, outcome=score_penalized.",e2367fba-a0b5-493b-9d1d-da6a239b08b6,"2026-08-30 15:09:00"
fe8b347b-52d6-4ec1-85c1-200695481485,a7be623d-0077-41d8-9971-1554a7768aab,57729514-66ef-4fa1-83ce-5df10cd6a631,low,pending,"Synthetic case for presentation: 1 events observed, severity=low, outcome=pending.",,
598b5f65-a2ff-47d8-93ff-5331f59eea8a,a7be623d-0077-41d8-9971-1554a7768aab,d9859640-47bf-4e33-95dd-3074875b312a,medium,warned,"Synthetic case for presentation: 2 events observed, severity=medium, outcome=warned.",e2367fba-a0b5-493b-9d1d-da6a239b08b6,"2026-09-01 15:27:00"
afeda8b3-4ce7-470b-b115-29d32c9807ed,a7be623d-0077-41d8-9971-1554a7768aab,9a5a9e1f-782a-47ca-932b-b37a9abe8d9d,high,score_penalized,"Synthetic case for presentation: 3 events observed, severity=high, outcome=score_penalized.",90b1b286-043f-4b76-92e4-23c74608f5ea,"2026-09-02 15:36:00"
b1dd743e-7141-4cf9-8efa-141b7797f8eb,96fb55ea-f27b-4545-b5fd-75aeb5716432,06f725d2-cc1a-4c20-8fbc-e6e3f5318fc7,low,pending,"Synthetic case for presentation: 1 events observed, severity=low, outcome=pending.",,
1df3a612-be8c-43db-92ca-54ab77de7f50,96fb55ea-f27b-4545-b5fd-75aeb5716432,66ab5a35-51ff-43c2-84c3-b5f609d67fc3,medium,warned,"Synthetic case for presentation: 2 events observed, severity=medium, outcome=warned.",0fbac00f-c496-4bf3-85e1-53047452e437,"2026-09-01 15:09:00"
d3076b29-6558-4a8a-9d96-dd488c108203,96fb55ea-f27b-4545-b5fd-75aeb5716432,485521f2-f408-43cb-818c-42a9ceae3877,high,score_penalized,"Synthetic case for presentation: 3 events observed, severity=high, outcome=score_penalized.",0fbac00f-c496-4bf3-85e1-53047452e437,"2026-09-02 15:18:00"
ea14dfec-bcd1-4700-9896-4b5d308e6714,96fb55ea-f27b-4545-b5fd-75aeb5716432,eca9413f-3699-4023-872e-d88f3877e06f,high,score_penalized,"Synthetic case for presentation: 1 events observed, severity=high, outcome=score_penalized.",0fbac00f-c496-4bf3-85e1-53047452e437,"2026-09-03 15:27:00"
a3ce750a-d24a-4485-8c0c-b5ea8690d2b7,96fb55ea-f27b-4545-b5fd-75aeb5716432,b2e93614-f22f-421e-b6bc-56714546c128,medium,warned,"Synthetic case for presentation: 2 events observed, severity=medium, outcome=warned.",90b1b286-043f-4b76-92e4-23c74608f5ea,"2026-09-04 15:36:00"
36d14402-765f-4f5b-869b-d67ab88ef994,2c9e0cb8-3d58-449d-9f3a-8919c33f434e,91e32a2b-724f-4c84-a7be-b180e9b52263,high,score_penalized,"Synthetic case for presentation: 3 events observed, severity=high, outcome=score_penalized.",90b1b286-043f-4b76-92e4-23c74608f5ea,"2026-09-02 15:00:00"
ca8c6799-2213-4e7e-aa00-2d29782681b5,2c9e0cb8-3d58-449d-9f3a-8919c33f434e,e7af76ff-60d1-40ac-a6bc-8eac587eefeb,high,score_penalized,"Synthetic case for presentation: 1 events observed, severity=high, outcome=score_penalized.",e86d48b6-5b31-4050-9200-1bc3d52b436c,"2026-09-03 15:09:00"
cbc4e7a1-3edd-4f59-99bc-f133bcacea3d,2c9e0cb8-3d58-449d-9f3a-8919c33f434e,5f3e9d9b-1202-4125-ae0e-0a4b2ee92271,medium,warned,"Synthetic case for presentation: 2 events observed, severity=medium, outcome=warned.",e86d48b6-5b31-4050-9200-1bc3d52b436c,"2026-09-04 15:18:00"
940c3cb9-3420-4db4-8efc-358ad77628fa,2c9e0cb8-3d58-449d-9f3a-8919c33f434e,cc7678ff-508b-420c-be10-03ef4533cc8d,critical,invalidated,"Synthetic case for presentation: 3 events observed, severity=critical, outcome=invalidated.",e86d48b6-5b31-4050-9200-1bc3d52b436c,"2026-09-05 15:27:00"
6bca8838-781d-4520-abe0-deab1cd02951,2c9e0cb8-3d58-449d-9f3a-8919c33f434e,b2229751-97ca-4188-8293-a15294d12b33,low,pending,"Synthetic case for presentation: 1 events observed, severity=low, outcome=pending.",,
44a9d8c3-ab01-4f5f-945e-755e0ad006be,d3697357-f4a4-4523-8edd-6ef26951726c,06d9dc21-f843-4b9c-83e3-cccfdd6d7021,medium,warned,"Synthetic case for presentation: 2 events observed, severity=medium, outcome=warned.",90b1b286-043f-4b76-92e4-23c74608f5ea,"2026-09-04 15:00:00"
10f8759c-b1a9-4536-98c0-615c23eefb4e,d3697357-f4a4-4523-8edd-6ef26951726c,69e1e83b-f01e-493c-bcef-bb50d711852f,critical,invalidated,"Synthetic case for presentation: 3 events observed, severity=critical, outcome=invalidated.",43aff9d7-6bd2-4a8a-a093-25843e849b76,"2026-09-05 15:09:00"
5bb4a007-0cff-48e1-a94b-ef96ba26b20d,d3697357-f4a4-4523-8edd-6ef26951726c,253d53dd-fa95-4971-9614-deedd5d73581,low,pending,"Synthetic case for presentation: 1 events observed, severity=low, outcome=pending.",,
02022014-9e2a-4e89-b489-b42b74427758,d3697357-f4a4-4523-8edd-6ef26951726c,a3caeed6-0db2-4a88-a300-2f90577f57f9,medium,warned,"Synthetic case for presentation: 2 events observed, severity=medium, outcome=warned.",43aff9d7-6bd2-4a8a-a093-25843e849b76,"2026-09-07 15:27:00"
825ba7da-dac5-4074-8958-d0b120262bf8,d3697357-f4a4-4523-8edd-6ef26951726c,3cf6d79f-48e4-4092-bff1-b50e181c8f32,high,score_penalized,"Synthetic case for presentation: 3 events observed, severity=high, outcome=score_penalized.",90b1b286-043f-4b76-92e4-23c74608f5ea,"2026-09-08 15:36:00"
ad88e532-d78c-4c6b-accf-423cd88ebed6,5fc2603b-67ab-43ad-9ca2-84ac0dd6ba4b,089804c6-19c7-4b2b-afe3-03c08409d0f6,low,pending,"Synthetic case for presentation: 1 events observed, severity=low, outcome=pending.",,
44db58f7-51a8-401e-a90c-ebdd29880b09,5fc2603b-67ab-43ad-9ca2-84ac0dd6ba4b,ba39ccd9-382f-432a-8a3a-ecf26b6441cb,medium,warned,"Synthetic case for presentation: 2 events observed, severity=medium, outcome=warned.",d6179457-9d8c-4235-83d5-035cbee9c39d,"2026-09-07 15:09:00"
9d30a127-33aa-4b97-a377-7bb10ce5487c,5fc2603b-67ab-43ad-9ca2-84ac0dd6ba4b,f66a8c34-10ce-4bb7-bfeb-23dac42afe3e,high,score_penalized,"Synthetic case for presentation: 3 events observed, severity=high, outcome=score_penalized.",d6179457-9d8c-4235-83d5-035cbee9c39d,"2026-09-08 15:18:00"
dd1b4cca-e8d8-4207-8807-22e9504a2c0e,5fc2603b-67ab-43ad-9ca2-84ac0dd6ba4b,15742ae1-f22e-4337-a05b-f811cedb883b,low,pending,"Synthetic case for presentation: 1 events observed, severity=low, outcome=pending.",,
c4863902-1815-4057-abfa-6d150d975bd4,5fc2603b-67ab-43ad-9ca2-84ac0dd6ba4b,3a593843-07ab-44c8-b1e2-85bf75799ae0,high,score_penalized,"Synthetic case for presentation: 2 events observed, severity=high, outcome=score_penalized.",90b1b286-043f-4b76-92e4-23c74608f5ea,"2026-09-10 15:36:00"
09e6b839-000f-42a2-b08b-8f8980af5ffa,9a69a603-47d5-41af-8db8-1e3890f03ef7,1ac41d90-c61a-47f5-a16d-32565200fdae,high,score_penalized,"Synthetic case for presentation: 3 events observed, severity=high, outcome=score_penalized.",90b1b286-043f-4b76-92e4-23c74608f5ea,"2026-09-08 15:00:00"
2f126ae0-3af6-45b9-a7ec-fd64f7518908,9a69a603-47d5-41af-8db8-1e3890f03ef7,8adbfc42-3a4a-499b-a26b-1adaf1b66226,low,pending,"Synthetic case for presentation: 1 events observed, severity=low, outcome=pending.",,
e341df2d-9be5-4d2b-9614-193febe26a69,9a69a603-47d5-41af-8db8-1e3890f03ef7,96eb617b-a4cb-456d-9ed3-a25200880e11,high,score_penalized,"Synthetic case for presentation: 2 events observed, severity=high, outcome=score_penalized.",45326f46-0bbc-4de8-8028-5bd509d785fe,"2026-09-10 15:18:00"
3442a67d-c1d9-48c9-a0ec-443b6c00b92f,9a69a603-47d5-41af-8db8-1e3890f03ef7,8fdc97c1-4342-43f5-8bce-c331c43bb51a,high,score_penalized,"Synthetic case for presentation: 3 events observed, severity=high, outcome=score_penalized.",45326f46-0bbc-4de8-8028-5bd509d785fe,"2026-09-11 15:27:00"
842ae363-9ec0-48c6-be5c-34d1e4ca5c7d,9a69a603-47d5-41af-8db8-1e3890f03ef7,344a96a0-9162-459b-92c9-311d89f3e60d,low,pending,"Synthetic case for presentation: 1 events observed, severity=low, outcome=pending.",,
82e0f62b-2b15-4a5f-85d6-85d4eae7f4ca,1b200bb1-aab3-4856-a41a-0a344e2a79ac,cd2def61-f829-4dd5-ada2-4d3b396e336a,high,score_penalized,"Synthetic case for presentation: 2 events observed, severity=high, outcome=score_penalized.",90b1b286-043f-4b76-92e4-23c74608f5ea,"2026-09-10 15:00:00"
fd80cc01-9de0-4cb5-a9d8-87501c4c8189,1b200bb1-aab3-4856-a41a-0a344e2a79ac,0597b627-33d6-4078-96f6-15319c9f5fdd,high,score_penalized,"Synthetic case for presentation: 3 events observed, severity=high, outcome=score_penalized.",941679a2-e4db-48e8-8cda-cbb577e7fd08,"2026-09-11 15:09:00"
411ffd9f-4999-4d3f-973d-a5f6a4734edb,1b200bb1-aab3-4856-a41a-0a344e2a79ac,6c666be9-3d83-4a63-b57d-fa30453cdf7e,low,pending,"Synthetic case for presentation: 1 events observed, severity=low, outcome=pending.",,
270256a9-848a-4660-a592-cb6e7d4a8806,1b200bb1-aab3-4856-a41a-0a344e2a79ac,95505a2d-88a7-48b0-addc-15afb17de938,medium,warned,"Synthetic case for presentation: 2 events observed, severity=medium, outcome=warned.",941679a2-e4db-48e8-8cda-cbb577e7fd08,"2026-09-13 15:27:00"
6b12622f-9182-412f-ac7b-1b0bbe6ad17e,1b200bb1-aab3-4856-a41a-0a344e2a79ac,ff286a18-7454-4913-847d-f40377d9c69b,high,score_penalized,"Synthetic case for presentation: 3 events observed, severity=high, outcome=score_penalized.",90b1b286-043f-4b76-92e4-23c74608f5ea,"2026-09-14 15:36:00"
5bf70617-f761-45f6-98ea-d9a998a045df,89545f70-1ebd-4def-b861-e3f09a2579a0,090c7a12-115a-4501-8a21-e8248ba3016f,low,pending,"Synthetic case for presentation: 1 events observed, severity=low, outcome=pending.",,
58668f97-7ad3-419e-b56d-3cc961e56614,89545f70-1ebd-4def-b861-e3f09a2579a0,2632df88-a89e-41c2-9a9b-b5a9225884d4,medium,warned,"Synthetic case for presentation: 2 events observed, severity=medium, outcome=warned.",42140cf5-3776-4604-9c71-aebbea8f7c38,"2026-09-13 15:09:00"
d4c37d4e-5b7a-4e3a-b1db-dcbff47ecfcd,89545f70-1ebd-4def-b861-e3f09a2579a0,d40e038a-675b-452e-b279-4b83caf6a4e1,high,score_penalized,"Synthetic case for presentation: 3 events observed, severity=high, outcome=score_penalized.",42140cf5-3776-4604-9c71-aebbea8f7c38,"2026-09-14 15:18:00"
93ed6902-8577-4481-82a9-fadfef823703,89545f70-1ebd-4def-b861-e3f09a2579a0,02708947-ae9e-44fe-a689-f474711e79d3,high,score_penalized,"Synthetic case for presentation: 1 events observed, severity=high, outcome=score_penalized.",42140cf5-3776-4604-9c71-aebbea8f7c38,"2026-09-15 15:27:00"
f26c5a0c-8704-44c9-ab58-eeec498500dd,89545f70-1ebd-4def-b861-e3f09a2579a0,6e2a46e0-c0e4-4278-890e-76b3a46a1605,medium,warned,"Synthetic case for presentation: 2 events observed, severity=medium, outcome=warned.",90b1b286-043f-4b76-92e4-23c74608f5ea,"2026-09-16 15:36:00"
2358bb6b-9ecb-4af9-9512-20f12e76b9c4,bce6e899-3d73-412a-b279-7301ae5503a7,b4705dec-31c0-4e55-a17e-ef81c2e53c2d,high,score_penalized,"Synthetic case for presentation: 3 events observed, severity=high, outcome=score_penalized.",90b1b286-043f-4b76-92e4-23c74608f5ea,"2026-09-14 15:00:00"
177b8c32-a1b1-48f8-acd8-0943fdd640fb,bce6e899-3d73-412a-b279-7301ae5503a7,caf329cb-0890-45f0-9d61-bebaf12f1fab,high,score_penalized,"Synthetic case for presentation: 1 events observed, severity=high, outcome=score_penalized.",f6269e53-edd2-41c5-9962-ca6194a0f066,"2026-09-15 15:09:00"
230887ce-c9bf-4d02-ab39-a9f1b77518ef,bce6e899-3d73-412a-b279-7301ae5503a7,46a9a5f7-5ceb-4e2f-9c28-77050a835a21,medium,warned,"Synthetic case for presentation: 2 events observed, severity=medium, outcome=warned.",f6269e53-edd2-41c5-9962-ca6194a0f066,"2026-09-16 15:18:00"
3568edf1-151b-432d-a4a9-8714b490beab,bce6e899-3d73-412a-b279-7301ae5503a7,ff5b6e15-dd3a-4cf4-929d-570b83bdfefa,critical,invalidated,"Synthetic case for presentation: 3 events observed, severity=critical, outcome=invalidated.",f6269e53-edd2-41c5-9962-ca6194a0f066,"2026-09-17 15:27:00"
96d6dabc-1070-42f5-a745-9d7ee4666828,bce6e899-3d73-412a-b279-7301ae5503a7,d5292165-f10e-4420-888b-9cba4693fe08,low,pending,"Synthetic case for presentation: 1 events observed, severity=low, outcome=pending.",,
3e572228-a5ab-42a4-b430-19c88bfecc93,cbdc13bf-f0a7-4352-8743-2d187a27aa46,de5f7ee1-96d0-442b-8ad2-ab04433df97a,medium,warned,"Synthetic case for presentation: 2 events observed, severity=medium, outcome=warned.",90b1b286-043f-4b76-92e4-23c74608f5ea,"2026-09-16 15:00:00"
d03a4ddf-ac04-4953-a4c6-fe9346801f33,cbdc13bf-f0a7-4352-8743-2d187a27aa46,198b82e7-8d41-498e-9586-c78f4ad8d55a,critical,invalidated,"Synthetic case for presentation: 3 events observed, severity=critical, outcome=invalidated.",064abef9-fec2-4591-9b6c-41f3487fdcea,"2026-09-17 15:09:00"
aa58aae0-625e-4254-a7a4-e92af84a69b6,cbdc13bf-f0a7-4352-8743-2d187a27aa46,9cb5c43f-426b-4fd3-8feb-0767f9293cb6,low,pending,"Synthetic case for presentation: 1 events observed, severity=low, outcome=pending.",,
c89e5e1c-244e-4f14-b04c-a36e710b0a18,cbdc13bf-f0a7-4352-8743-2d187a27aa46,b84975aa-77aa-429b-8f71-3770c5d2da9b,medium,warned,"Synthetic case for presentation: 2 events observed, severity=medium, outcome=warned.",064abef9-fec2-4591-9b6c-41f3487fdcea,"2026-09-19 15:27:00"
df68ed37-6657-41ed-80c6-1065ac0b9641,cbdc13bf-f0a7-4352-8743-2d187a27aa46,ef837039-eb9e-46f7-98c8-cf34a75e8c98,high,score_penalized,"Synthetic case for presentation: 3 events observed, severity=high, outcome=score_penalized.",90b1b286-043f-4b76-92e4-23c74608f5ea,"2026-08-26 15:36:00"
31b961d6-6ca0-49a7-81e4-143eb8f31a23,6068f340-61bd-46d0-953c-303c1c5230db,1a6b7065-1aed-4545-b20c-8811c19defb2,low,pending,"Synthetic case for presentation: 1 events observed, severity=low, outcome=pending.",,
d72efe15-045a-4efe-a61e-578c3ecb3f69,6068f340-61bd-46d0-953c-303c1c5230db,44c97364-dad1-4f0f-8379-a681e36e1fad,medium,warned,"Synthetic case for presentation: 2 events observed, severity=medium, outcome=warned.",1e23760c-c623-41ae-b9be-f302b4c1082f,"2026-09-19 15:09:00"
833cb2ec-a2c2-4e80-b66e-d5180bbd0f00,6068f340-61bd-46d0-953c-303c1c5230db,35a41d37-fe97-4642-93f5-d3a5126948b0,high,score_penalized,"Synthetic case for presentation: 3 events observed, severity=high, outcome=score_penalized.",1e23760c-c623-41ae-b9be-f302b4c1082f,"2026-08-26 15:18:00"
b891b871-e23c-4bec-a584-dda65ab4b563,6068f340-61bd-46d0-953c-303c1c5230db,042093c3-0557-4357-af2f-5541744bb7bf,low,pending,"Synthetic case for presentation: 1 events observed, severity=low, outcome=pending.",,
b723c624-1ce9-4f2b-950a-d5cff7e286b3,6068f340-61bd-46d0-953c-303c1c5230db,a556d838-3169-41d7-b84e-c8fc91f50a80,high,score_penalized,"Synthetic case for presentation: 2 events observed, severity=high, outcome=score_penalized.",90b1b286-043f-4b76-92e4-23c74608f5ea,"2026-08-28 15:36:00"
b9dc450a-2e05-4f23-8494-9a856436ca82,4c76bc1a-f002-45bb-9a36-90ae5e5d75c6,ae1bd6b5-5ea5-4d24-989e-22258d4a9e29,high,score_penalized,"Synthetic case for presentation: 3 events observed, severity=high, outcome=score_penalized.",90b1b286-043f-4b76-92e4-23c74608f5ea,"2026-08-26 15:00:00"
7bd1e90f-3614-4cd5-a0a4-cb2d2c27d796,4c76bc1a-f002-45bb-9a36-90ae5e5d75c6,ecb01f10-b660-4c8b-a8d0-2286824043b4,low,pending,"Synthetic case for presentation: 1 events observed, severity=low, outcome=pending.",,
9763c1c0-b8a4-43c1-9d4b-7f460dac33b0,4c76bc1a-f002-45bb-9a36-90ae5e5d75c6,c35ac543-ba60-4913-9746-315cbb98bb5a,high,score_penalized,"Synthetic case for presentation: 2 events observed, severity=high, outcome=score_penalized.",3388aaab-25ca-45ed-a8b3-a6b8e106f717,"2026-08-28 15:18:00"
0c59fc27-dcb4-4781-8c6a-1910f3a9179a,4c76bc1a-f002-45bb-9a36-90ae5e5d75c6,6a2e5aa3-1b70-4aae-acd6-8df1a177d8ba,high,score_penalized,"Synthetic case for presentation: 3 events observed, severity=high, outcome=score_penalized.",3388aaab-25ca-45ed-a8b3-a6b8e106f717,"2026-08-29 15:27:00"
700b16e0-2054-4e34-a85f-2184d94fed4b,4c76bc1a-f002-45bb-9a36-90ae5e5d75c6,9a767a4f-f464-49af-845b-8f1fd16bcce7,low,pending,"Synthetic case for presentation: 1 events observed, severity=low, outcome=pending.",,
2aace02b-d3a2-4306-891c-bcf8f1fda9d6,c783609f-d0aa-4c23-8cf4-36265c704256,fb4f3335-a9af-49c5-897b-53a6bb31d9b4,high,score_penalized,"Synthetic case for presentation: 2 events observed, severity=high, outcome=score_penalized.",90b1b286-043f-4b76-92e4-23c74608f5ea,"2026-08-28 15:00:00"
23f5b5d1-8cd3-4161-804e-694b44c8144f,c783609f-d0aa-4c23-8cf4-36265c704256,4123c74a-05b3-4e5e-85e8-5366baf1498d,high,score_penalized,"Synthetic case for presentation: 3 events observed, severity=high, outcome=score_penalized.",1ac6232f-27ac-43a6-b0cf-520c76af4173,"2026-08-29 15:09:00"
dcc5a151-b3b6-415f-986e-b2a189945f8e,c783609f-d0aa-4c23-8cf4-36265c704256,39ad9fcc-4028-4bd1-9c2e-01cae57eac1f,low,pending,"Synthetic case for presentation: 1 events observed, severity=low, outcome=pending.",,
6ad1ccb6-eaa8-4b64-9d76-3c4b984ee6d3,c783609f-d0aa-4c23-8cf4-36265c704256,89292d45-6633-4e3b-a594-4766b65cb1f6,medium,warned,"Synthetic case for presentation: 2 events observed, severity=medium, outcome=warned.",1ac6232f-27ac-43a6-b0cf-520c76af4173,"2026-08-31 15:27:00"
fb2a1f45-b1fd-4f39-a981-70e489ae4b3c,c783609f-d0aa-4c23-8cf4-36265c704256,dd1b96b4-3a8c-41a0-a78b-834b78e5d9b1,high,score_penalized,"Synthetic case for presentation: 3 events observed, severity=high, outcome=score_penalized.",90b1b286-043f-4b76-92e4-23c74608f5ea,"2026-09-01 15:36:00"
b2bcc198-2e42-4824-a70c-291b6ddfa443,0b78887a-1d01-4c85-8592-936273c523bf,8da5f664-7bb3-45c1-94c5-f80de63ce70a,low,pending,"Synthetic case for presentation: 1 events observed, severity=low, outcome=pending.",,
5473f3b2-9266-4212-bea3-82237c6a80c1,0b78887a-1d01-4c85-8592-936273c523bf,7fadbf67-9125-4443-a184-93aa7c58f528,medium,warned,"Synthetic case for presentation: 2 events observed, severity=medium, outcome=warned.",bde39ab9-f73e-46f8-9165-0c5431edf951,"2026-08-31 15:09:00"
afbc87aa-9d9b-4445-ac67-32d908e5c43f,0b78887a-1d01-4c85-8592-936273c523bf,97dd321c-e080-4062-9c9b-a12f42427163,high,score_penalized,"Synthetic case for presentation: 3 events observed, severity=high, outcome=score_penalized.",bde39ab9-f73e-46f8-9165-0c5431edf951,"2026-09-01 15:18:00"
229cb516-6e90-4e56-8046-ac411913050c,0b78887a-1d01-4c85-8592-936273c523bf,83ec59c4-f0dd-44c8-b3bd-91b4642f9c38,high,score_penalized,"Synthetic case for presentation: 1 events observed, severity=high, outcome=score_penalized.",bde39ab9-f73e-46f8-9165-0c5431edf951,"2026-09-02 15:27:00"
3b0ae27f-4dc1-420c-ade4-cadfaa5e3faf,0b78887a-1d01-4c85-8592-936273c523bf,445a3794-4983-4b7d-b849-59152aa613c3,medium,warned,"Synthetic case for presentation: 2 events observed, severity=medium, outcome=warned.",90b1b286-043f-4b76-92e4-23c74608f5ea,"2026-09-03 15:36:00"
a8b8ce2d-eea6-4f62-b664-de17a783c83c,73bd94f3-42e7-4c33-b55b-dc3656a8bce8,ab2d5a4b-f92f-4303-9202-fa6ff358bcb3,high,score_penalized,"Synthetic case for presentation: 3 events observed, severity=high, outcome=score_penalized.",90b1b286-043f-4b76-92e4-23c74608f5ea,"2026-09-01 15:00:00"
29b13c8a-c6b6-4ad8-afc5-98b305a5f28e,73bd94f3-42e7-4c33-b55b-dc3656a8bce8,0e1d751d-3b1d-437b-b515-af3df27187d8,high,score_penalized,"Synthetic case for presentation: 1 events observed, severity=high, outcome=score_penalized.",08770fd2-9351-4adb-a357-9205dd6263bf,"2026-09-02 15:09:00"
3842a2b1-608e-44a5-82f6-b4be6c2dbcc9,73bd94f3-42e7-4c33-b55b-dc3656a8bce8,a504920d-d773-40a3-8551-445c9167645c,medium,warned,"Synthetic case for presentation: 2 events observed, severity=medium, outcome=warned.",08770fd2-9351-4adb-a357-9205dd6263bf,"2026-09-03 15:18:00"
b8ae3a53-ba01-4e29-b125-c9a7ad349e41,73bd94f3-42e7-4c33-b55b-dc3656a8bce8,c30ad074-27c5-45dc-90da-e2c634969107,critical,invalidated,"Synthetic case for presentation: 3 events observed, severity=critical, outcome=invalidated.",08770fd2-9351-4adb-a357-9205dd6263bf,"2026-09-04 15:27:00"
4c5a7b12-0517-425b-879c-b41cfae04f2d,73bd94f3-42e7-4c33-b55b-dc3656a8bce8,30104780-a03e-4bfd-a760-cce00222511a,low,pending,"Synthetic case for presentation: 1 events observed, severity=low, outcome=pending.",,
c93efc71-23e0-4945-bbb4-61f0c7a45bd5,eb70bde4-dc8b-4f6e-88b8-7ac4fb12d0e8,02b9b15c-cea4-4c46-a862-a7f421bdabd9,medium,warned,"Synthetic case for presentation: 2 events observed, severity=medium, outcome=warned.",90b1b286-043f-4b76-92e4-23c74608f5ea,"2026-09-03 15:00:00"
74cc8fbb-980e-4388-b0d0-38d06b97caf0,eb70bde4-dc8b-4f6e-88b8-7ac4fb12d0e8,d8bd259b-1368-411a-ad2e-6efd33bc5ebb,critical,invalidated,"Synthetic case for presentation: 3 events observed, severity=critical, outcome=invalidated.",0d817e34-94ee-464e-bb59-032d47ff00e8,"2026-09-04 15:09:00"
6fdaa613-1c76-42ba-aea3-9dc2dbe9b38d,eb70bde4-dc8b-4f6e-88b8-7ac4fb12d0e8,219a889e-ac32-4b70-b57f-ecebb90bebd8,low,pending,"Synthetic case for presentation: 1 events observed, severity=low, outcome=pending.",,
5cd23789-bb2f-4bd2-9a8d-b57b8154cadc,eb70bde4-dc8b-4f6e-88b8-7ac4fb12d0e8,ed8b129f-b2a3-494e-8e93-46a3bad0b150,medium,warned,"Synthetic case for presentation: 2 events observed, severity=medium, outcome=warned.",0d817e34-94ee-464e-bb59-032d47ff00e8,"2026-09-06 15:27:00"
5b67ed74-09b0-446d-a817-80f6105be29f,eb70bde4-dc8b-4f6e-88b8-7ac4fb12d0e8,ac450422-b897-4284-927a-24ba2eba2db3,high,score_penalized,"Synthetic case for presentation: 3 events observed, severity=high, outcome=score_penalized.",90b1b286-043f-4b76-92e4-23c74608f5ea,"2026-09-07 15:36:00"
912bbb93-9b6b-4dbd-a746-626636a53e6a,942c72c0-69f3-462c-8a87-cff6602cfb1d,18910ae2-fb36-45d3-818b-e978879d303a,low,pending,"Synthetic case for presentation: 1 events observed, severity=low, outcome=pending.",,
bbfd0d80-3424-4eb0-9f95-329f4ecab77f,942c72c0-69f3-462c-8a87-cff6602cfb1d,6bbce922-107c-4b0a-8d21-76dead4c7903,medium,warned,"Synthetic case for presentation: 2 events observed, severity=medium, outcome=warned.",274ed1f6-fd27-426f-992a-371590292dea,"2026-09-06 15:09:00"
40ec52f0-4585-4e96-91fd-b12f4300418a,942c72c0-69f3-462c-8a87-cff6602cfb1d,634a0433-d79b-449e-b0c1-004b6d4a53bf,high,score_penalized,"Synthetic case for presentation: 3 events observed, severity=high, outcome=score_penalized.",274ed1f6-fd27-426f-992a-371590292dea,"2026-09-07 15:18:00"
656fda82-636d-41dd-89a6-b1161e9f6122,942c72c0-69f3-462c-8a87-cff6602cfb1d,66964a2d-9218-4c28-ad65-61176c7fe459,low,pending,"Synthetic case for presentation: 1 events observed, severity=low, outcome=pending.",,
2bace7bb-5ece-4dd7-89e2-3826aa3ce5f8,942c72c0-69f3-462c-8a87-cff6602cfb1d,2bc1cda8-2c33-4bae-b725-4e9a5d2d25dd,high,score_penalized,"Synthetic case for presentation: 2 events observed, severity=high, outcome=score_penalized.",90b1b286-043f-4b76-92e4-23c74608f5ea,"2026-09-09 15:36:00"
113262f7-5a77-4e81-bad9-f141db57a307,9badc1db-a489-4200-bf6e-19db0eea8558,63167ac6-39d5-4ee1-98c6-84486a3d1324,high,score_penalized,"Synthetic case for presentation: 3 events observed, severity=high, outcome=score_penalized.",90b1b286-043f-4b76-92e4-23c74608f5ea,"2026-09-07 15:00:00"
68f24800-995a-4a0c-8810-f767877c3b2f,9badc1db-a489-4200-bf6e-19db0eea8558,dc10168d-815b-47ce-bcee-59c04af02126,low,pending,"Synthetic case for presentation: 1 events observed, severity=low, outcome=pending.",,
eccb0359-0c52-415b-b68b-d9a5f7460733,9badc1db-a489-4200-bf6e-19db0eea8558,f7bb2dcc-a43e-4ec6-b089-b10bc052132d,high,score_penalized,"Synthetic case for presentation: 2 events observed, severity=high, outcome=score_penalized.",1b27014c-c356-48da-86db-86108248bf06,"2026-09-09 15:18:00"
f7a6c9e4-41a4-4b11-84f0-0c3d6983f913,9badc1db-a489-4200-bf6e-19db0eea8558,b2717253-3eeb-407a-b8b9-3bcf665b0323,high,score_penalized,"Synthetic case for presentation: 3 events observed, severity=high, outcome=score_penalized.",1b27014c-c356-48da-86db-86108248bf06,"2026-09-10 15:27:00"
3096f384-a31e-4666-ac1b-385b8bb6b70f,9badc1db-a489-4200-bf6e-19db0eea8558,bdf6e743-f264-449c-acbe-8eb66d676ec8,low,pending,"Synthetic case for presentation: 1 events observed, severity=low, outcome=pending.",,
c56ce5cb-15d3-4724-be6f-d5e26873e29b,6a9d1e1f-037b-4242-94d7-9a585feb6d32,b00414eb-434d-493b-bd32-4b3b6a53b751,high,score_penalized,"Synthetic case for presentation: 2 events observed, severity=high, outcome=score_penalized.",90b1b286-043f-4b76-92e4-23c74608f5ea,"2026-09-09 15:00:00"
e728608a-8b1e-4e26-9df5-7d443abd04ee,6a9d1e1f-037b-4242-94d7-9a585feb6d32,fce6e1da-737d-43c2-a3ae-f8879b62bb92,high,score_penalized,"Synthetic case for presentation: 3 events observed, severity=high, outcome=score_penalized.",62d91afb-21de-4c5d-b160-dce40033e19a,"2026-09-10 15:09:00"
a7ecae36-378e-4199-b022-03c5498e8a8b,6a9d1e1f-037b-4242-94d7-9a585feb6d32,ef498396-2c70-4480-8bb0-9a33aac64e85,low,pending,"Synthetic case for presentation: 1 events observed, severity=low, outcome=pending.",,
80b967ab-0441-4119-ae18-4ff32e4f4e79,6a9d1e1f-037b-4242-94d7-9a585feb6d32,9ab4637b-dd3b-426b-ae7d-8e325ec7d33d,medium,warned,"Synthetic case for presentation: 2 events observed, severity=medium, outcome=warned.",62d91afb-21de-4c5d-b160-dce40033e19a,"2026-09-12 15:27:00"
85bcb406-7235-4a63-991e-f06139643536,6a9d1e1f-037b-4242-94d7-9a585feb6d32,823352af-e47a-40d6-a376-54f45cab25c5,high,score_penalized,"Synthetic case for presentation: 3 events observed, severity=high, outcome=score_penalized.",90b1b286-043f-4b76-92e4-23c74608f5ea,"2026-09-13 15:36:00"
4c131d3a-2389-447e-8061-9716d117f97e,f28e9a92-37a6-4b28-8e22-9ababb141a2c,9db3a63e-9bef-427a-9f43-60636e15c01c,low,pending,"Synthetic case for presentation: 1 events observed, severity=low, outcome=pending.",,
ac6ffcbc-2be6-42b7-b18f-ea26bb3ac5ec,f28e9a92-37a6-4b28-8e22-9ababb141a2c,297e8726-56d6-4a45-a7dd-451dac675db4,medium,warned,"Synthetic case for presentation: 2 events observed, severity=medium, outcome=warned.",9df7a259-9e64-427d-9a6a-52d4c51436c9,"2026-09-12 15:09:00"
9585eacb-0833-4232-85f4-f16e7acfdc40,f28e9a92-37a6-4b28-8e22-9ababb141a2c,15aefbfc-dcaf-4652-ae4c-24dbc75660e5,high,score_penalized,"Synthetic case for presentation: 3 events observed, severity=high, outcome=score_penalized.",9df7a259-9e64-427d-9a6a-52d4c51436c9,"2026-09-13 15:18:00"
df659eae-6db3-4ec9-8be4-9156d8266c0b,f28e9a92-37a6-4b28-8e22-9ababb141a2c,bff09bd4-4afc-4e6d-b524-d70216e6ebcb,high,score_penalized,"Synthetic case for presentation: 1 events observed, severity=high, outcome=score_penalized.",9df7a259-9e64-427d-9a6a-52d4c51436c9,"2026-09-14 15:27:00"
17eded5c-f674-4d0e-8290-fd6e80d27679,f28e9a92-37a6-4b28-8e22-9ababb141a2c,0d62a222-1189-4c4f-8d3a-069dcae6139f,medium,warned,"Synthetic case for presentation: 2 events observed, severity=medium, outcome=warned.",90b1b286-043f-4b76-92e4-23c74608f5ea,"2026-09-15 15:36:00"
c5a94ec7-c305-4666-a6f9-aea76a626315,7def4b45-8811-43c6-bd42-750278723666,3c68e454-91df-410d-94da-c772f2feebc0,high,score_penalized,"Synthetic case for presentation: 3 events observed, severity=high, outcome=score_penalized.",90b1b286-043f-4b76-92e4-23c74608f5ea,"2026-09-13 15:00:00"
fb13ee16-3463-49c1-aae8-22e8ddaca904,7def4b45-8811-43c6-bd42-750278723666,8d67d4cf-09b4-497d-820a-20e9edf619f6,high,score_penalized,"Synthetic case for presentation: 1 events observed, severity=high, outcome=score_penalized.",ae83af65-d5a6-461c-8459-6b74617a9584,"2026-09-14 15:09:00"
ba671e43-42bc-4af0-9424-118afa0ccf42,7def4b45-8811-43c6-bd42-750278723666,1a8ea483-1721-4194-bde7-dee5368d73db,medium,warned,"Synthetic case for presentation: 2 events observed, severity=medium, outcome=warned.",ae83af65-d5a6-461c-8459-6b74617a9584,"2026-09-15 15:18:00"
b454ce4b-eb86-48bb-9b18-34608f87c0ef,7def4b45-8811-43c6-bd42-750278723666,2d9b15ed-edee-4f2e-ac4c-0c3b1bb9940d,critical,invalidated,"Synthetic case for presentation: 3 events observed, severity=critical, outcome=invalidated.",ae83af65-d5a6-461c-8459-6b74617a9584,"2026-09-16 15:27:00"
3de9e326-f8b4-437c-90eb-2b419464fd23,7def4b45-8811-43c6-bd42-750278723666,eb3d0c73-2ebb-43bc-9a3a-60e7e571adcd,low,pending,"Synthetic case for presentation: 1 events observed, severity=low, outcome=pending.",,
5f710d18-46f9-4d88-aee4-63dbfdb4d0f5,35140e1a-cf4d-47a5-acfb-5b0a46ceffa5,c3e67d74-8688-40e4-9026-ad06e149d91a,medium,warned,"Synthetic case for presentation: 2 events observed, severity=medium, outcome=warned.",90b1b286-043f-4b76-92e4-23c74608f5ea,"2026-09-15 15:00:00"
51d13347-7470-4258-9da3-8bc2def12a8c,35140e1a-cf4d-47a5-acfb-5b0a46ceffa5,be675891-2215-4cf6-bdd3-6094bb966f5f,critical,invalidated,"Synthetic case for presentation: 3 events observed, severity=critical, outcome=invalidated.",a8417d66-6d5f-497b-a7ad-0b771022f7a8,"2026-09-16 15:09:00"
900aa701-7eb9-4d8d-99b4-baaa1ce64060,35140e1a-cf4d-47a5-acfb-5b0a46ceffa5,09eb6562-cbb2-4faf-becc-8bcdc2f0c863,low,pending,"Synthetic case for presentation: 1 events observed, severity=low, outcome=pending.",,
01c435bd-7f2a-4014-bd33-a65e8ae9b79c,35140e1a-cf4d-47a5-acfb-5b0a46ceffa5,eca73c9b-aed8-4775-82f8-4468b4410078,medium,warned,"Synthetic case for presentation: 2 events observed, severity=medium, outcome=warned.",a8417d66-6d5f-497b-a7ad-0b771022f7a8,"2026-09-18 15:27:00"
53361798-251e-4f0d-a038-fcbf6ca94179,35140e1a-cf4d-47a5-acfb-5b0a46ceffa5,c81903cd-7f2f-4378-8df4-238b980f18ab,high,score_penalized,"Synthetic case for presentation: 3 events observed, severity=high, outcome=score_penalized.",90b1b286-043f-4b76-92e4-23c74608f5ea,"2026-09-19 15:36:00"
6817deb4-78dd-47cb-87a2-31db22dd7b6e,c9cb8d21-b77d-458f-b957-9be477a4f13f,e85e14da-89cf-4684-8102-3b8da8fc8ec3,low,pending,"Synthetic case for presentation: 1 events observed, severity=low, outcome=pending.",,
6eeeadeb-7080-46cc-9e22-78c3ea6ef06f,c9cb8d21-b77d-458f-b957-9be477a4f13f,dd08825a-b9c1-4d8e-aea1-146ed3570416,medium,warned,"Synthetic case for presentation: 2 events observed, severity=medium, outcome=warned.",2d494c7d-c3ea-4a6a-b6c0-0a14e9aabf98,"2026-09-18 15:09:00"
8de70597-f464-4f73-a71f-1b2485089d3a,c9cb8d21-b77d-458f-b957-9be477a4f13f,3558f3b6-c526-4a89-a583-0359072b0cbd,high,score_penalized,"Synthetic case for presentation: 3 events observed, severity=high, outcome=score_penalized.",2d494c7d-c3ea-4a6a-b6c0-0a14e9aabf98,"2026-09-19 15:18:00"
9aff8d08-fa13-4afb-9221-32e82e7916dc,c9cb8d21-b77d-458f-b957-9be477a4f13f,32c70952-fbec-44e6-9ca6-93603c5c827f,low,pending,"Synthetic case for presentation: 1 events observed, severity=low, outcome=pending.",,
bf3a0f4f-7bf4-4b47-91a6-cc8db1b9b14b,c9cb8d21-b77d-458f-b957-9be477a4f13f,7668abff-6225-4c31-bb1d-b984186bb6a8,high,score_penalized,"Synthetic case for presentation: 2 events observed, severity=high, outcome=score_penalized.",90b1b286-043f-4b76-92e4-23c74608f5ea,"2026-08-27 15:36:00"
6149bf1f-d40f-4463-95b9-85fded34c8a4,aafb2a74-987f-4fde-a4b7-4d1a68abee4b,877dc7cf-e557-47a0-b13b-b68e5fee8408,high,score_penalized,"Synthetic case for presentation: 3 events observed, severity=high, outcome=score_penalized.",90b1b286-043f-4b76-92e4-23c74608f5ea,"2026-09-19 15:00:00"
89b88294-0c27-4cc5-9f06-7563734bb771,aafb2a74-987f-4fde-a4b7-4d1a68abee4b,b5f1a7e3-4af0-46ac-b044-889cb4a0c9a9,low,pending,"Synthetic case for presentation: 1 events observed, severity=low, outcome=pending.",,
b99f27fb-91d8-4ad5-ac5d-d472b12a78f6,aafb2a74-987f-4fde-a4b7-4d1a68abee4b,b0aef00f-a9c1-4aaf-824a-50955de78622,high,score_penalized,"Synthetic case for presentation: 2 events observed, severity=high, outcome=score_penalized.",515b56da-737a-4e4b-b6b1-f309284c6822,"2026-08-27 15:18:00"
66db0ac0-4958-4f61-bede-6761f70c0bbe,aafb2a74-987f-4fde-a4b7-4d1a68abee4b,541f3b4b-05e3-4479-952c-732cc186969f,high,score_penalized,"Synthetic case for presentation: 3 events observed, severity=high, outcome=score_penalized.",515b56da-737a-4e4b-b6b1-f309284c6822,"2026-08-28 15:27:00"
6a9802f4-380e-4c0c-95d5-4c098845df14,aafb2a74-987f-4fde-a4b7-4d1a68abee4b,b83f6ef0-6b95-4586-b346-906db844b78e,low,pending,"Synthetic case for presentation: 1 events observed, severity=low, outcome=pending.",,
7469ff1b-3f9e-4b1b-9a9c-2549634d591a,2d679582-fa8f-4cfe-9e66-b76b6f0c866b,19cb4a9e-b5ca-4d9a-8d58-30f497a06531,high,score_penalized,"Synthetic case for presentation: 2 events observed, severity=high, outcome=score_penalized.",90b1b286-043f-4b76-92e4-23c74608f5ea,"2026-08-27 15:00:00"
bc61139c-d7af-468c-ab13-4a7a27f56120,2d679582-fa8f-4cfe-9e66-b76b6f0c866b,47037ce1-c301-4ae3-84dd-ee31326f824d,high,score_penalized,"Synthetic case for presentation: 3 events observed, severity=high, outcome=score_penalized.",341f77a1-b2a8-4f85-9066-79ffbe262481,"2026-08-28 15:09:00"
eaa18efb-7d0d-43fc-9f81-c8e7f87e8211,2d679582-fa8f-4cfe-9e66-b76b6f0c866b,5dbd2f54-af09-4fd2-8308-7304019ef786,low,pending,"Synthetic case for presentation: 1 events observed, severity=low, outcome=pending.",,
2bed2b55-f135-4f2e-bec5-3be69976ec2a,2d679582-fa8f-4cfe-9e66-b76b6f0c866b,be3a6f49-ba10-4d12-b238-e32de11758e9,medium,warned,"Synthetic case for presentation: 2 events observed, severity=medium, outcome=warned.",341f77a1-b2a8-4f85-9066-79ffbe262481,"2026-08-30 15:27:00"
f73d4d7c-80ed-4073-b5b3-c7ec5ab12d40,2d679582-fa8f-4cfe-9e66-b76b6f0c866b,173a4ddc-8a48-44ba-b557-bebbfd0c2f21,high,score_penalized,"Synthetic case for presentation: 3 events observed, severity=high, outcome=score_penalized.",90b1b286-043f-4b76-92e4-23c74608f5ea,"2026-08-31 15:36:00"
705d3e31-29c7-4267-afff-5b3cb020d4f3,345de539-e70c-4062-921f-a9d09877f371,e7c7c339-183e-42b9-a506-7e669ca1bdac,low,pending,"Synthetic case for presentation: 1 events observed, severity=low, outcome=pending.",,
210d6f35-22b8-4a49-b52e-f899e840647f,345de539-e70c-4062-921f-a9d09877f371,090a9172-b331-41c1-8a6f-b86dbddf72c4,medium,warned,"Synthetic case for presentation: 2 events observed, severity=medium, outcome=warned.",2d6e67f3-642a-4fce-b682-48964f7b7320,"2026-08-30 15:09:00"
1f3a75ba-640e-406d-ac27-a3be3b43dcfd,345de539-e70c-4062-921f-a9d09877f371,97e928c9-08dd-4004-90e5-16cd4d4913cc,high,score_penalized,"Synthetic case for presentation: 3 events observed, severity=high, outcome=score_penalized.",2d6e67f3-642a-4fce-b682-48964f7b7320,"2026-08-31 15:18:00"
c30d7b6d-a9d9-4965-b0e3-c9df56d38783,345de539-e70c-4062-921f-a9d09877f371,af90aee3-0fd9-4a8a-92e3-bc9e61848d1f,high,score_penalized,"Synthetic case for presentation: 1 events observed, severity=high, outcome=score_penalized.",2d6e67f3-642a-4fce-b682-48964f7b7320,"2026-09-01 15:27:00"
62b31d63-d044-482c-941f-fa5394db86f6,345de539-e70c-4062-921f-a9d09877f371,0b19b2da-08e6-4b92-a5df-fb2971477e72,medium,warned,"Synthetic case for presentation: 2 events observed, severity=medium, outcome=warned.",90b1b286-043f-4b76-92e4-23c74608f5ea,"2026-09-02 15:36:00"
b03fde79-cb7e-4187-b7e4-853c2312523b,ed2ae9e2-cb77-4941-a46b-f5e46cabcef2,8350aa8c-6e71-4016-99fa-4448fd5b3834,high,score_penalized,"Synthetic case for presentation: 3 events observed, severity=high, outcome=score_penalized.",90b1b286-043f-4b76-92e4-23c74608f5ea,"2026-08-31 15:00:00"
bb2f4874-a760-4922-b205-025bf5ea1448,ed2ae9e2-cb77-4941-a46b-f5e46cabcef2,b52e9922-7c7a-4a61-b081-7240e5593df9,high,score_penalized,"Synthetic case for presentation: 1 events observed, severity=high, outcome=score_penalized.",8fedf8ad-a955-41ee-9573-df05fadfa503,"2026-09-01 15:09:00"
b70cfca1-99a0-4ac6-80f3-2f5321784ef3,ed2ae9e2-cb77-4941-a46b-f5e46cabcef2,0b112d98-9a07-4c38-8ce2-9dfb1f61e0b5,medium,warned,"Synthetic case for presentation: 2 events observed, severity=medium, outcome=warned.",8fedf8ad-a955-41ee-9573-df05fadfa503,"2026-09-02 15:18:00"
649f36e1-c083-401d-bc99-21d11c69fafd,ed2ae9e2-cb77-4941-a46b-f5e46cabcef2,44ef2818-4d51-4a11-a494-fc7ec6766abc,critical,invalidated,"Synthetic case for presentation: 3 events observed, severity=critical, outcome=invalidated.",8fedf8ad-a955-41ee-9573-df05fadfa503,"2026-09-03 15:27:00"
de6367bf-bc71-4826-8d0f-383433463ea6,ed2ae9e2-cb77-4941-a46b-f5e46cabcef2,00806a80-6872-4362-af1b-9ea15ad81af9,low,pending,"Synthetic case for presentation: 1 events observed, severity=low, outcome=pending.",,
e6c0488e-589b-48ae-836d-c84103ea9f6a,6816d0ab-e4c6-4384-a831-9c31160ee41a,63f35f9c-fe94-47f5-99e2-2c04482c50d9,medium,warned,"Synthetic case for presentation: 2 events observed, severity=medium, outcome=warned.",90b1b286-043f-4b76-92e4-23c74608f5ea,"2026-09-02 15:00:00"
0ad036ef-d3b2-4af6-a2bc-69742f636c28,6816d0ab-e4c6-4384-a831-9c31160ee41a,8b98a623-d825-4506-87e8-0f363c69e5a0,critical,invalidated,"Synthetic case for presentation: 3 events observed, severity=critical, outcome=invalidated.",24523668-8094-4cfd-a7da-2d5eabd90b19,"2026-09-03 15:09:00"
fe61cb36-4d2f-40f2-a4f1-44c96d964da6,6816d0ab-e4c6-4384-a831-9c31160ee41a,93543a86-924c-4e33-830f-5b1a14d0f776,low,pending,"Synthetic case for presentation: 1 events observed, severity=low, outcome=pending.",,
1bf039ff-b032-41bf-9aab-a28fdb7be845,6816d0ab-e4c6-4384-a831-9c31160ee41a,96174a79-c911-412f-b0a2-5380c928e847,medium,warned,"Synthetic case for presentation: 2 events observed, severity=medium, outcome=warned.",24523668-8094-4cfd-a7da-2d5eabd90b19,"2026-09-05 15:27:00"
9998ff88-c57e-4c50-a611-43b77b5965a5,6816d0ab-e4c6-4384-a831-9c31160ee41a,a173a395-eb18-4dfe-a94f-1cdfc448c430,high,score_penalized,"Synthetic case for presentation: 3 events observed, severity=high, outcome=score_penalized.",90b1b286-043f-4b76-92e4-23c74608f5ea,"2026-09-06 15:36:00"
a872a5bf-6a61-4b6e-88d4-2d6dbfbdc2c6,93e2088c-3fe1-479c-89e4-09acf85aee34,55ee2ab4-7845-42da-8dc4-2792f5c717c2,low,pending,"Synthetic case for presentation: 1 events observed, severity=low, outcome=pending.",,
f3c6eaf8-cd95-43fd-8ee8-5e2e13b395c4,93e2088c-3fe1-479c-89e4-09acf85aee34,4b0ec22f-5e7c-45c5-b320-7e68dc6e6579,medium,warned,"Synthetic case for presentation: 2 events observed, severity=medium, outcome=warned.",c22374ca-4ebb-47df-a6be-0d3d86edbb7d,"2026-09-05 15:09:00"
9d78d908-9cf0-4752-bb50-03d5eb28741c,93e2088c-3fe1-479c-89e4-09acf85aee34,4509bc05-0449-4a7e-8b8f-36d50038fd21,high,score_penalized,"Synthetic case for presentation: 3 events observed, severity=high, outcome=score_penalized.",c22374ca-4ebb-47df-a6be-0d3d86edbb7d,"2026-09-06 15:18:00"
3797f3f3-947e-4b06-921c-160391424955,93e2088c-3fe1-479c-89e4-09acf85aee34,a8cede14-e33d-4fb6-8270-39e34d5b284b,low,pending,"Synthetic case for presentation: 1 events observed, severity=low, outcome=pending.",,
b53d84dd-84c7-4926-9602-9d9727ea35e5,93e2088c-3fe1-479c-89e4-09acf85aee34,325f8f44-b6a3-4245-85a6-d380569fb2ee,high,score_penalized,"Synthetic case for presentation: 2 events observed, severity=high, outcome=score_penalized.",90b1b286-043f-4b76-92e4-23c74608f5ea,"2026-09-08 15:36:00"
3541a384-95d6-4f70-bab1-45da31ee91bb,8043589b-7567-4afb-8a65-19f199b0b027,21020a73-cb3a-4f3a-ac33-0d559e432fe5,high,score_penalized,"Synthetic case for presentation: 3 events observed, severity=high, outcome=score_penalized.",90b1b286-043f-4b76-92e4-23c74608f5ea,"2026-09-06 15:00:00"
746f19b1-5838-4e14-bba6-51228db1961e,8043589b-7567-4afb-8a65-19f199b0b027,69c5539d-e7a8-415c-be46-899a91b605e1,low,pending,"Synthetic case for presentation: 1 events observed, severity=low, outcome=pending.",,
b22769d8-dd5d-4aaa-b50e-085370476d5f,8043589b-7567-4afb-8a65-19f199b0b027,c3fc332c-8fdb-4634-8c99-9d571e81d0bd,high,score_penalized,"Synthetic case for presentation: 2 events observed, severity=high, outcome=score_penalized.",1ab07c72-bee1-4576-bed7-705e9c946e92,"2026-09-08 15:18:00"
2822c006-e7a9-43e5-88a4-c4993eac3a7c,8043589b-7567-4afb-8a65-19f199b0b027,1ed0251f-ab96-498d-9b83-45e942585fda,high,score_penalized,"Synthetic case for presentation: 3 events observed, severity=high, outcome=score_penalized.",1ab07c72-bee1-4576-bed7-705e9c946e92,"2026-09-09 15:27:00"
255aa8d4-ed77-43be-8e53-1efecbc32276,8043589b-7567-4afb-8a65-19f199b0b027,4ae48306-e5ba-4a96-89a9-a3828dce0373,low,pending,"Synthetic case for presentation: 1 events observed, severity=low, outcome=pending.",,
9ecfadeb-030b-494c-947c-855fccfba912,ef546622-ccc6-4ec5-9392-eb8296903ee6,e1bc4eba-c818-4ccd-be86-0efe334c3e3d,high,score_penalized,"Synthetic case for presentation: 2 events observed, severity=high, outcome=score_penalized.",90b1b286-043f-4b76-92e4-23c74608f5ea,"2026-09-08 15:00:00"
67e48f90-c7c9-4f73-9ca3-2f86ae81b46e,ef546622-ccc6-4ec5-9392-eb8296903ee6,48e7acfc-92db-434f-bd44-b16979e031ed,high,score_penalized,"Synthetic case for presentation: 3 events observed, severity=high, outcome=score_penalized.",fef7cb01-ce35-456b-b6a0-1acd85128358,"2026-09-09 15:09:00"
050bfd54-5238-4934-92a1-74cd1d5b28d5,ef546622-ccc6-4ec5-9392-eb8296903ee6,baabbc26-6c75-4106-a16a-ebbda5baac00,low,pending,"Synthetic case for presentation: 1 events observed, severity=low, outcome=pending.",,
8aefdb08-ae37-4f58-be83-30c78d5d17fc,ef546622-ccc6-4ec5-9392-eb8296903ee6,3bcad699-80d4-4e9c-94dd-79372a6a914f,medium,warned,"Synthetic case for presentation: 2 events observed, severity=medium, outcome=warned.",fef7cb01-ce35-456b-b6a0-1acd85128358,"2026-09-11 15:27:00"
31fbc5f9-b807-485a-aa65-14116207bb95,ef546622-ccc6-4ec5-9392-eb8296903ee6,7e77af00-f087-480d-b084-1550daa7c973,high,score_penalized,"Synthetic case for presentation: 3 events observed, severity=high, outcome=score_penalized.",90b1b286-043f-4b76-92e4-23c74608f5ea,"2026-09-12 15:36:00"
75daaded-9214-44c1-af9c-226ad089b7f4,25ce2016-9bc1-477a-b47f-80dd070e780b,d0896b17-1ae3-49f7-bf4e-07d35c30df47,low,pending,"Synthetic case for presentation: 1 events observed, severity=low, outcome=pending.",,
acc4cc04-66a8-4fe2-ba70-264110f5aad3,25ce2016-9bc1-477a-b47f-80dd070e780b,54606c7b-564d-4f40-b761-c04d889d7942,medium,warned,"Synthetic case for presentation: 2 events observed, severity=medium, outcome=warned.",3d9de84c-28e3-4b5b-944b-c355250c6ff3,"2026-09-11 15:09:00"
801bbb93-bb1f-4cb3-87c9-0d0a2a06f22c,25ce2016-9bc1-477a-b47f-80dd070e780b,12d79397-486c-4f91-b241-2531b6dd8fd3,high,score_penalized,"Synthetic case for presentation: 3 events observed, severity=high, outcome=score_penalized.",3d9de84c-28e3-4b5b-944b-c355250c6ff3,"2026-09-12 15:18:00"
7ac5461c-00a8-447c-b6c7-fcbff7d2e88a,25ce2016-9bc1-477a-b47f-80dd070e780b,545732a9-e029-4b8e-9831-a935cdf9c9a8,high,score_penalized,"Synthetic case for presentation: 1 events observed, severity=high, outcome=score_penalized.",3d9de84c-28e3-4b5b-944b-c355250c6ff3,"2026-09-13 15:27:00"
2fd16a3b-93a9-41cc-810e-10834f9ac10c,25ce2016-9bc1-477a-b47f-80dd070e780b,a61e0745-e812-4329-be8f-8f531f989ad0,medium,warned,"Synthetic case for presentation: 2 events observed, severity=medium, outcome=warned.",90b1b286-043f-4b76-92e4-23c74608f5ea,"2026-09-14 15:36:00"
2e58f2cc-c04a-4839-a7cd-d61c467e1823,cfbc6d98-e289-4158-bf81-ff2b088c0857,8bb76231-0bd1-4d5d-8536-b53e28187098,high,score_penalized,"Synthetic case for presentation: 3 events observed, severity=high, outcome=score_penalized.",90b1b286-043f-4b76-92e4-23c74608f5ea,"2026-09-12 15:00:00"
b778471c-9db5-42d1-97d2-387beb1e2b8f,cfbc6d98-e289-4158-bf81-ff2b088c0857,bb71597f-d78e-41f5-9962-a4b0e8ed7da8,high,score_penalized,"Synthetic case for presentation: 1 events observed, severity=high, outcome=score_penalized.",ebdb9522-b064-43e0-97cf-a100756c89df,"2026-09-13 15:09:00"
af3ad4b9-0a45-42cd-aaa7-9f38ebbc2610,cfbc6d98-e289-4158-bf81-ff2b088c0857,9e5d2e20-8c85-48ba-9169-cd23f28d3f4f,medium,warned,"Synthetic case for presentation: 2 events observed, severity=medium, outcome=warned.",ebdb9522-b064-43e0-97cf-a100756c89df,"2026-09-14 15:18:00"
79bb4603-01db-4f0e-aacb-5cd2693c333c,cfbc6d98-e289-4158-bf81-ff2b088c0857,d76601af-05c8-4444-b60d-2adf7d4e6a6a,critical,invalidated,"Synthetic case for presentation: 3 events observed, severity=critical, outcome=invalidated.",ebdb9522-b064-43e0-97cf-a100756c89df,"2026-09-15 15:27:00"
14e59f9e-7469-422f-ad36-bac2229013e9,cfbc6d98-e289-4158-bf81-ff2b088c0857,b1144de5-7713-42b2-964c-70eb58960079,low,pending,"Synthetic case for presentation: 1 events observed, severity=low, outcome=pending.",,
4a702355-a743-4ae0-bcc6-9529b8fa814d,5431b469-0876-48c4-9c3e-608e9169f745,b3b89e27-df52-484b-bf9d-c5a331b90d96,medium,warned,"Synthetic case for presentation: 2 events observed, severity=medium, outcome=warned.",90b1b286-043f-4b76-92e4-23c74608f5ea,"2026-09-14 15:00:00"
c4c25135-5ece-4c24-8f9e-d5a6a155cc4b,5431b469-0876-48c4-9c3e-608e9169f745,796087af-b3e6-48f1-b916-b0fde9d3bb60,critical,invalidated,"Synthetic case for presentation: 3 events observed, severity=critical, outcome=invalidated.",c38461e0-40de-4475-9fa9-6d0490a7ac65,"2026-09-15 15:09:00"
7a41425a-06c6-4b8b-86af-1371517cc7b5,5431b469-0876-48c4-9c3e-608e9169f745,8f729b27-88f7-4777-b3b3-f01abb0e4daa,low,pending,"Synthetic case for presentation: 1 events observed, severity=low, outcome=pending.",,
e3596efe-686b-4fff-8a81-3ee0ac86ca0f,5431b469-0876-48c4-9c3e-608e9169f745,1fa2ecf4-902d-4d07-bba9-2c5f966f7bae,medium,warned,"Synthetic case for presentation: 2 events observed, severity=medium, outcome=warned.",c38461e0-40de-4475-9fa9-6d0490a7ac65,"2026-09-17 15:27:00"
c8e87ae7-cdc4-40cb-a5d3-400f344075a4,5431b469-0876-48c4-9c3e-608e9169f745,6b0fc8e9-c839-411f-a23e-d20e71c4038d,high,score_penalized,"Synthetic case for presentation: 3 events observed, severity=high, outcome=score_penalized.",90b1b286-043f-4b76-92e4-23c74608f5ea,"2026-09-18 15:36:00"
b8a3a138-b689-44ba-904b-6afa292661ad,22ab968d-f084-40b1-bcfe-b47c78991957,7cd21221-84b3-4d9c-bed3-c51324bbc7e2,low,pending,"Synthetic case for presentation: 1 events observed, severity=low, outcome=pending.",,
21910d3c-52d2-4260-88d5-40607d1319f5,22ab968d-f084-40b1-bcfe-b47c78991957,2b52dd7c-2559-4e69-978c-e828325a3039,medium,warned,"Synthetic case for presentation: 2 events observed, severity=medium, outcome=warned.",fae260b8-fcb2-4afc-b1cd-32d7f68194e3,"2026-09-17 15:09:00"
b5c4e361-eefe-4ec9-85cd-5616f1c65e48,22ab968d-f084-40b1-bcfe-b47c78991957,238ccacb-e7db-4207-9bb7-b2b986edee5a,high,score_penalized,"Synthetic case for presentation: 3 events observed, severity=high, outcome=score_penalized.",fae260b8-fcb2-4afc-b1cd-32d7f68194e3,"2026-09-18 15:18:00"
633bb866-6c15-49b1-afe3-692e5c73ed33,22ab968d-f084-40b1-bcfe-b47c78991957,16c4bc47-0442-4600-a4e5-13f12f3779d3,low,pending,"Synthetic case for presentation: 1 events observed, severity=low, outcome=pending.",,
be988bb6-7343-4373-8980-747135bc3643,22ab968d-f084-40b1-bcfe-b47c78991957,b02a0efc-cc77-4cde-8ae3-f6b355750196,high,score_penalized,"Synthetic case for presentation: 2 events observed, severity=high, outcome=score_penalized.",90b1b286-043f-4b76-92e4-23c74608f5ea,"2026-08-26 15:36:00"
7944fe00-8bb0-4381-b8ed-421b29a4d931,8df4dd38-8787-40d0-aa08-3b8d1f291927,a51cf7b3-d74c-4cae-8348-b620fc39e96f,high,score_penalized,"Synthetic case for presentation: 3 events observed, severity=high, outcome=score_penalized.",90b1b286-043f-4b76-92e4-23c74608f5ea,"2026-09-18 15:00:00"
e70c00ec-5d92-4d3b-9ceb-dc60330af0ad,8df4dd38-8787-40d0-aa08-3b8d1f291927,68ea62a7-183f-4529-84f9-23e286d221c9,low,pending,"Synthetic case for presentation: 1 events observed, severity=low, outcome=pending.",,
ccfdae5e-9f27-4aed-98e7-019c79966b52,8df4dd38-8787-40d0-aa08-3b8d1f291927,e1cafff8-a8db-4f23-816f-8d3a2b5f26a7,high,score_penalized,"Synthetic case for presentation: 2 events observed, severity=high, outcome=score_penalized.",389cd678-7e6f-4e27-b700-4b575951afaa,"2026-08-26 15:18:00"
7dc33599-1053-4e58-bc86-d5a692a63d22,8df4dd38-8787-40d0-aa08-3b8d1f291927,6daefb2a-61bb-49e7-b5ab-eac17992f650,high,score_penalized,"Synthetic case for presentation: 3 events observed, severity=high, outcome=score_penalized.",389cd678-7e6f-4e27-b700-4b575951afaa,"2026-08-27 15:27:00"
040c6b33-30e7-4f52-96a7-96954895745b,8df4dd38-8787-40d0-aa08-3b8d1f291927,dc424855-6730-4bde-ac61-ca44d4205728,low,pending,"Synthetic case for presentation: 1 events observed, severity=low, outcome=pending.",,
f32781f1-ed56-45eb-bc09-093db3ba0936,38f2e510-a7b6-460f-9f84-08fe14585011,bf5bc4f5-5f46-466b-b2e6-645d6c7e0f92,high,score_penalized,"Synthetic case for presentation: 2 events observed, severity=high, outcome=score_penalized.",90b1b286-043f-4b76-92e4-23c74608f5ea,"2026-08-26 15:00:00"
eaae0138-c4a5-474c-956d-5e12af547c5f,38f2e510-a7b6-460f-9f84-08fe14585011,b26217ea-f067-4e00-887e-d9e6c4596d5a,high,score_penalized,"Synthetic case for presentation: 3 events observed, severity=high, outcome=score_penalized.",93dfcf9e-537c-4468-96c4-c886ba480a13,"2026-08-27 15:09:00"
e8a8ec37-580d-4641-84b8-c8057928bb6d,38f2e510-a7b6-460f-9f84-08fe14585011,e4a8e9b5-d76d-4d15-9279-268df9941b97,low,pending,"Synthetic case for presentation: 1 events observed, severity=low, outcome=pending.",,
d0e07000-0757-41e1-b429-a57dcfceadfa,38f2e510-a7b6-460f-9f84-08fe14585011,da7ba9f6-7b1e-4ae0-8e0b-1a7f2863b040,medium,warned,"Synthetic case for presentation: 2 events observed, severity=medium, outcome=warned.",93dfcf9e-537c-4468-96c4-c886ba480a13,"2026-08-29 15:27:00"
82e0255c-f570-4628-b87c-3e432a8b70cd,38f2e510-a7b6-460f-9f84-08fe14585011,bf030c6b-d4e4-41a0-82e8-077361df3a85,high,score_penalized,"Synthetic case for presentation: 3 events observed, severity=high, outcome=score_penalized.",90b1b286-043f-4b76-92e4-23c74608f5ea,"2026-08-30 15:36:00"
8286e4b3-20b3-4774-8244-bb864a7b7a51,e2341552-4991-42aa-8da0-c6da33b34f1b,215441f5-97c7-4a51-90fc-72805cd55a90,low,pending,"Synthetic case for presentation: 1 events observed, severity=low, outcome=pending.",,
b5a385ca-9f6d-4179-9c48-c645da53e8fd,e2341552-4991-42aa-8da0-c6da33b34f1b,0309e3c7-2fcd-43e8-9ea3-05189ae21d04,medium,warned,"Synthetic case for presentation: 2 events observed, severity=medium, outcome=warned.",3584e58a-6ce8-40a3-a06d-0f23930d9261,"2026-08-29 15:09:00"
e77e7ddf-bb1e-4728-882f-c508b741dbe5,e2341552-4991-42aa-8da0-c6da33b34f1b,ccbc7a87-53ad-479c-aa3d-e2a67f30fa94,high,score_penalized,"Synthetic case for presentation: 3 events observed, severity=high, outcome=score_penalized.",3584e58a-6ce8-40a3-a06d-0f23930d9261,"2026-08-30 15:18:00"
f0569a79-43b9-447f-93e7-555bf552fcac,e2341552-4991-42aa-8da0-c6da33b34f1b,15d868e9-bf18-4589-b3a7-aa5904629567,high,score_penalized,"Synthetic case for presentation: 1 events observed, severity=high, outcome=score_penalized.",3584e58a-6ce8-40a3-a06d-0f23930d9261,"2026-08-31 15:27:00"
423b6e7f-6094-4198-ab12-eb33f94c74e1,e2341552-4991-42aa-8da0-c6da33b34f1b,9d250ddc-b74c-47b4-9da2-492035297d78,medium,warned,"Synthetic case for presentation: 2 events observed, severity=medium, outcome=warned.",90b1b286-043f-4b76-92e4-23c74608f5ea,"2026-09-01 15:36:00"
3cdb06db-f90f-4370-8321-a5381d766981,88086381-8726-49a1-9dd9-c5f77dc58f33,353ff1be-8d55-4352-a86c-25f526ef829c,high,score_penalized,"Synthetic case for presentation: 3 events observed, severity=high, outcome=score_penalized.",90b1b286-043f-4b76-92e4-23c74608f5ea,"2026-08-30 15:00:00"
e4822731-3fd1-4501-85fc-134f3ccc8a96,88086381-8726-49a1-9dd9-c5f77dc58f33,0b4e4914-a608-401b-98b0-9a667b6936f5,high,score_penalized,"Synthetic case for presentation: 1 events observed, severity=high, outcome=score_penalized.",1838a344-40a8-482e-a799-34e3507b1d09,"2026-08-31 15:09:00"
85be8108-f180-4cab-b82e-d4b899759a3b,88086381-8726-49a1-9dd9-c5f77dc58f33,382610c7-5830-4a8f-87bc-2f3ab6123847,medium,warned,"Synthetic case for presentation: 2 events observed, severity=medium, outcome=warned.",1838a344-40a8-482e-a799-34e3507b1d09,"2026-09-01 15:18:00"
beb135e0-b9a4-4c35-8c24-ddc3ed235433,88086381-8726-49a1-9dd9-c5f77dc58f33,580c49d0-f527-4eb2-be32-7ac3af0f87c8,critical,invalidated,"Synthetic case for presentation: 3 events observed, severity=critical, outcome=invalidated.",1838a344-40a8-482e-a799-34e3507b1d09,"2026-09-02 15:27:00"
47fd59ec-43ee-4103-bb63-e5c74cdc3c34,88086381-8726-49a1-9dd9-c5f77dc58f33,c16a8d7e-b32b-43b0-b05b-d14d354e3e82,low,pending,"Synthetic case for presentation: 1 events observed, severity=low, outcome=pending.",,
85c3ee66-0df0-48c3-9dbd-15c15e3828c2,a3775b0e-cda7-47c8-95b0-be73be49f980,8ea75cdf-721d-44d5-b907-f791a5f43d56,medium,warned,"Synthetic case for presentation: 2 events observed, severity=medium, outcome=warned.",90b1b286-043f-4b76-92e4-23c74608f5ea,"2026-09-01 15:00:00"
a8c6bfaf-12c7-4242-97f3-4e200f3c8230,a3775b0e-cda7-47c8-95b0-be73be49f980,c8f45e2c-7721-44b7-b421-03db41704cc9,critical,invalidated,"Synthetic case for presentation: 3 events observed, severity=critical, outcome=invalidated.",9fd3263d-0ed8-4600-be8e-9b2cebabb63e,"2026-09-02 15:09:00"
6ea09b06-a1be-4ce4-b826-5c6850bb0441,a3775b0e-cda7-47c8-95b0-be73be49f980,02046b7f-40d7-4693-a73d-c12976182469,low,pending,"Synthetic case for presentation: 1 events observed, severity=low, outcome=pending.",,
25684655-f616-414d-a8e4-701d15eae9f7,a3775b0e-cda7-47c8-95b0-be73be49f980,89e3db0a-cbb4-40a5-b136-ecfbe8cdcc39,medium,warned,"Synthetic case for presentation: 2 events observed, severity=medium, outcome=warned.",9fd3263d-0ed8-4600-be8e-9b2cebabb63e,"2026-09-04 15:27:00"
f67e1031-9ce9-445f-bec7-f702a01c5084,a3775b0e-cda7-47c8-95b0-be73be49f980,ae3a5965-ba45-45d3-817d-8c0fbace437d,high,score_penalized,"Synthetic case for presentation: 3 events observed, severity=high, outcome=score_penalized.",90b1b286-043f-4b76-92e4-23c74608f5ea,"2026-09-05 15:36:00"
62e8cc31-0793-42dc-b2f1-8ee9630f83ad,ca4e691c-574c-45b0-94d7-5a3fd0fe4dc8,f0af00df-e870-4f49-bb98-e0a253676ce3,low,pending,"Synthetic case for presentation: 1 events observed, severity=low, outcome=pending.",,
9b5ad297-17e3-43e5-8319-48c9b5fd5a25,ca4e691c-574c-45b0-94d7-5a3fd0fe4dc8,14b56946-e5b0-4719-851a-d9d668f8be46,medium,warned,"Synthetic case for presentation: 2 events observed, severity=medium, outcome=warned.",2c421688-e3b1-4d9c-a938-864d5183b838,"2026-09-04 15:09:00"
65d07342-27f1-46ff-83f6-fec34bcfe49b,ca4e691c-574c-45b0-94d7-5a3fd0fe4dc8,d9a48795-8471-4b78-bd97-2434783eef87,high,score_penalized,"Synthetic case for presentation: 3 events observed, severity=high, outcome=score_penalized.",2c421688-e3b1-4d9c-a938-864d5183b838,"2026-09-05 15:18:00"
f8df9c3c-d0dd-48c2-9d02-8cef927d738f,ca4e691c-574c-45b0-94d7-5a3fd0fe4dc8,b8394c49-97ef-4506-bcfd-d2492f59b017,low,pending,"Synthetic case for presentation: 1 events observed, severity=low, outcome=pending.",,
2ee305a5-1b5d-4258-96f2-2cb811003ac8,ca4e691c-574c-45b0-94d7-5a3fd0fe4dc8,ef426773-3acf-4d92-893b-0f8ab899e733,high,score_penalized,"Synthetic case for presentation: 2 events observed, severity=high, outcome=score_penalized.",90b1b286-043f-4b76-92e4-23c74608f5ea,"2026-09-07 15:36:00"
38fab368-e2d4-45e2-adb5-e38b9b71d79c,90ae3144-fdf9-4198-8291-13456f4a168f,7a693914-8fdb-4487-b88d-ae4e90bdbf43,high,score_penalized,"Synthetic case for presentation: 3 events observed, severity=high, outcome=score_penalized.",90b1b286-043f-4b76-92e4-23c74608f5ea,"2026-09-05 15:00:00"
bea96180-35d4-431e-b7c7-6c4a471d8cff,90ae3144-fdf9-4198-8291-13456f4a168f,69ce6cbd-6a52-4eaf-9808-abe2351f7713,low,pending,"Synthetic case for presentation: 1 events observed, severity=low, outcome=pending.",,
7f238a94-7f47-4245-9946-4ad6188832be,90ae3144-fdf9-4198-8291-13456f4a168f,c22bf622-f533-4415-bbf0-eaaf32620fe9,high,score_penalized,"Synthetic case for presentation: 2 events observed, severity=high, outcome=score_penalized.",528254d7-a2fd-414b-9bac-34595b0d22be,"2026-09-07 15:18:00"
040cd1a3-43b9-4a6d-a1af-e1cbdbbe2cf2,90ae3144-fdf9-4198-8291-13456f4a168f,f50e0571-6da4-4d84-bc13-cb9d0f53d77f,high,score_penalized,"Synthetic case for presentation: 3 events observed, severity=high, outcome=score_penalized.",528254d7-a2fd-414b-9bac-34595b0d22be,"2026-09-08 15:27:00"
ef4db7a0-f06a-49cc-b83c-b24c094ececa,90ae3144-fdf9-4198-8291-13456f4a168f,fc462e2e-7e2b-4002-9e66-bd8be9a72e5b,low,pending,"Synthetic case for presentation: 1 events observed, severity=low, outcome=pending.",,
c03a2739-98ff-42d2-bf3a-7a74f3a5d194,83f6b1ba-7ca6-4e83-a301-53606cac6381,ef048816-7950-49b9-8af7-e9eb8e7475a6,high,score_penalized,"Synthetic case for presentation: 2 events observed, severity=high, outcome=score_penalized.",90b1b286-043f-4b76-92e4-23c74608f5ea,"2026-09-07 15:00:00"
098276f1-9f98-416f-a44a-c82b52edecb8,83f6b1ba-7ca6-4e83-a301-53606cac6381,57d358f2-411f-45aa-817e-d7c8cd80e841,high,score_penalized,"Synthetic case for presentation: 3 events observed, severity=high, outcome=score_penalized.",92c13c75-89bb-456a-ac03-2ffb3847811f,"2026-09-08 15:09:00"
e53bbb97-9ab9-402e-9b89-621355295cdc,83f6b1ba-7ca6-4e83-a301-53606cac6381,3d579364-b37d-4466-99a4-da8afb893757,low,pending,"Synthetic case for presentation: 1 events observed, severity=low, outcome=pending.",,
5a71a7d8-5b95-447d-856d-526883a3e9e6,83f6b1ba-7ca6-4e83-a301-53606cac6381,d68150d5-5ea4-41a3-9ff4-709b44628acb,medium,warned,"Synthetic case for presentation: 2 events observed, severity=medium, outcome=warned.",92c13c75-89bb-456a-ac03-2ffb3847811f,"2026-09-10 15:27:00"
de64d3a3-a957-4dfa-adb2-1cd554e73288,83f6b1ba-7ca6-4e83-a301-53606cac6381,b2ae7955-b13b-40c6-a781-d5a07b066c50,high,score_penalized,"Synthetic case for presentation: 3 events observed, severity=high, outcome=score_penalized.",90b1b286-043f-4b76-92e4-23c74608f5ea,"2026-09-11 15:36:00"
6da13866-3acd-490c-a0f1-df5e02ff0ba5,ec52b224-cece-4f1f-a739-be8e3870d89a,16a4a67a-cb66-4872-923c-5754a2cfc541,low,pending,"Synthetic case for presentation: 1 events observed, severity=low, outcome=pending.",,
cec46f3f-b2bf-4398-8c1d-efb2832bd818,ec52b224-cece-4f1f-a739-be8e3870d89a,f0b62a7f-6bf5-437c-bf18-82b159d7150d,medium,warned,"Synthetic case for presentation: 2 events observed, severity=medium, outcome=warned.",79b8efe8-6eeb-4973-8310-7f70ec8d51e9,"2026-09-10 15:09:00"
ee0a64cc-0902-4450-b700-81cd61f1ba1f,ec52b224-cece-4f1f-a739-be8e3870d89a,fe38fbb6-f7f4-4220-aa61-ad3adc73fc79,high,score_penalized,"Synthetic case for presentation: 3 events observed, severity=high, outcome=score_penalized.",79b8efe8-6eeb-4973-8310-7f70ec8d51e9,"2026-09-11 15:18:00"
0d014164-813f-431b-8b03-8f8ab8623226,ec52b224-cece-4f1f-a739-be8e3870d89a,9de41ed2-3e93-41dc-af8b-c6c772a93439,high,score_penalized,"Synthetic case for presentation: 1 events observed, severity=high, outcome=score_penalized.",79b8efe8-6eeb-4973-8310-7f70ec8d51e9,"2026-09-12 15:27:00"
7e479a51-b083-4bf9-957b-dc98fd6d3634,ec52b224-cece-4f1f-a739-be8e3870d89a,321e90d9-ba8c-40a8-b759-73c907121f03,medium,warned,"Synthetic case for presentation: 2 events observed, severity=medium, outcome=warned.",90b1b286-043f-4b76-92e4-23c74608f5ea,"2026-09-13 15:36:00"
0c9f0c9c-acd8-46cf-b58b-d8b8c17a04ef,2e3cbbc9-c771-4b59-8d91-a53bad5e34b1,d086111e-9881-401f-a1e3-cc3438940222,high,score_penalized,"Synthetic case for presentation: 3 events observed, severity=high, outcome=score_penalized.",90b1b286-043f-4b76-92e4-23c74608f5ea,"2026-09-11 15:00:00"
41ac2aab-0572-4d3c-830d-d44d8279cad4,2e3cbbc9-c771-4b59-8d91-a53bad5e34b1,92b37ce5-0f77-4e73-a83a-b0d963080a12,high,score_penalized,"Synthetic case for presentation: 1 events observed, severity=high, outcome=score_penalized.",294e0033-9c57-41d7-893f-c784bb6b9e2e,"2026-09-12 15:09:00"
bacc7f6c-4665-4978-bb2b-1598361de5fc,2e3cbbc9-c771-4b59-8d91-a53bad5e34b1,60cab33b-ec66-4ab9-8577-d68ae0695659,medium,warned,"Synthetic case for presentation: 2 events observed, severity=medium, outcome=warned.",294e0033-9c57-41d7-893f-c784bb6b9e2e,"2026-09-13 15:18:00"
278b5919-273b-40c3-a1a1-d97b042bc510,2e3cbbc9-c771-4b59-8d91-a53bad5e34b1,121eee93-8e04-4a5b-bf38-4f067a46f22e,critical,invalidated,"Synthetic case for presentation: 3 events observed, severity=critical, outcome=invalidated.",294e0033-9c57-41d7-893f-c784bb6b9e2e,"2026-09-14 15:27:00"
6eaad6d1-55c4-464a-a069-d652f784b2c9,2e3cbbc9-c771-4b59-8d91-a53bad5e34b1,6869a77f-2c73-4dac-b050-f6aacc8ab31c,low,pending,"Synthetic case for presentation: 1 events observed, severity=low, outcome=pending.",,
e7594064-e785-4bba-90f0-632f73eafd2f,326ff8f0-2696-438f-a660-ca251ccc843c,036274fb-43cb-4135-ac67-d6bfc20e6f9f,medium,warned,"Synthetic case for presentation: 2 events observed, severity=medium, outcome=warned.",90b1b286-043f-4b76-92e4-23c74608f5ea,"2026-09-13 15:00:00"
0cc5d346-56d3-463e-82c0-20946e258c46,326ff8f0-2696-438f-a660-ca251ccc843c,90cc7aef-fc0a-402d-adda-891da3d087d9,critical,invalidated,"Synthetic case for presentation: 3 events observed, severity=critical, outcome=invalidated.",7afa0206-ac1c-437a-885b-fd8b3b476b22,"2026-09-14 15:09:00"
c943e034-ba0a-47ee-8275-2b7c2e16b067,326ff8f0-2696-438f-a660-ca251ccc843c,28c4e74b-bb8b-4e32-9175-5a175b88cf81,low,pending,"Synthetic case for presentation: 1 events observed, severity=low, outcome=pending.",,
730442ad-3f23-4c63-b95a-d67aa496fccc,326ff8f0-2696-438f-a660-ca251ccc843c,4f9524de-2b8a-4b10-b75e-1cf68ab5c1d7,medium,warned,"Synthetic case for presentation: 2 events observed, severity=medium, outcome=warned.",7afa0206-ac1c-437a-885b-fd8b3b476b22,"2026-09-16 15:27:00"
21eb1464-9c7e-4e1a-a79e-54db42a40218,326ff8f0-2696-438f-a660-ca251ccc843c,849baf99-7b12-4236-a99a-8a3afc500197,high,score_penalized,"Synthetic case for presentation: 3 events observed, severity=high, outcome=score_penalized.",90b1b286-043f-4b76-92e4-23c74608f5ea,"2026-09-17 15:36:00"
5ae440a0-caf7-4f87-934f-332590c98bc6,5cba5c8d-21a4-47f5-8b6f-4d82357ffb7d,90f9f0f9-b9e8-48e8-b985-a220b9d5ff82,low,pending,"Synthetic case for presentation: 1 events observed, severity=low, outcome=pending.",,
aa1a30d6-2816-4e5a-be1e-9806e21bbabb,5cba5c8d-21a4-47f5-8b6f-4d82357ffb7d,15b1a025-964b-467d-b8b7-d610314fb135,medium,warned,"Synthetic case for presentation: 2 events observed, severity=medium, outcome=warned.",cd65d531-089b-4270-a4b2-058e5c1f6ea1,"2026-09-16 15:09:00"
530ebef3-7438-43bd-81e8-edfa3a465d86,5cba5c8d-21a4-47f5-8b6f-4d82357ffb7d,d89080eb-b99f-4f14-9d3c-12bb4617047d,high,score_penalized,"Synthetic case for presentation: 3 events observed, severity=high, outcome=score_penalized.",cd65d531-089b-4270-a4b2-058e5c1f6ea1,"2026-09-17 15:18:00"
1bc3dee9-155d-4072-b899-f823a5e99d08,5cba5c8d-21a4-47f5-8b6f-4d82357ffb7d,bed37847-9fc3-4f2b-a852-b632746a6ef5,low,pending,"Synthetic case for presentation: 1 events observed, severity=low, outcome=pending.",,
9fee18f0-928b-49f2-b8f6-bf55527fb4cc,5cba5c8d-21a4-47f5-8b6f-4d82357ffb7d,8a87e12d-2823-4814-a491-9d8be3cc5330,high,score_penalized,"Synthetic case for presentation: 2 events observed, severity=high, outcome=score_penalized.",90b1b286-043f-4b76-92e4-23c74608f5ea,"2026-09-19 15:36:00"
4be92885-44b8-4304-96ec-a89b92d9c2cf,858db567-b7fc-4cab-8c39-db26f3e29b7c,7cca4f1a-855e-475d-89f1-2788ccb84a0c,high,score_penalized,"Synthetic case for presentation: 3 events observed, severity=high, outcome=score_penalized.",90b1b286-043f-4b76-92e4-23c74608f5ea,"2026-09-17 15:00:00"
20a70b73-b724-4995-808e-9dbc4406794a,858db567-b7fc-4cab-8c39-db26f3e29b7c,e67eb41c-e390-4583-a1ce-31f5f9e1bf09,low,pending,"Synthetic case for presentation: 1 events observed, severity=low, outcome=pending.",,
d3f2c0f7-4157-4a2e-b81e-6a7ac8761145,858db567-b7fc-4cab-8c39-db26f3e29b7c,82178a96-c94f-4f7d-933d-8e5b86768d03,high,score_penalized,"Synthetic case for presentation: 2 events observed, severity=high, outcome=score_penalized.",48c67ac2-24b0-4d06-bafa-f27fa88ef54e,"2026-09-19 15:18:00"
209bf7b5-418c-41ab-894f-0eb499e0287a,858db567-b7fc-4cab-8c39-db26f3e29b7c,bbcb51c8-2e85-46bf-ab1f-77b0fe7ed71a,high,score_penalized,"Synthetic case for presentation: 3 events observed, severity=high, outcome=score_penalized.",48c67ac2-24b0-4d06-bafa-f27fa88ef54e,"2026-08-26 15:27:00"
5c8d2639-1cbc-4e02-aa0e-acf972dbda54,858db567-b7fc-4cab-8c39-db26f3e29b7c,d0fc48df-4c83-4cac-81cb-34ea7227559e,low,pending,"Synthetic case for presentation: 1 events observed, severity=low, outcome=pending.",,
f335e8fc-5f50-41dc-aed5-663b16df1871,b973b3a1-c75c-4960-b706-08b9bbff737c,95810883-f123-4368-8a65-3fd9ff225fca,high,score_penalized,"Synthetic case for presentation: 2 events observed, severity=high, outcome=score_penalized.",90b1b286-043f-4b76-92e4-23c74608f5ea,"2026-09-19 15:00:00"
0fdfb890-95b3-42cb-9692-8a30b67265bc,b973b3a1-c75c-4960-b706-08b9bbff737c,79366dc4-bf71-4a68-aefa-80e33cb90705,high,score_penalized,"Synthetic case for presentation: 3 events observed, severity=high, outcome=score_penalized.",8bf8ad05-22a7-40a2-8942-6c5dff1ddd91,"2026-08-26 15:09:00"
7d7df5c8-7adb-44e0-9f3c-ea0488cebc2c,b973b3a1-c75c-4960-b706-08b9bbff737c,9e659a75-c0e5-42d4-958f-2a3be10273c6,low,pending,"Synthetic case for presentation: 1 events observed, severity=low, outcome=pending.",,
9c69112b-bc38-479b-8986-bfe8fd093769,b973b3a1-c75c-4960-b706-08b9bbff737c,b9a25498-613f-4700-8e4a-9f147766ad48,medium,warned,"Synthetic case for presentation: 2 events observed, severity=medium, outcome=warned.",8bf8ad05-22a7-40a2-8942-6c5dff1ddd91,"2026-08-28 15:27:00"
c02d2bba-980f-445a-80b8-8419bba294b8,b973b3a1-c75c-4960-b706-08b9bbff737c,e5f9fac1-96a2-4f3a-bb6a-4fcf42ccc222,high,score_penalized,"Synthetic case for presentation: 3 events observed, severity=high, outcome=score_penalized.",90b1b286-043f-4b76-92e4-23c74608f5ea,"2026-08-29 15:36:00"
da5d5cea-b63a-4895-84b8-5ed9fc15abd1,d1d3a72b-880a-43ec-8f8b-1558b386eae1,a14b6ceb-d912-4cd9-9573-8ee3c5d3f645,low,pending,"Synthetic case for presentation: 1 events observed, severity=low, outcome=pending.",,
5e8b63c4-7dc8-4138-b260-c3f5540c557a,d1d3a72b-880a-43ec-8f8b-1558b386eae1,1746d999-b713-4583-96bd-041d39bdd4b4,medium,warned,"Synthetic case for presentation: 2 events observed, severity=medium, outcome=warned.",3caac71c-0209-4c72-b6e3-94196c23e9dc,"2026-08-28 15:09:00"
8e7a75d2-c195-4f11-a002-feeee136b5ef,d1d3a72b-880a-43ec-8f8b-1558b386eae1,f3553431-1705-4289-8d85-dea9c2d082d9,high,score_penalized,"Synthetic case for presentation: 3 events observed, severity=high, outcome=score_penalized.",3caac71c-0209-4c72-b6e3-94196c23e9dc,"2026-08-29 15:18:00"
c84009f9-5d6d-40dd-ab97-6bab61cda334,d1d3a72b-880a-43ec-8f8b-1558b386eae1,51aabada-b94a-43b6-809d-109aaf651702,high,score_penalized,"Synthetic case for presentation: 1 events observed, severity=high, outcome=score_penalized.",3caac71c-0209-4c72-b6e3-94196c23e9dc,"2026-08-30 15:27:00"
05b2759f-7f0a-44cf-9f08-ae3298c5e387,d1d3a72b-880a-43ec-8f8b-1558b386eae1,8a179466-86d9-4c28-84a8-621cf26945cd,medium,warned,"Synthetic case for presentation: 2 events observed, severity=medium, outcome=warned.",90b1b286-043f-4b76-92e4-23c74608f5ea,"2026-08-31 15:36:00"
82cceb60-b424-401f-81cc-949319d3b1a5,2ff9b46a-3ff2-4f79-ba3f-16fa0c244000,0d7e2a2b-7cd7-4983-94d3-28b2e44a6d75,high,score_penalized,"Synthetic case for presentation: 3 events observed, severity=high, outcome=score_penalized.",90b1b286-043f-4b76-92e4-23c74608f5ea,"2026-08-29 15:00:00"
b2980098-5097-4343-8789-68de10876aed,2ff9b46a-3ff2-4f79-ba3f-16fa0c244000,56013f32-540e-4217-8cec-e28939b09313,high,score_penalized,"Synthetic case for presentation: 1 events observed, severity=high, outcome=score_penalized.",465826c6-4117-4f85-9f30-bc9479bc5391,"2026-08-30 15:09:00"
07b885f4-5045-4caa-9261-81cecd925d22,2ff9b46a-3ff2-4f79-ba3f-16fa0c244000,2ad17fe9-2c58-4021-8bd7-dbb68fa22070,medium,warned,"Synthetic case for presentation: 2 events observed, severity=medium, outcome=warned.",465826c6-4117-4f85-9f30-bc9479bc5391,"2026-08-31 15:18:00"
578fa453-63bf-49c4-8669-5340d7fca369,2ff9b46a-3ff2-4f79-ba3f-16fa0c244000,28ccc641-94d8-4e9b-87c5-a5517eb58fca,critical,invalidated,"Synthetic case for presentation: 3 events observed, severity=critical, outcome=invalidated.",465826c6-4117-4f85-9f30-bc9479bc5391,"2026-09-01 15:27:00"
8d84a8fc-25e6-40d1-b36a-6088437a44ef,2ff9b46a-3ff2-4f79-ba3f-16fa0c244000,2f295024-0397-48d6-b472-b560c2a6323e,low,pending,"Synthetic case for presentation: 1 events observed, severity=low, outcome=pending.",,
8aee7406-7816-4693-aca2-400e408fd8b2,5e6541e1-7027-4859-a22f-088cf180db81,34c888a1-dbc2-4464-9561-55f2df271236,medium,warned,"Synthetic case for presentation: 2 events observed, severity=medium, outcome=warned.",90b1b286-043f-4b76-92e4-23c74608f5ea,"2026-08-31 15:00:00"
57ec7609-5b86-4fe1-9bca-39e67d8295b7,5e6541e1-7027-4859-a22f-088cf180db81,07f2c148-9960-4618-ac9e-e0103e93de95,critical,invalidated,"Synthetic case for presentation: 3 events observed, severity=critical, outcome=invalidated.",36d3bc22-4055-4ee3-95b4-7cc023b13115,"2026-09-01 15:09:00"
6a1f135d-56a3-4ce3-8912-740682ca4521,5e6541e1-7027-4859-a22f-088cf180db81,631fa140-bbc7-4f0f-9cd2-bd27d300f4d4,low,pending,"Synthetic case for presentation: 1 events observed, severity=low, outcome=pending.",,
a8e3a5d0-22ce-4f67-946b-bb71b5cf3a4f,5e6541e1-7027-4859-a22f-088cf180db81,d295ce85-3ac1-43c0-85a5-d7902d372257,medium,warned,"Synthetic case for presentation: 2 events observed, severity=medium, outcome=warned.",36d3bc22-4055-4ee3-95b4-7cc023b13115,"2026-09-03 15:27:00"
6d54972c-9cf6-4211-9a75-118cc962f35d,5e6541e1-7027-4859-a22f-088cf180db81,d8ef2c64-a2d9-429a-ba72-8335474072f4,high,score_penalized,"Synthetic case for presentation: 3 events observed, severity=high, outcome=score_penalized.",90b1b286-043f-4b76-92e4-23c74608f5ea,"2026-09-04 15:36:00"
de6d29f0-adfc-4aa4-af1b-bdf5f7cc7af4,306cc80d-14fe-4d51-a9e7-7fea9efe7256,6cca47ca-46d5-4fbb-aea8-df4911cb53a3,low,pending,"Synthetic case for presentation: 1 events observed, severity=low, outcome=pending.",,
5c01bef3-32cf-4fd9-92f3-71607d561415,306cc80d-14fe-4d51-a9e7-7fea9efe7256,b390b4ca-8085-4309-91b5-38324079b3d2,medium,warned,"Synthetic case for presentation: 2 events observed, severity=medium, outcome=warned.",613c69b8-ed18-457f-8543-cc09f412ed5c,"2026-09-03 15:09:00"
a5fe06a3-1094-439e-a388-383249fb4869,306cc80d-14fe-4d51-a9e7-7fea9efe7256,22a7aa2f-bbfb-4964-b8de-30d04f5d075f,high,score_penalized,"Synthetic case for presentation: 3 events observed, severity=high, outcome=score_penalized.",613c69b8-ed18-457f-8543-cc09f412ed5c,"2026-09-04 15:18:00"
56067159-5d6a-4051-906e-179568516bb7,306cc80d-14fe-4d51-a9e7-7fea9efe7256,44add557-6bb4-4851-b5e6-e356ab58c14d,low,pending,"Synthetic case for presentation: 1 events observed, severity=low, outcome=pending.",,
79523229-5d31-43ed-8ae0-3ff1e66fb311,306cc80d-14fe-4d51-a9e7-7fea9efe7256,f6029aed-9205-475a-a7b4-421e8114df4d,high,score_penalized,"Synthetic case for presentation: 2 events observed, severity=high, outcome=score_penalized.",90b1b286-043f-4b76-92e4-23c74608f5ea,"2026-09-06 15:36:00"
c540d98b-ff56-4ab6-8c3e-38861322cd7c,374d93a6-bc00-4037-a0f9-6ef84f8d528d,a05db285-3195-4af1-9960-a457b31ace04,high,score_penalized,"Synthetic case for presentation: 3 events observed, severity=high, outcome=score_penalized.",90b1b286-043f-4b76-92e4-23c74608f5ea,"2026-09-04 15:00:00"
f6f606f3-c509-41ed-b3e7-a9c27c0c53b7,374d93a6-bc00-4037-a0f9-6ef84f8d528d,8af21023-fcc1-4fab-afaa-47bd07a2c505,low,pending,"Synthetic case for presentation: 1 events observed, severity=low, outcome=pending.",,
4c9d6f3c-0d5c-4a51-92ca-3307a0d72bfb,374d93a6-bc00-4037-a0f9-6ef84f8d528d,90f12b49-5154-46de-9183-730988060d02,high,score_penalized,"Synthetic case for presentation: 2 events observed, severity=high, outcome=score_penalized.",b527e59a-91de-4b9a-ba18-ec308927faaf,"2026-09-06 15:18:00"
0151851a-b6ca-4f30-8698-64760dd8d44d,374d93a6-bc00-4037-a0f9-6ef84f8d528d,ef4eb3c2-733b-420e-a01f-32b21e9955a3,high,score_penalized,"Synthetic case for presentation: 3 events observed, severity=high, outcome=score_penalized.",b527e59a-91de-4b9a-ba18-ec308927faaf,"2026-09-07 15:27:00"
4484b34d-b65f-4826-9114-0ea533f2696f,374d93a6-bc00-4037-a0f9-6ef84f8d528d,d6309d52-aec4-49c8-b4a6-914c8793a40c,low,pending,"Synthetic case for presentation: 1 events observed, severity=low, outcome=pending.",,
2df5dec2-8fd6-45f0-a057-276940c0429f,2e48dbb0-e622-4b2d-83c1-2b298de8ad56,aa1fc9b2-f64a-45ed-a2cc-ab2af44e556b,high,score_penalized,"Synthetic case for presentation: 2 events observed, severity=high, outcome=score_penalized.",90b1b286-043f-4b76-92e4-23c74608f5ea,"2026-09-06 15:00:00"
7ff8d18d-1198-4a26-82bc-b59d2fe765f5,2e48dbb0-e622-4b2d-83c1-2b298de8ad56,73824ab2-3722-46ef-bd96-cfd605a89c22,high,score_penalized,"Synthetic case for presentation: 3 events observed, severity=high, outcome=score_penalized.",b64b2aa0-2e1f-43c1-84b2-fc48aad17805,"2026-09-07 15:09:00"
dd1e7e89-550c-425c-aa32-6a2aef5e1074,2e48dbb0-e622-4b2d-83c1-2b298de8ad56,5c5f057d-02ea-46db-bc99-83f9fa13df9f,low,pending,"Synthetic case for presentation: 1 events observed, severity=low, outcome=pending.",,
b8dfd05c-34eb-4e67-89f2-ff9168588804,2e48dbb0-e622-4b2d-83c1-2b298de8ad56,6deb6f7c-8f88-4926-9da3-e44d48db1992,medium,warned,"Synthetic case for presentation: 2 events observed, severity=medium, outcome=warned.",b64b2aa0-2e1f-43c1-84b2-fc48aad17805,"2026-09-09 15:27:00"
aa5a4d57-72cb-4447-96f6-8cb1506705e9,2e48dbb0-e622-4b2d-83c1-2b298de8ad56,a7e91d2f-47ea-4dbb-95d9-c95c8c7c70e8,high,score_penalized,"Synthetic case for presentation: 3 events observed, severity=high, outcome=score_penalized.",90b1b286-043f-4b76-92e4-23c74608f5ea,"2026-09-10 15:36:00"
21ac78eb-8dfd-4dc1-85b0-4d3a4573b1d2,a8824226-418c-4358-a46d-059c7ffc990d,f84e9c4d-c4a4-44ad-ad0e-32aa70ee627a,low,pending,"Synthetic case for presentation: 1 events observed, severity=low, outcome=pending.",,
b16d5fea-90a2-4892-a699-aa64cd06f355,a8824226-418c-4358-a46d-059c7ffc990d,ba47306e-0699-4d14-8165-a39f612fc464,medium,warned,"Synthetic case for presentation: 2 events observed, severity=medium, outcome=warned.",664baa89-20ea-4f62-b406-3e1809e18811,"2026-09-09 15:09:00"
56d1372f-3f37-4f65-8a88-0ad583e394a9,a8824226-418c-4358-a46d-059c7ffc990d,6a5f01c3-5f40-4a79-ac4d-d7f37f0d24f4,high,score_penalized,"Synthetic case for presentation: 3 events observed, severity=high, outcome=score_penalized.",664baa89-20ea-4f62-b406-3e1809e18811,"2026-09-10 15:18:00"
2dc9bbb8-743a-4ebb-859a-a2b72a020aee,a8824226-418c-4358-a46d-059c7ffc990d,4ef4b670-40a6-4e32-8e8d-70f63daf1289,high,score_penalized,"Synthetic case for presentation: 1 events observed, severity=high, outcome=score_penalized.",664baa89-20ea-4f62-b406-3e1809e18811,"2026-09-11 15:27:00"
8938896b-ba46-425a-b358-a439c318667a,a8824226-418c-4358-a46d-059c7ffc990d,dc8b6685-2879-4ad6-af89-875d4cc91f95,medium,warned,"Synthetic case for presentation: 2 events observed, severity=medium, outcome=warned.",90b1b286-043f-4b76-92e4-23c74608f5ea,"2026-09-12 15:36:00"
1aa94352-360e-4901-b7e4-39d29088e473,311b83d9-db93-40ae-ab72-2d7a4657b02e,c9f9c94d-8156-4a7d-a603-63e339fb78e8,high,score_penalized,"Synthetic case for presentation: 3 events observed, severity=high, outcome=score_penalized.",90b1b286-043f-4b76-92e4-23c74608f5ea,"2026-09-10 15:00:00"
9ee762e7-9568-46a8-b794-15b62fbf5a82,311b83d9-db93-40ae-ab72-2d7a4657b02e,d565c984-90a0-488d-a290-0b8ff6a62b91,high,score_penalized,"Synthetic case for presentation: 1 events observed, severity=high, outcome=score_penalized.",54e84d8d-e6f5-4ed9-afb3-4bac88ff45c6,"2026-09-11 15:09:00"
d97fcb06-1023-454d-9235-21a67882991d,311b83d9-db93-40ae-ab72-2d7a4657b02e,00dd16c6-4ba3-4163-9034-eb236dc4332f,medium,warned,"Synthetic case for presentation: 2 events observed, severity=medium, outcome=warned.",54e84d8d-e6f5-4ed9-afb3-4bac88ff45c6,"2026-09-12 15:18:00"
4b68d543-05b9-4cfa-9413-09b31a09a0c9,311b83d9-db93-40ae-ab72-2d7a4657b02e,dbf31c6f-500e-4e26-83c9-c929499f25f3,critical,invalidated,"Synthetic case for presentation: 3 events observed, severity=critical, outcome=invalidated.",54e84d8d-e6f5-4ed9-afb3-4bac88ff45c6,"2026-09-13 15:27:00"
74278634-d890-49a3-a08f-2c5a45f8f763,311b83d9-db93-40ae-ab72-2d7a4657b02e,bb378db7-83b8-4a47-83f4-524e18454f70,low,pending,"Synthetic case for presentation: 1 events observed, severity=low, outcome=pending.",,
fa64cff9-f759-4d78-98b3-05033e3e6aa2,d3d74fa6-e86f-4626-9cff-50d8abd8f2a9,b2706ece-72e2-4530-a1c2-2871536d4da2,medium,warned,"Synthetic case for presentation: 2 events observed, severity=medium, outcome=warned.",90b1b286-043f-4b76-92e4-23c74608f5ea,"2026-09-12 15:00:00"
7faac354-7e60-42b9-9888-1b7eaf264de2,d3d74fa6-e86f-4626-9cff-50d8abd8f2a9,2d0d0f68-0d45-4dd3-95c2-bc17ce870185,critical,invalidated,"Synthetic case for presentation: 3 events observed, severity=critical, outcome=invalidated.",679fcd14-e1f0-4dcd-b4c7-252eabcd75fc,"2026-09-13 15:09:00"
ad6648a0-2b12-4243-b204-76f24240f5f8,d3d74fa6-e86f-4626-9cff-50d8abd8f2a9,ac108c07-7493-403f-a578-f656c3734486,low,pending,"Synthetic case for presentation: 1 events observed, severity=low, outcome=pending.",,
41268a49-3adc-49c8-8300-46d2159d3dc7,d3d74fa6-e86f-4626-9cff-50d8abd8f2a9,28c22130-9308-4191-96ba-4614cb0b7bc8,medium,warned,"Synthetic case for presentation: 2 events observed, severity=medium, outcome=warned.",679fcd14-e1f0-4dcd-b4c7-252eabcd75fc,"2026-09-15 15:27:00"
1425e0f8-26d7-4899-a2d8-10d1c27950e6,d3d74fa6-e86f-4626-9cff-50d8abd8f2a9,dc65081a-9714-4bca-88e1-f30cee2e49b4,high,score_penalized,"Synthetic case for presentation: 3 events observed, severity=high, outcome=score_penalized.",90b1b286-043f-4b76-92e4-23c74608f5ea,"2026-09-16 15:36:00"
044c1516-f84e-4a63-9774-224702ee6012,fb67b7c3-634f-4f8a-af12-ef238178a5f5,2b242d22-005c-44f7-9360-92fc9c6e5a78,low,pending,"Synthetic case for presentation: 1 events observed, severity=low, outcome=pending.",,
bccefc89-2325-48f8-9644-9c05589ed9f9,fb67b7c3-634f-4f8a-af12-ef238178a5f5,f36420f2-ee72-4496-9d52-d6cdd4f20e2c,medium,warned,"Synthetic case for presentation: 2 events observed, severity=medium, outcome=warned.",b81b7fa2-88c1-4fc9-af06-203e3b318fcb,"2026-09-15 15:09:00"
b9af6748-4f05-4c3e-b1fe-d43ea7886719,fb67b7c3-634f-4f8a-af12-ef238178a5f5,5de0adcb-5004-4cce-8708-7576b428a683,high,score_penalized,"Synthetic case for presentation: 3 events observed, severity=high, outcome=score_penalized.",b81b7fa2-88c1-4fc9-af06-203e3b318fcb,"2026-09-16 15:18:00"
4d92b106-0503-4342-bbcc-73be1f99004b,fb67b7c3-634f-4f8a-af12-ef238178a5f5,873f324d-ae7b-4f4a-8203-d9c4fc55a380,low,pending,"Synthetic case for presentation: 1 events observed, severity=low, outcome=pending.",,
8c1bd6c5-ac1f-4424-add7-f259df1447e4,fb67b7c3-634f-4f8a-af12-ef238178a5f5,1a77dd40-6565-4c48-949e-d2ded4525a80,high,score_penalized,"Synthetic case for presentation: 2 events observed, severity=high, outcome=score_penalized.",90b1b286-043f-4b76-92e4-23c74608f5ea,"2026-09-18 15:36:00"
b2d2c51c-8bd5-462b-b2ca-9410598ca0f2,54ce05b2-d832-4b56-adb8-560e8bea5301,dc49bb65-8b2b-4c67-838a-a46113d22ed1,high,score_penalized,"Synthetic case for presentation: 3 events observed, severity=high, outcome=score_penalized.",90b1b286-043f-4b76-92e4-23c74608f5ea,"2026-09-16 15:00:00"
8fd9a3c9-9f4d-4d59-b800-b83fe5c3e65e,54ce05b2-d832-4b56-adb8-560e8bea5301,88cefbb5-fed5-45ab-9efd-7d83d83211c7,low,pending,"Synthetic case for presentation: 1 events observed, severity=low, outcome=pending.",,
bd40bad2-7bf3-4b85-b4a3-fdfa586d9ad4,54ce05b2-d832-4b56-adb8-560e8bea5301,c8c217a7-5278-4c16-afbe-c683646d9fdb,high,score_penalized,"Synthetic case for presentation: 2 events observed, severity=high, outcome=score_penalized.",d0f58a51-a814-4e66-b81b-a90cb4eefd05,"2026-09-18 15:18:00"
9270f55d-6e3d-4a6f-ba5e-b0fcad3e70d1,54ce05b2-d832-4b56-adb8-560e8bea5301,1877ee78-6be8-4325-90da-8e9fc98696d4,high,score_penalized,"Synthetic case for presentation: 3 events observed, severity=high, outcome=score_penalized.",d0f58a51-a814-4e66-b81b-a90cb4eefd05,"2026-09-19 15:27:00"
b6d90ea8-b576-4d6a-9fa0-c1f8a4f6f2d4,54ce05b2-d832-4b56-adb8-560e8bea5301,82b1b262-ca5b-4262-93d9-1e8a496372dc,low,pending,"Synthetic case for presentation: 1 events observed, severity=low, outcome=pending.",,
dab1aa0a-025d-4139-8e2a-e32262d0d0f2,13d283cc-3519-44ce-8da2-3e23053547f7,5ad1b336-c8c8-4624-a94b-4dfc5e07b30f,high,score_penalized,"Synthetic case for presentation: 2 events observed, severity=high, outcome=score_penalized.",90b1b286-043f-4b76-92e4-23c74608f5ea,"2026-09-18 15:00:00"
bb79fb43-9394-4306-9abb-53bc75d00aa7,13d283cc-3519-44ce-8da2-3e23053547f7,4f380d3b-306f-48c0-a3b5-1396e09d14c0,high,score_penalized,"Synthetic case for presentation: 3 events observed, severity=high, outcome=score_penalized.",3f90a042-d365-44a0-9cf9-f48c9a329391,"2026-09-19 15:09:00"
e8fcb19a-6fe3-4d58-80eb-e82f2d805e37,13d283cc-3519-44ce-8da2-3e23053547f7,31fe46f8-2549-4703-bfcb-8a0ae674daa5,low,pending,"Synthetic case for presentation: 1 events observed, severity=low, outcome=pending.",,
ede4780b-c167-4852-9c25-765110dd7be7,13d283cc-3519-44ce-8da2-3e23053547f7,b639c3ac-81cc-46fd-8256-352d44b32426,medium,warned,"Synthetic case for presentation: 2 events observed, severity=medium, outcome=warned.",3f90a042-d365-44a0-9cf9-f48c9a329391,"2026-08-27 15:27:00"
4f019581-ace8-4e1f-99ed-1ec181b0aca7,13d283cc-3519-44ce-8da2-3e23053547f7,b1276b71-3ecb-42b2-bc63-6a940300bb44,high,score_penalized,"Synthetic case for presentation: 3 events observed, severity=high, outcome=score_penalized.",90b1b286-043f-4b76-92e4-23c74608f5ea,"2026-08-28 15:36:00"
a1794317-8aa8-4152-bece-df62c8c5fc9d,527bb34b-e5ed-42ba-84c8-87e8e9424e73,8c4670a0-6656-49f5-9505-4b7784fe5ae1,low,pending,"Synthetic case for presentation: 1 events observed, severity=low, outcome=pending.",,
71f76741-e487-45d4-bd6e-cc0bc41124b7,527bb34b-e5ed-42ba-84c8-87e8e9424e73,82f2e7de-1c96-47a2-a2f4-daeea8b4368e,medium,warned,"Synthetic case for presentation: 2 events observed, severity=medium, outcome=warned.",b67632d3-f1c8-45c9-a222-6732b9a25133,"2026-08-27 15:09:00"
7a487522-b15f-4c24-b81e-24cb1f265858,527bb34b-e5ed-42ba-84c8-87e8e9424e73,56751255-0ad0-4be7-9988-414b83d6b064,high,score_penalized,"Synthetic case for presentation: 3 events observed, severity=high, outcome=score_penalized.",b67632d3-f1c8-45c9-a222-6732b9a25133,"2026-08-28 15:18:00"
7cfc0833-2c08-4d31-991f-0d9150854bce,527bb34b-e5ed-42ba-84c8-87e8e9424e73,320c5656-ce48-429e-9896-177b21c2e176,high,score_penalized,"Synthetic case for presentation: 1 events observed, severity=high, outcome=score_penalized.",b67632d3-f1c8-45c9-a222-6732b9a25133,"2026-08-29 15:27:00"
98d93f49-6537-4102-8f7a-2cd6782635e2,527bb34b-e5ed-42ba-84c8-87e8e9424e73,1375428c-3000-4257-89f3-1f738c3a782c,medium,warned,"Synthetic case for presentation: 2 events observed, severity=medium, outcome=warned.",90b1b286-043f-4b76-92e4-23c74608f5ea,"2026-08-30 15:36:00"
ccbab03e-983d-469c-87d9-ae62d8e04dfe,a20879c1-0db7-4e43-8641-de542872e7f5,31a6a1da-8f1a-4782-b9bf-40f4de8af562,high,score_penalized,"Synthetic case for presentation: 3 events observed, severity=high, outcome=score_penalized.",90b1b286-043f-4b76-92e4-23c74608f5ea,"2026-08-28 15:00:00"
1459a7ce-48b1-4068-a3b2-4bd1a193a850,a20879c1-0db7-4e43-8641-de542872e7f5,fd6bafa1-835a-44df-bde1-a61a64588933,high,score_penalized,"Synthetic case for presentation: 1 events observed, severity=high, outcome=score_penalized.",4ee3078e-2aeb-4786-b860-3d9ef1089c0f,"2026-08-29 15:09:00"
99f93440-af5d-4235-901e-190617d13ad4,a20879c1-0db7-4e43-8641-de542872e7f5,22e0d92b-44e4-4772-a2b4-c2e638d2c011,medium,warned,"Synthetic case for presentation: 2 events observed, severity=medium, outcome=warned.",4ee3078e-2aeb-4786-b860-3d9ef1089c0f,"2026-08-30 15:18:00"
e4aa7646-105e-4b6b-807e-ab80730a5326,a20879c1-0db7-4e43-8641-de542872e7f5,8d40df7e-9437-472b-879d-eb1f194d9bee,critical,invalidated,"Synthetic case for presentation: 3 events observed, severity=critical, outcome=invalidated.",4ee3078e-2aeb-4786-b860-3d9ef1089c0f,"2026-08-31 15:27:00"
7156afc7-5f2c-457b-ab2c-7867608a7f82,a20879c1-0db7-4e43-8641-de542872e7f5,ab0e4119-81d4-47ca-a098-56a4cd64a45d,low,pending,"Synthetic case for presentation: 1 events observed, severity=low, outcome=pending.",,
7b95a8d8-328a-46ea-9021-29bbf0ced35a,12db7e2b-1a64-4ad4-bc3e-9a5d03c0eae7,45482482-b5d7-4f42-9773-588a5a874d7d,medium,warned,"Synthetic case for presentation: 2 events observed, severity=medium, outcome=warned.",90b1b286-043f-4b76-92e4-23c74608f5ea,"2026-08-30 15:00:00"
49bf24ef-30c8-493f-901e-c7858b92969b,12db7e2b-1a64-4ad4-bc3e-9a5d03c0eae7,fa5f215a-08fe-4f6f-bd93-836a484b407e,critical,invalidated,"Synthetic case for presentation: 3 events observed, severity=critical, outcome=invalidated.",8555fd0d-db48-4006-8f07-44d62d2d0261,"2026-08-31 15:09:00"
f8c39b8a-be9c-4343-9c45-6dc525ebe276,12db7e2b-1a64-4ad4-bc3e-9a5d03c0eae7,829f63f4-2cf9-4d42-9727-937f11ab976f,low,pending,"Synthetic case for presentation: 1 events observed, severity=low, outcome=pending.",,
30e37c51-c2cc-4ad2-acfb-77fc2afece9c,12db7e2b-1a64-4ad4-bc3e-9a5d03c0eae7,78d41d9b-11b3-49ae-a673-1fdfe0ec57c1,medium,warned,"Synthetic case for presentation: 2 events observed, severity=medium, outcome=warned.",8555fd0d-db48-4006-8f07-44d62d2d0261,"2026-09-02 15:27:00"
961708ca-ff16-41c2-92dd-40c733bc343e,12db7e2b-1a64-4ad4-bc3e-9a5d03c0eae7,b9ed3434-0647-45fd-9033-e285f536809a,high,score_penalized,"Synthetic case for presentation: 3 events observed, severity=high, outcome=score_penalized.",90b1b286-043f-4b76-92e4-23c74608f5ea,"2026-09-03 15:36:00"
6a662d4b-f4ff-4881-98db-52c44ef1022c,f45299cc-474e-46f8-b501-a7e6863508c3,45ec64d2-9787-44a1-aaeb-0f6d3c9eccba,low,pending,"Synthetic case for presentation: 1 events observed, severity=low, outcome=pending.",,
418a3417-c62a-448a-ac87-ab8609abcd06,f45299cc-474e-46f8-b501-a7e6863508c3,c7db3530-63ee-4a07-b52b-ed25716e6689,medium,warned,"Synthetic case for presentation: 2 events observed, severity=medium, outcome=warned.",b86481b2-f12d-4305-92d4-7d1e14246c8b,"2026-09-02 15:09:00"
70c50e7c-2049-4a07-a9cb-d7520626e623,f45299cc-474e-46f8-b501-a7e6863508c3,34fec603-6473-4041-aa74-3d0d87058b32,high,score_penalized,"Synthetic case for presentation: 3 events observed, severity=high, outcome=score_penalized.",b86481b2-f12d-4305-92d4-7d1e14246c8b,"2026-09-03 15:18:00"
47f8c961-5f4b-4589-b303-feed47b189c3,f45299cc-474e-46f8-b501-a7e6863508c3,a6f67adc-c3ad-42a7-9c73-ee8dfec7e88f,low,pending,"Synthetic case for presentation: 1 events observed, severity=low, outcome=pending.",,
9a2fdf1e-87e1-483a-babe-358471f8c32b,f45299cc-474e-46f8-b501-a7e6863508c3,39bd8214-068d-42dd-a7e9-c11cd17bebd9,high,score_penalized,"Synthetic case for presentation: 2 events observed, severity=high, outcome=score_penalized.",90b1b286-043f-4b76-92e4-23c74608f5ea,"2026-09-05 15:36:00"
8dd132a7-2366-4138-bd10-1bcf4c46ef2a,3078c507-69c5-46da-b2f1-c0786609f124,38c2957f-106f-4036-95f5-9b0eb8ba6240,high,score_penalized,"Synthetic case for presentation: 3 events observed, severity=high, outcome=score_penalized.",90b1b286-043f-4b76-92e4-23c74608f5ea,"2026-09-03 15:00:00"
9e572cfc-496a-4c5a-a8f8-1d9bc1f9d045,3078c507-69c5-46da-b2f1-c0786609f124,699ad469-3016-4f40-b076-5f3ba4c11159,low,pending,"Synthetic case for presentation: 1 events observed, severity=low, outcome=pending.",,
fa15d933-6982-408d-a06c-fdbeb2a85066,3078c507-69c5-46da-b2f1-c0786609f124,c2b2bd08-5bd8-4ae5-ae81-2d4b980d21b5,high,score_penalized,"Synthetic case for presentation: 2 events observed, severity=high, outcome=score_penalized.",282050da-b7cf-422f-8ab7-aad01ed50e7f,"2026-09-05 15:18:00"
4ffe61b2-f98b-4281-a84d-6056b469f765,3078c507-69c5-46da-b2f1-c0786609f124,e65d0130-d969-4e7a-93d3-f2abf1c7dade,high,score_penalized,"Synthetic case for presentation: 3 events observed, severity=high, outcome=score_penalized.",282050da-b7cf-422f-8ab7-aad01ed50e7f,"2026-09-06 15:27:00"
b4e2e7ee-a3c4-4ecc-ab51-4fa8701fee5b,3078c507-69c5-46da-b2f1-c0786609f124,17c6cddf-83c1-4b7e-a4d4-527844eff3bc,low,pending,"Synthetic case for presentation: 1 events observed, severity=low, outcome=pending.",,
8ac3966d-c449-4b0b-acf8-24c4896d94e0,4a1e938c-2aa3-4a01-9916-a3bb52dd3178,e604886a-9933-427a-a75f-06ef7987eb6c,high,score_penalized,"Synthetic case for presentation: 2 events observed, severity=high, outcome=score_penalized.",90b1b286-043f-4b76-92e4-23c74608f5ea,"2026-09-05 15:00:00"
22202f60-8bc3-4fd2-90e2-4920a6a5338b,4a1e938c-2aa3-4a01-9916-a3bb52dd3178,b3fc3a4f-ff11-4ad0-99c0-e05b657a2d98,high,score_penalized,"Synthetic case for presentation: 3 events observed, severity=high, outcome=score_penalized.",92473d3a-d2f3-4251-ab53-64806ee3565c,"2026-09-06 15:09:00"
5e667b16-0e63-4b21-a536-8d93fbc2aab8,4a1e938c-2aa3-4a01-9916-a3bb52dd3178,9a93c303-8f96-46dc-80a8-c59ea398da1b,low,pending,"Synthetic case for presentation: 1 events observed, severity=low, outcome=pending.",,
c8253e1d-d36e-4df8-9a34-e5e06e044173,4a1e938c-2aa3-4a01-9916-a3bb52dd3178,e69d14e4-1870-404d-b5f5-96dd914ce1f3,medium,warned,"Synthetic case for presentation: 2 events observed, severity=medium, outcome=warned.",92473d3a-d2f3-4251-ab53-64806ee3565c,"2026-09-08 15:27:00"
4b239002-b681-41bf-8250-eec636406093,4a1e938c-2aa3-4a01-9916-a3bb52dd3178,681158f0-8811-4dc6-b927-6e57d094e55c,high,score_penalized,"Synthetic case for presentation: 3 events observed, severity=high, outcome=score_penalized.",90b1b286-043f-4b76-92e4-23c74608f5ea,"2026-09-09 15:36:00"
600db64f-f23d-4260-958b-35a9bd2fef80,795a1bcc-0367-4622-950e-88e6e412cff0,b6101ae4-4887-405a-9fa6-4a9bd2e7cc99,low,pending,"Synthetic case for presentation: 1 events observed, severity=low, outcome=pending.",,
40772618-a6aa-48ce-b70a-f8134d1fc202,795a1bcc-0367-4622-950e-88e6e412cff0,626dc90a-bc7d-4c38-95b0-2f56ddcb7cba,medium,warned,"Synthetic case for presentation: 2 events observed, severity=medium, outcome=warned.",ac237443-9733-49aa-b170-17e349d04cb9,"2026-09-08 15:09:00"
a6d7e875-2fb2-4ce1-aec1-ad899c7ee7ce,795a1bcc-0367-4622-950e-88e6e412cff0,a2711c6b-ac2b-42c1-83d3-c93e39f12aca,high,score_penalized,"Synthetic case for presentation: 3 events observed, severity=high, outcome=score_penalized.",ac237443-9733-49aa-b170-17e349d04cb9,"2026-09-09 15:18:00"
63dd7023-0939-4149-9d3a-bb30dbb45727,795a1bcc-0367-4622-950e-88e6e412cff0,2ad4308f-f05b-43b1-9f31-7a70ff59db58,high,score_penalized,"Synthetic case for presentation: 1 events observed, severity=high, outcome=score_penalized.",ac237443-9733-49aa-b170-17e349d04cb9,"2026-09-10 15:27:00"
3ebb6a84-56ca-4973-a876-1e1e100ff9b9,795a1bcc-0367-4622-950e-88e6e412cff0,91e222cf-d3d6-4e41-bed0-4f48267ec566,medium,warned,"Synthetic case for presentation: 2 events observed, severity=medium, outcome=warned.",90b1b286-043f-4b76-92e4-23c74608f5ea,"2026-09-11 15:36:00"
363ca7e5-e036-403e-8261-df255a434551,913c0430-69e3-4a38-8bf7-0dc0ed51af0a,bd7cfa23-890d-47e8-934c-c653c5cc96d7,high,score_penalized,"Synthetic case for presentation: 3 events observed, severity=high, outcome=score_penalized.",90b1b286-043f-4b76-92e4-23c74608f5ea,"2026-09-09 15:00:00"
90919cf4-44de-4792-b5dc-2f22f6436fec,913c0430-69e3-4a38-8bf7-0dc0ed51af0a,20f3c0d3-56d9-402c-9f5a-01e24d71e462,high,score_penalized,"Synthetic case for presentation: 1 events observed, severity=high, outcome=score_penalized.",463b2328-1463-4681-b2da-2758608d49eb,"2026-09-10 15:09:00"
d8dc60d8-8a71-476b-a32b-8ac04ded427e,913c0430-69e3-4a38-8bf7-0dc0ed51af0a,9837898a-da6b-4512-b344-8a7735781204,medium,warned,"Synthetic case for presentation: 2 events observed, severity=medium, outcome=warned.",463b2328-1463-4681-b2da-2758608d49eb,"2026-09-11 15:18:00"
94d04d6b-7656-44a8-8fcd-c11fe93df1f4,913c0430-69e3-4a38-8bf7-0dc0ed51af0a,3fa99f1b-ad11-4773-9277-ca52e1a41e61,critical,invalidated,"Synthetic case for presentation: 3 events observed, severity=critical, outcome=invalidated.",463b2328-1463-4681-b2da-2758608d49eb,"2026-09-12 15:27:00"
d34cc009-d759-4ae8-9c3b-2aa8fcf75c24,913c0430-69e3-4a38-8bf7-0dc0ed51af0a,77b4f2c3-091c-4e56-a788-6d026f720652,low,pending,"Synthetic case for presentation: 1 events observed, severity=low, outcome=pending.",,
891f03e6-cd1f-4a91-8212-be6ca6041555,57b0e5b9-b2ea-482f-a906-3f33002c0343,e7583369-195c-4750-b9e0-a8ab08661235,medium,warned,"Synthetic case for presentation: 2 events observed, severity=medium, outcome=warned.",90b1b286-043f-4b76-92e4-23c74608f5ea,"2026-09-11 15:00:00"
e36062d2-1248-46ad-8b03-c55f2f5a9d34,57b0e5b9-b2ea-482f-a906-3f33002c0343,9b70b9d1-4766-4167-8a49-46fd95dd19ad,critical,invalidated,"Synthetic case for presentation: 3 events observed, severity=critical, outcome=invalidated.",d1f95ff8-662d-49db-85a8-63113ebc5476,"2026-09-12 15:09:00"
33f5204c-2bd4-48a7-ae36-7ac8ceae773f,57b0e5b9-b2ea-482f-a906-3f33002c0343,cf448170-51ef-4c8a-b8a9-13d2ae615782,low,pending,"Synthetic case for presentation: 1 events observed, severity=low, outcome=pending.",,
af838558-9360-4ac2-a4a9-b22230e89b17,57b0e5b9-b2ea-482f-a906-3f33002c0343,3359ad91-8934-43b7-b4a0-73cad8d08d85,medium,warned,"Synthetic case for presentation: 2 events observed, severity=medium, outcome=warned.",d1f95ff8-662d-49db-85a8-63113ebc5476,"2026-09-14 15:27:00"
5a1a7227-2480-489e-a06a-a937b2438eb1,57b0e5b9-b2ea-482f-a906-3f33002c0343,d6194695-d3e3-4959-8f2c-f0df5ff9411e,high,score_penalized,"Synthetic case for presentation: 3 events observed, severity=high, outcome=score_penalized.",90b1b286-043f-4b76-92e4-23c74608f5ea,"2026-09-15 15:36:00"
9315ea73-4539-4fb4-b645-ad1aef064b68,c5d1303a-5a90-420b-85b3-c27ab9f3dfbc,b8df8c01-68ee-46a7-9718-22f4b51800bf,low,pending,"Synthetic case for presentation: 1 events observed, severity=low, outcome=pending.",,
b169bdc6-fc2e-48ac-a5d4-d26ceecaf25b,c5d1303a-5a90-420b-85b3-c27ab9f3dfbc,3dd46822-0d09-42a5-b12c-04157ce0d15c,medium,warned,"Synthetic case for presentation: 2 events observed, severity=medium, outcome=warned.",fcb3ca90-d6d7-473e-8710-734d966ad43f,"2026-09-14 15:09:00"
a75de18f-e9ee-431e-9bf8-fd901e1c7c7a,c5d1303a-5a90-420b-85b3-c27ab9f3dfbc,215dd3f4-53db-417e-92cd-94dd9b978f38,high,score_penalized,"Synthetic case for presentation: 3 events observed, severity=high, outcome=score_penalized.",fcb3ca90-d6d7-473e-8710-734d966ad43f,"2026-09-15 15:18:00"
b76171e4-b595-47c3-97ed-da6fbda69e30,c5d1303a-5a90-420b-85b3-c27ab9f3dfbc,11dee9c6-03bd-48d1-bb16-8d08e62347f8,low,pending,"Synthetic case for presentation: 1 events observed, severity=low, outcome=pending.",,
8d9a8d46-bc05-4210-a5a1-a4149679e49b,c5d1303a-5a90-420b-85b3-c27ab9f3dfbc,fa9d79b6-ca1a-42ac-890b-8f598db89fd4,high,score_penalized,"Synthetic case for presentation: 2 events observed, severity=high, outcome=score_penalized.",90b1b286-043f-4b76-92e4-23c74608f5ea,"2026-09-17 15:36:00"
3690a4d3-3a4c-4dcb-bb57-3ca7e39c4e2e,81190881-5a4c-4484-b30d-a30d5d0d55db,26802524-dc45-4bba-9d40-da89f290daf8,high,score_penalized,"Synthetic case for presentation: 3 events observed, severity=high, outcome=score_penalized.",90b1b286-043f-4b76-92e4-23c74608f5ea,"2026-09-15 15:00:00"
ed4d0c84-8c45-410d-bc2e-187c80ca77eb,81190881-5a4c-4484-b30d-a30d5d0d55db,1be38374-852b-4bce-bb19-0d78fc4378b7,low,pending,"Synthetic case for presentation: 1 events observed, severity=low, outcome=pending.",,
418d0e0e-15f0-429a-9c01-478ef12c2f33,81190881-5a4c-4484-b30d-a30d5d0d55db,38840722-cd51-407a-bd28-51fee3c0b11b,high,score_penalized,"Synthetic case for presentation: 2 events observed, severity=high, outcome=score_penalized.",f01f8676-df02-4e30-bacc-bc4949169438,"2026-09-17 15:18:00"
aa970fc0-1e78-4472-b9c1-eb2d8b27d7e6,81190881-5a4c-4484-b30d-a30d5d0d55db,9aa5ce8f-5e8a-4f73-9b6c-55cb2a15f3bd,high,score_penalized,"Synthetic case for presentation: 3 events observed, severity=high, outcome=score_penalized.",f01f8676-df02-4e30-bacc-bc4949169438,"2026-09-18 15:27:00"
e0c32995-29c8-4d71-9bc6-85e3355c7e04,81190881-5a4c-4484-b30d-a30d5d0d55db,deb43eee-8660-41cc-910c-133cc2d3c417,low,pending,"Synthetic case for presentation: 1 events observed, severity=low, outcome=pending.",,
7ed245e1-1c8e-4269-b557-be0e8628c372,0ced21d8-dc21-4d13-b9e6-c39c07047aa7,c609f3a6-6699-4c05-83ad-53e049050f78,high,score_penalized,"Synthetic case for presentation: 2 events observed, severity=high, outcome=score_penalized.",90b1b286-043f-4b76-92e4-23c74608f5ea,"2026-09-17 15:00:00"
1eeceede-745b-4f98-ba1a-e4fb5e01c44c,0ced21d8-dc21-4d13-b9e6-c39c07047aa7,ec99a493-eaa1-4190-81b3-28bfb00e4466,high,score_penalized,"Synthetic case for presentation: 3 events observed, severity=high, outcome=score_penalized.",fa740cfd-662d-4abe-a7f8-b2e4978352a7,"2026-09-18 15:09:00"
56e53cd2-749a-4ff5-baee-8525c712b5a5,0ced21d8-dc21-4d13-b9e6-c39c07047aa7,a338d6f9-a3e7-440a-b2be-3ac5821cfad8,low,pending,"Synthetic case for presentation: 1 events observed, severity=low, outcome=pending.",,
a16a05e7-45d9-48ba-ac32-86a0f24e6a04,0ced21d8-dc21-4d13-b9e6-c39c07047aa7,cde815d3-9ceb-4301-8fad-45a5a6fe4a92,medium,warned,"Synthetic case for presentation: 2 events observed, severity=medium, outcome=warned.",fa740cfd-662d-4abe-a7f8-b2e4978352a7,"2026-08-26 15:27:00"
1ccf2cf6-1715-447b-9a92-99cff395184a,0ced21d8-dc21-4d13-b9e6-c39c07047aa7,4463bb3b-77a5-4a50-b503-3dfd960765bb,high,score_penalized,"Synthetic case for presentation: 3 events observed, severity=high, outcome=score_penalized.",90b1b286-043f-4b76-92e4-23c74608f5ea,"2026-08-27 15:36:00"
eb921f17-280d-4533-9de8-d03ea6e48613,2b98f465-959c-4681-9741-2ba041b6fb3d,734776a8-d7b2-459d-a989-073744b504cf,low,pending,"Synthetic case for presentation: 1 events observed, severity=low, outcome=pending.",,
32a4ebbe-96ea-4b8a-85e4-88163bff6198,2b98f465-959c-4681-9741-2ba041b6fb3d,d0a66af5-8ae1-49b5-af9d-5f3b24e23271,medium,warned,"Synthetic case for presentation: 2 events observed, severity=medium, outcome=warned.",07fd63e8-1b8f-486d-8ffa-b17ab2db6be6,"2026-08-26 15:09:00"
5d743600-1b95-4985-b06d-c4f100d62272,2b98f465-959c-4681-9741-2ba041b6fb3d,e90fce81-5e4f-40ef-8286-4ac84679c47e,high,score_penalized,"Synthetic case for presentation: 3 events observed, severity=high, outcome=score_penalized.",07fd63e8-1b8f-486d-8ffa-b17ab2db6be6,"2026-08-27 15:18:00"
efd2b549-2ef3-4047-8ede-6ad2683fad64,2b98f465-959c-4681-9741-2ba041b6fb3d,9825d995-b9c5-4f73-a4ea-7e94387267c4,high,score_penalized,"Synthetic case for presentation: 1 events observed, severity=high, outcome=score_penalized.",07fd63e8-1b8f-486d-8ffa-b17ab2db6be6,"2026-08-28 15:27:00"
56365760-2968-4e80-86a4-45638aec9e35,2b98f465-959c-4681-9741-2ba041b6fb3d,e1d58e70-723b-48c9-bf95-1f85888bac98,medium,warned,"Synthetic case for presentation: 2 events observed, severity=medium, outcome=warned.",90b1b286-043f-4b76-92e4-23c74608f5ea,"2026-08-29 15:36:00"
8549f6b6-12d6-4e9f-989c-018588c415c8,226683ca-ce80-4ccf-9939-4d8aba5bf76b,b58fa7d7-9b13-4012-b202-651df707b122,high,score_penalized,"Synthetic case for presentation: 3 events observed, severity=high, outcome=score_penalized.",90b1b286-043f-4b76-92e4-23c74608f5ea,"2026-08-27 15:00:00"
fab12d2d-6584-451d-917a-749b7d9ea209,226683ca-ce80-4ccf-9939-4d8aba5bf76b,f9452f46-3b5f-4677-807b-8e15da0218b7,high,score_penalized,"Synthetic case for presentation: 1 events observed, severity=high, outcome=score_penalized.",e8df3578-328c-4993-b0af-48d5acfa6386,"2026-08-28 15:09:00"
898aef5a-a72c-44cf-8483-d591722fc162,226683ca-ce80-4ccf-9939-4d8aba5bf76b,eaeeea81-fee5-4bfe-b47a-65a592a1c468,medium,warned,"Synthetic case for presentation: 2 events observed, severity=medium, outcome=warned.",e8df3578-328c-4993-b0af-48d5acfa6386,"2026-08-29 15:18:00"
7cedbed9-0c07-402d-9e29-9519e7468ead,226683ca-ce80-4ccf-9939-4d8aba5bf76b,7cbd439c-b9ce-4177-a719-d7680a2010ed,critical,invalidated,"Synthetic case for presentation: 3 events observed, severity=critical, outcome=invalidated.",e8df3578-328c-4993-b0af-48d5acfa6386,"2026-08-30 15:27:00"
fab285ae-ffc9-42fb-b993-4c280b1064a6,226683ca-ce80-4ccf-9939-4d8aba5bf76b,c324ada6-6a12-421c-bd24-b11f3ef8a535,low,pending,"Synthetic case for presentation: 1 events observed, severity=low, outcome=pending.",,
31ea2235-1696-4dc8-a1dc-193ade765907,6ab1cd94-7100-4916-b2df-95016f13d214,03a64df3-5409-44fe-8761-7af2bd112033,medium,warned,"Synthetic case for presentation: 2 events observed, severity=medium, outcome=warned.",90b1b286-043f-4b76-92e4-23c74608f5ea,"2026-08-29 15:00:00"
319ae1ec-1146-4d49-9013-159bb4e12def,6ab1cd94-7100-4916-b2df-95016f13d214,92c358bd-7d43-4003-b1d0-4885e86f155d,critical,invalidated,"Synthetic case for presentation: 3 events observed, severity=critical, outcome=invalidated.",cb54ed5a-2de3-4327-a8fe-8353b5aa7620,"2026-08-30 15:09:00"
a4259813-fb0f-4c66-9384-2055eabd839b,6ab1cd94-7100-4916-b2df-95016f13d214,7fa5d931-ac08-4c68-9c9b-6508d3eab194,low,pending,"Synthetic case for presentation: 1 events observed, severity=low, outcome=pending.",,
63afa2c0-6a6b-4271-9fce-68586f7e340c,6ab1cd94-7100-4916-b2df-95016f13d214,6c9f507e-0803-48d8-93d8-9528cfc8aaa3,medium,warned,"Synthetic case for presentation: 2 events observed, severity=medium, outcome=warned.",cb54ed5a-2de3-4327-a8fe-8353b5aa7620,"2026-09-01 15:27:00"
8b787fb0-acee-4413-b216-c1202a31cb18,6ab1cd94-7100-4916-b2df-95016f13d214,97d85240-ec46-438b-a848-709fb5be4eef,high,score_penalized,"Synthetic case for presentation: 3 events observed, severity=high, outcome=score_penalized.",90b1b286-043f-4b76-92e4-23c74608f5ea,"2026-09-02 15:36:00"
ddbafa01-4d87-47cc-bbb6-5e813f8b0522,3e305c77-24a2-425f-a7f3-9a61f95b012c,883de4de-54d4-4657-820b-af7cafe82539,low,pending,"Synthetic case for presentation: 1 events observed, severity=low, outcome=pending.",,
d890bc67-83c0-498f-9879-cb7a4cf1cd02,3e305c77-24a2-425f-a7f3-9a61f95b012c,2d515e9e-994b-4f9f-84ce-fbcb13414ef3,medium,warned,"Synthetic case for presentation: 2 events observed, severity=medium, outcome=warned.",3fd39a13-659e-422b-bf9c-f7218afaf244,"2026-09-01 15:09:00"
7a06f6c7-e530-4f91-a6b2-cb0ac62c0d8d,3e305c77-24a2-425f-a7f3-9a61f95b012c,0708dd24-6d07-479d-8372-976781c27906,high,score_penalized,"Synthetic case for presentation: 3 events observed, severity=high, outcome=score_penalized.",3fd39a13-659e-422b-bf9c-f7218afaf244,"2026-09-02 15:18:00"
cadaa520-04a8-4e5b-9984-28bf5f7b0c87,3e305c77-24a2-425f-a7f3-9a61f95b012c,c50fafce-a287-4a78-aac0-71c91bfc8d25,low,pending,"Synthetic case for presentation: 1 events observed, severity=low, outcome=pending.",,
b925823c-41d6-40e7-9a2e-5e67bfb335e9,3e305c77-24a2-425f-a7f3-9a61f95b012c,6f5934fb-1b80-4bc3-9c6e-4008e610666c,high,score_penalized,"Synthetic case for presentation: 2 events observed, severity=high, outcome=score_penalized.",90b1b286-043f-4b76-92e4-23c74608f5ea,"2026-09-04 15:36:00"
e5c6582c-89d3-4d54-96b9-76544615d808,cccf3379-cd07-46b9-9ba3-7fa0b4b7afc9,2d4b5556-45ee-4b31-a818-5bf62df9187c,high,score_penalized,"Synthetic case for presentation: 3 events observed, severity=high, outcome=score_penalized.",90b1b286-043f-4b76-92e4-23c74608f5ea,"2026-09-02 15:00:00"
4dbd5b5b-ca8f-4ba4-9c45-3c9dec8082d1,cccf3379-cd07-46b9-9ba3-7fa0b4b7afc9,969cac47-7658-4535-aab8-8a38a093f418,low,pending,"Synthetic case for presentation: 1 events observed, severity=low, outcome=pending.",,
667803ed-be0f-4bf9-8c91-778832393ba8,cccf3379-cd07-46b9-9ba3-7fa0b4b7afc9,fdfc8d43-54d9-4aa7-bf13-89d834d14352,high,score_penalized,"Synthetic case for presentation: 2 events observed, severity=high, outcome=score_penalized.",0c693813-52e5-4d73-93e5-85a7adb3912f,"2026-09-04 15:18:00"
72f48fbd-2c3a-48a9-b8eb-e5cdf49d6fb2,cccf3379-cd07-46b9-9ba3-7fa0b4b7afc9,052ea7c2-123e-4af7-9de5-b50c724e89e4,high,score_penalized,"Synthetic case for presentation: 3 events observed, severity=high, outcome=score_penalized.",0c693813-52e5-4d73-93e5-85a7adb3912f,"2026-09-05 15:27:00"
cc0e3a7d-4928-4637-970b-dd9c9be9b8ec,cccf3379-cd07-46b9-9ba3-7fa0b4b7afc9,5492c71f-7e2d-48e8-b549-9860d2463cf4,low,pending,"Synthetic case for presentation: 1 events observed, severity=low, outcome=pending.",,
b399c4f3-f98b-419c-a272-94d83684f976,2c55b644-8fd2-471a-9882-a4694391249e,f7a4fecf-4a73-4198-ba55-5e23e8a5656d,high,score_penalized,"Synthetic case for presentation: 2 events observed, severity=high, outcome=score_penalized.",90b1b286-043f-4b76-92e4-23c74608f5ea,"2026-09-04 15:00:00"
7b909142-b658-458f-b2d1-b4d54f7f9295,2c55b644-8fd2-471a-9882-a4694391249e,9a41e481-61dd-4eee-aa9e-f47de6cc8be9,high,score_penalized,"Synthetic case for presentation: 3 events observed, severity=high, outcome=score_penalized.",a9381386-3ea9-427d-b832-6b40bf530116,"2026-09-05 15:09:00"
fb4e8df4-c285-41a5-8b2c-515843a0e3ad,2c55b644-8fd2-471a-9882-a4694391249e,b27272f0-e43d-4fb3-bc9c-14a142efbd6d,low,pending,"Synthetic case for presentation: 1 events observed, severity=low, outcome=pending.",,
34fb58ad-96c3-4b34-89a6-dcd441c1e4c4,2c55b644-8fd2-471a-9882-a4694391249e,6bfcbee5-93e8-4a12-9908-2e2399605642,medium,warned,"Synthetic case for presentation: 2 events observed, severity=medium, outcome=warned.",a9381386-3ea9-427d-b832-6b40bf530116,"2026-09-07 15:27:00"
76b35cd9-a6c4-4f93-8c69-a85a71ee4f79,2c55b644-8fd2-471a-9882-a4694391249e,cdb64054-b627-4703-89d1-fbd6850dda25,high,score_penalized,"Synthetic case for presentation: 3 events observed, severity=high, outcome=score_penalized.",90b1b286-043f-4b76-92e4-23c74608f5ea,"2026-09-08 15:36:00"
6dcde6c1-fe76-4e7b-8b64-7fb7542170d8,6b07f670-8838-4d26-ba48-467a69f6b23c,13dad67b-01f9-49df-b9ab-18c5f10845c5,low,pending,"Synthetic case for presentation: 1 events observed, severity=low, outcome=pending.",,
49b41b9f-dc0e-4515-8ff9-2f6e89780c6e,6b07f670-8838-4d26-ba48-467a69f6b23c,7503d1c8-76c5-4f81-85d0-4ab35a5f6e20,medium,warned,"Synthetic case for presentation: 2 events observed, severity=medium, outcome=warned.",bd22db83-30d3-4117-a002-cb17f827fc38,"2026-09-07 15:09:00"
b99051c4-ddaa-49cc-b1aa-c57272588b5b,6b07f670-8838-4d26-ba48-467a69f6b23c,19a9e080-eea9-435f-9cc2-0d767ab09193,high,score_penalized,"Synthetic case for presentation: 3 events observed, severity=high, outcome=score_penalized.",bd22db83-30d3-4117-a002-cb17f827fc38,"2026-09-08 15:18:00"
652ab8d1-7f35-47df-864a-de6d8d4ec6db,6b07f670-8838-4d26-ba48-467a69f6b23c,34959f14-325f-4d7e-baf3-361e05517870,high,score_penalized,"Synthetic case for presentation: 1 events observed, severity=high, outcome=score_penalized.",bd22db83-30d3-4117-a002-cb17f827fc38,"2026-09-09 15:27:00"
862825b2-d82f-49fb-908f-ccdea3bc64df,6b07f670-8838-4d26-ba48-467a69f6b23c,154fad09-cc36-412f-8f9e-89a150cd134f,medium,warned,"Synthetic case for presentation: 2 events observed, severity=medium, outcome=warned.",90b1b286-043f-4b76-92e4-23c74608f5ea,"2026-09-10 15:36:00"
3da41d4e-8ff4-4b4c-94bc-4e50000affc1,a21659ee-ea02-4534-ba12-c7666c0e5c5f,48c40dcb-c4e5-4ce0-b7e0-b8bd10aab549,high,score_penalized,"Synthetic case for presentation: 3 events observed, severity=high, outcome=score_penalized.",90b1b286-043f-4b76-92e4-23c74608f5ea,"2026-09-08 15:00:00"
85adf613-31b9-4691-a141-d8e50d7bbb8b,a21659ee-ea02-4534-ba12-c7666c0e5c5f,56b3b550-61d5-4dff-86b1-2e3f099f84a2,high,score_penalized,"Synthetic case for presentation: 1 events observed, severity=high, outcome=score_penalized.",d56efe1a-f2b7-4ba0-b9f6-5f7a9d6ccd57,"2026-09-09 15:09:00"
0b78b016-ce37-405c-9dd7-9514d1fa5b10,a21659ee-ea02-4534-ba12-c7666c0e5c5f,cd02770e-60dd-436d-b18b-ece7ece633cd,medium,warned,"Synthetic case for presentation: 2 events observed, severity=medium, outcome=warned.",d56efe1a-f2b7-4ba0-b9f6-5f7a9d6ccd57,"2026-09-10 15:18:00"
f5f63440-a5a1-4e88-a0ec-b39c2ba0de05,a21659ee-ea02-4534-ba12-c7666c0e5c5f,1e70646b-f284-4df6-974c-51fe14184ad5,critical,invalidated,"Synthetic case for presentation: 3 events observed, severity=critical, outcome=invalidated.",d56efe1a-f2b7-4ba0-b9f6-5f7a9d6ccd57,"2026-09-11 15:27:00"
25771b77-f7b0-4191-a714-c36fc47150d5,a21659ee-ea02-4534-ba12-c7666c0e5c5f,d5143ee0-8066-440d-ba01-7db1661d74d8,low,pending,"Synthetic case for presentation: 1 events observed, severity=low, outcome=pending.",,
6ffd612f-f726-429d-be51-537e7d8a09ec,d5b94b30-84af-4b5b-85b9-da874634f122,efeeaa55-4b7a-4cde-bae1-9cbd23b0271c,medium,warned,"Synthetic case for presentation: 2 events observed, severity=medium, outcome=warned.",90b1b286-043f-4b76-92e4-23c74608f5ea,"2026-09-10 15:00:00"
1d6b8439-307c-456f-8243-ad6088ef74fd,d5b94b30-84af-4b5b-85b9-da874634f122,a7282c9c-75bf-4b1c-a949-0fb433048331,critical,invalidated,"Synthetic case for presentation: 3 events observed, severity=critical, outcome=invalidated.",0bc30fc9-0792-4ff7-a646-0d7967ac4fdd,"2026-09-11 15:09:00"
3a91d4af-42cf-43cc-9e9b-af1cb39d123f,d5b94b30-84af-4b5b-85b9-da874634f122,0bb87de7-dfdd-4f46-968c-8b25625cd3f1,low,pending,"Synthetic case for presentation: 1 events observed, severity=low, outcome=pending.",,
bd0471b1-94da-4351-85f4-d0283cacd73a,d5b94b30-84af-4b5b-85b9-da874634f122,75ecb226-f805-4057-90da-bdc06b7181d7,medium,warned,"Synthetic case for presentation: 2 events observed, severity=medium, outcome=warned.",0bc30fc9-0792-4ff7-a646-0d7967ac4fdd,"2026-09-13 15:27:00"
bb56644a-baa9-48f0-a738-429386814655,d5b94b30-84af-4b5b-85b9-da874634f122,f58276c9-7cc5-48a7-b6b1-be6150ae740d,high,score_penalized,"Synthetic case for presentation: 3 events observed, severity=high, outcome=score_penalized.",90b1b286-043f-4b76-92e4-23c74608f5ea,"2026-09-14 15:36:00"
56cca2c8-6112-42bf-9355-8e193174e10d,cb57860e-47a2-4bb5-851c-c4bcbff404da,5bd3c500-7d35-4ede-8140-bf492409bd2d,low,pending,"Synthetic case for presentation: 1 events observed, severity=low, outcome=pending.",,
b88998e4-da1b-403e-96b3-eb1f5975019a,cb57860e-47a2-4bb5-851c-c4bcbff404da,f7fb79a7-0959-4f10-aa22-0a143e6e7bfa,medium,warned,"Synthetic case for presentation: 2 events observed, severity=medium, outcome=warned.",bb0f6fe1-0106-46a9-b3cc-4f7a2d4c9054,"2026-09-13 15:09:00"
6238a742-616b-445f-8ac8-6c57b6fbb1f5,cb57860e-47a2-4bb5-851c-c4bcbff404da,688f6c74-a507-415a-a9a7-f68d68394315,high,score_penalized,"Synthetic case for presentation: 3 events observed, severity=high, outcome=score_penalized.",bb0f6fe1-0106-46a9-b3cc-4f7a2d4c9054,"2026-09-14 15:18:00"
2f013bd3-be77-4a71-b93c-420fbfd3377e,cb57860e-47a2-4bb5-851c-c4bcbff404da,e19405f7-c809-40c5-a269-a8d69565b2f5,low,pending,"Synthetic case for presentation: 1 events observed, severity=low, outcome=pending.",,
9964cfe8-f743-4be3-9ac0-f1785ede44b0,cb57860e-47a2-4bb5-851c-c4bcbff404da,1efbb43b-32c1-4257-9bcd-76999140d707,high,score_penalized,"Synthetic case for presentation: 2 events observed, severity=high, outcome=score_penalized.",90b1b286-043f-4b76-92e4-23c74608f5ea,"2026-09-16 15:36:00"
09d75776-0ba2-49d9-8c42-674143b71379,5e2f9d4e-015f-4d88-b1f0-79e9e081ba41,dc0d0438-009b-46f9-bee1-88f8fa5cf250,high,score_penalized,"Synthetic case for presentation: 3 events observed, severity=high, outcome=score_penalized.",90b1b286-043f-4b76-92e4-23c74608f5ea,"2026-09-14 15:00:00"
32d6918f-cdc6-4a63-8fc7-bd52df9cef40,5e2f9d4e-015f-4d88-b1f0-79e9e081ba41,61f1aee0-9e44-4734-882b-cda4be7339a1,low,pending,"Synthetic case for presentation: 1 events observed, severity=low, outcome=pending.",,
91ce8730-ddcf-430f-a0ac-342c02c5e8dc,5e2f9d4e-015f-4d88-b1f0-79e9e081ba41,08719e92-936a-43df-b67c-0f2f716b0c22,high,score_penalized,"Synthetic case for presentation: 2 events observed, severity=high, outcome=score_penalized.",f79b2fc9-ee28-47a3-81e8-3e267c598bf5,"2026-09-16 15:18:00"
9d8f15bc-78f9-4f12-9521-632b0d6e3c6b,5e2f9d4e-015f-4d88-b1f0-79e9e081ba41,e5e4a518-3a36-47e1-8e41-9a79f39a80a5,high,score_penalized,"Synthetic case for presentation: 3 events observed, severity=high, outcome=score_penalized.",f79b2fc9-ee28-47a3-81e8-3e267c598bf5,"2026-09-17 15:27:00"
61a81acc-d3bd-438c-98c2-41b2296708c2,5e2f9d4e-015f-4d88-b1f0-79e9e081ba41,3dcb2b0e-d99f-44ca-b15f-26a925b61570,low,pending,"Synthetic case for presentation: 1 events observed, severity=low, outcome=pending.",,
b0f6fdfe-0000-4a40-a533-255cc44a66af,0802373e-84a5-4929-b102-bfda27af1b0e,d68e5759-86a3-427e-ad76-a69ed6884063,high,score_penalized,"Synthetic case for presentation: 2 events observed, severity=high, outcome=score_penalized.",90b1b286-043f-4b76-92e4-23c74608f5ea,"2026-09-16 15:00:00"
5bfd34bb-04f4-483a-84e1-3e50703f4f11,0802373e-84a5-4929-b102-bfda27af1b0e,9fc98708-4b80-458d-bdc5-165179b93414,high,score_penalized,"Synthetic case for presentation: 3 events observed, severity=high, outcome=score_penalized.",1424f150-e7c2-4ffe-8e1f-c45ed52425d7,"2026-09-17 15:09:00"
08815a0e-6086-454a-b501-ac8646d43bee,0802373e-84a5-4929-b102-bfda27af1b0e,bcbd0115-b1b0-4fe0-8795-fe224108a151,low,pending,"Synthetic case for presentation: 1 events observed, severity=low, outcome=pending.",,
ca621d6d-6c87-41ea-b394-3ace5e311cf5,0802373e-84a5-4929-b102-bfda27af1b0e,8b16a4f6-1e6b-4036-9f11-f48927a475fa,medium,warned,"Synthetic case for presentation: 2 events observed, severity=medium, outcome=warned.",1424f150-e7c2-4ffe-8e1f-c45ed52425d7,"2026-09-19 15:27:00"
bf4a42da-3011-4f3b-ba2d-a993b3570fae,0802373e-84a5-4929-b102-bfda27af1b0e,54a6913d-a4ec-4ee8-9e6d-b9089a18e91c,high,score_penalized,"Synthetic case for presentation: 3 events observed, severity=high, outcome=score_penalized.",90b1b286-043f-4b76-92e4-23c74608f5ea,"2026-08-26 15:36:00"
a0ce585e-8a6c-4f5c-a964-1fb8cdaf8e9c,2030deac-eaef-422c-82f6-b030a9511be0,2a0aa5b2-fb01-44dd-935d-71a284738bfa,low,pending,"Synthetic case for presentation: 1 events observed, severity=low, outcome=pending.",,
e980dbf9-676c-4228-b507-1ab7d44c5a37,2030deac-eaef-422c-82f6-b030a9511be0,0b2b8b03-f39f-4eae-b527-b0801252f04e,medium,warned,"Synthetic case for presentation: 2 events observed, severity=medium, outcome=warned.",945a60fc-3c68-495a-90d2-ed0b6a783aaf,"2026-09-19 15:09:00"
80ec5a52-d0f1-47ab-ae45-dbf9cadfdcbc,2030deac-eaef-422c-82f6-b030a9511be0,d16b2a1f-f850-4b31-9a30-31fed8d634e3,high,score_penalized,"Synthetic case for presentation: 3 events observed, severity=high, outcome=score_penalized.",945a60fc-3c68-495a-90d2-ed0b6a783aaf,"2026-08-26 15:18:00"
86829619-f1a4-4265-8976-d19936684cc1,2030deac-eaef-422c-82f6-b030a9511be0,e8b2aa85-8697-4e78-9df7-7e6df93ed925,high,score_penalized,"Synthetic case for presentation: 1 events observed, severity=high, outcome=score_penalized.",945a60fc-3c68-495a-90d2-ed0b6a783aaf,"2026-08-27 15:27:00"
5fac389c-1abc-465b-8201-8252a3eb0417,2030deac-eaef-422c-82f6-b030a9511be0,d7680c61-ca9b-4dd5-bc89-29ec814a83e5,medium,warned,"Synthetic case for presentation: 2 events observed, severity=medium, outcome=warned.",90b1b286-043f-4b76-92e4-23c74608f5ea,"2026-08-28 15:36:00"
2d486afc-2c82-45c3-995f-66f0aca3884f,e9205fee-d904-48a9-87bf-45d78d5bebb4,8342a8a0-5fa7-4eb1-9603-68ab6507240a,high,score_penalized,"Synthetic case for presentation: 3 events observed, severity=high, outcome=score_penalized.",90b1b286-043f-4b76-92e4-23c74608f5ea,"2026-08-26 15:00:00"
c5915f0f-576e-4858-a24e-07258af25cba,e9205fee-d904-48a9-87bf-45d78d5bebb4,45839be2-458d-4424-a257-ca0c5a0a071a,high,score_penalized,"Synthetic case for presentation: 1 events observed, severity=high, outcome=score_penalized.",7b893ccf-8eb8-46ae-8fa7-bdeaac77a976,"2026-08-27 15:09:00"
9b826d60-d5ae-43be-82c2-0e3227db92b1,e9205fee-d904-48a9-87bf-45d78d5bebb4,72acc876-22ea-4c01-8b6b-8745e5f1f303,medium,warned,"Synthetic case for presentation: 2 events observed, severity=medium, outcome=warned.",7b893ccf-8eb8-46ae-8fa7-bdeaac77a976,"2026-08-28 15:18:00"
7969e029-3cef-41e3-9753-6a6ef85fab0a,e9205fee-d904-48a9-87bf-45d78d5bebb4,0fd10346-6192-48d4-be80-e9e5168cc4ec,critical,invalidated,"Synthetic case for presentation: 3 events observed, severity=critical, outcome=invalidated.",7b893ccf-8eb8-46ae-8fa7-bdeaac77a976,"2026-08-29 15:27:00"
9f7c9e4e-d1bc-4429-9a1b-8be565fbb016,e9205fee-d904-48a9-87bf-45d78d5bebb4,687f7d45-b47f-4342-82ad-9e9761992a54,low,pending,"Synthetic case for presentation: 1 events observed, severity=low, outcome=pending.",,
a69c8a52-0734-4f00-9546-6f0a5581dbc9,4aee057f-0168-4e95-9b6b-57091fe3293b,1108fe4b-6263-41d2-94ec-890f0afac322,medium,warned,"Synthetic case for presentation: 2 events observed, severity=medium, outcome=warned.",90b1b286-043f-4b76-92e4-23c74608f5ea,"2026-08-28 15:00:00"
6b1fb2f8-0cef-4451-b361-ec31fe35cbd4,4aee057f-0168-4e95-9b6b-57091fe3293b,639b2c56-35dc-40b8-8add-7c1efba96eda,critical,invalidated,"Synthetic case for presentation: 3 events observed, severity=critical, outcome=invalidated.",2b71b54d-9595-4755-ad2a-16d78f097b7f,"2026-08-29 15:09:00"
8a467d1f-6dd1-4ac4-ad5f-1f9089ad68e6,4aee057f-0168-4e95-9b6b-57091fe3293b,33ad7757-0b6d-4c9a-9565-d13b31ff2e31,low,pending,"Synthetic case for presentation: 1 events observed, severity=low, outcome=pending.",,
6ca3c298-464c-4bff-804e-701b48846e41,4aee057f-0168-4e95-9b6b-57091fe3293b,b6aa537b-382e-4aff-a3fc-243e9461ed91,medium,warned,"Synthetic case for presentation: 2 events observed, severity=medium, outcome=warned.",2b71b54d-9595-4755-ad2a-16d78f097b7f,"2026-08-31 15:27:00"
8d311667-6d26-4ddd-9c83-c487c05f4d10,4aee057f-0168-4e95-9b6b-57091fe3293b,13c439e4-3616-4234-ba68-1a1325400aed,high,score_penalized,"Synthetic case for presentation: 3 events observed, severity=high, outcome=score_penalized.",90b1b286-043f-4b76-92e4-23c74608f5ea,"2026-09-01 15:36:00"
3fcbfb36-27ec-4f68-ab96-3290b264f1a3,3fbbe1a4-ed89-474f-bdf2-1d77ffeed683,407421f0-1172-45cb-bb94-4767f3edbb30,low,pending,"Synthetic case for presentation: 1 events observed, severity=low, outcome=pending.",,
ea73d1f6-c399-4322-b5d0-c29da8121e09,3fbbe1a4-ed89-474f-bdf2-1d77ffeed683,594857ce-44a8-45d4-af04-bfe34ada9283,medium,warned,"Synthetic case for presentation: 2 events observed, severity=medium, outcome=warned.",82a88c04-6402-409f-a48a-5f61d3a29870,"2026-08-31 15:09:00"
0998cf90-cdbb-4abd-968b-46fd67072e0e,3fbbe1a4-ed89-474f-bdf2-1d77ffeed683,84dea0d9-c0e2-4a20-9dbc-f76d1736455d,high,score_penalized,"Synthetic case for presentation: 3 events observed, severity=high, outcome=score_penalized.",82a88c04-6402-409f-a48a-5f61d3a29870,"2026-09-01 15:18:00"
04a24586-04f0-4edf-ad5c-051dcd62850a,3fbbe1a4-ed89-474f-bdf2-1d77ffeed683,4901e2dc-1da4-49f1-b86a-932af98bd48c,low,pending,"Synthetic case for presentation: 1 events observed, severity=low, outcome=pending.",,
bf43aa4e-f741-415b-9a15-f1b91be2bd7b,3fbbe1a4-ed89-474f-bdf2-1d77ffeed683,c902d667-393c-4258-8299-7a6157d8e6d1,high,score_penalized,"Synthetic case for presentation: 2 events observed, severity=high, outcome=score_penalized.",90b1b286-043f-4b76-92e4-23c74608f5ea,"2026-09-03 15:36:00"
7e32b901-9b0f-42ca-82ec-19c506b7812a,a783d237-abee-4870-9921-e56f095c9b2d,2428bc32-10c2-4399-a5d8-ce57752644e4,high,score_penalized,"Synthetic case for presentation: 3 events observed, severity=high, outcome=score_penalized.",90b1b286-043f-4b76-92e4-23c74608f5ea,"2026-09-01 15:00:00"
17f2947d-52b2-411e-ba21-c43de20cf802,a783d237-abee-4870-9921-e56f095c9b2d,5e903d99-3489-4bab-a383-8179f140e0f4,low,pending,"Synthetic case for presentation: 1 events observed, severity=low, outcome=pending.",,
0d10ae2e-50f6-40e7-9cd8-71bb12382747,a783d237-abee-4870-9921-e56f095c9b2d,623dd77b-dea6-4329-8554-b32b8a305192,high,score_penalized,"Synthetic case for presentation: 2 events observed, severity=high, outcome=score_penalized.",6fcd2ce8-5857-4477-9e2f-263efc5baec5,"2026-09-03 15:18:00"
6f500eb9-08cb-462c-9a1a-37f7199d7080,a783d237-abee-4870-9921-e56f095c9b2d,ae39eece-ba70-45db-9fb8-dbe7b531ba07,high,score_penalized,"Synthetic case for presentation: 3 events observed, severity=high, outcome=score_penalized.",6fcd2ce8-5857-4477-9e2f-263efc5baec5,"2026-09-04 15:27:00"
00a10511-cce2-4810-8c58-d9162135d89d,a783d237-abee-4870-9921-e56f095c9b2d,54cc69d7-6eb0-485b-b24e-6fce30b2709c,low,pending,"Synthetic case for presentation: 1 events observed, severity=low, outcome=pending.",,
dd9ce54a-4f63-4704-ae30-068d2d0e9e6b,1c72ac78-ac62-4692-80c6-464a85fd9aac,e1f1f513-fa60-4e0b-8dc1-00fe2dc4caba,high,score_penalized,"Synthetic case for presentation: 2 events observed, severity=high, outcome=score_penalized.",90b1b286-043f-4b76-92e4-23c74608f5ea,"2026-09-03 15:00:00"
5a4cb01e-cfe2-4521-91e7-a890e511e567,1c72ac78-ac62-4692-80c6-464a85fd9aac,6cd225f0-d3b2-41bc-8003-25fd88c3e62e,high,score_penalized,"Synthetic case for presentation: 3 events observed, severity=high, outcome=score_penalized.",6eef852d-1cb7-4ca0-9944-297103dad0e4,"2026-09-04 15:09:00"
70f998c0-ce94-4595-89d4-53d961814567,1c72ac78-ac62-4692-80c6-464a85fd9aac,cda21c2a-e760-4ac7-ad59-f765a9a09e90,low,pending,"Synthetic case for presentation: 1 events observed, severity=low, outcome=pending.",,
48414d5a-8a39-4bfb-bc15-b265f7633749,1c72ac78-ac62-4692-80c6-464a85fd9aac,c14478d1-7923-481c-9725-3c64bbca98be,medium,warned,"Synthetic case for presentation: 2 events observed, severity=medium, outcome=warned.",6eef852d-1cb7-4ca0-9944-297103dad0e4,"2026-09-06 15:27:00"
06c52ba6-44c0-4e77-b0fb-9095cf4da2d9,1c72ac78-ac62-4692-80c6-464a85fd9aac,7a85f295-64aa-45b5-8ec9-62fdb820305a,high,score_penalized,"Synthetic case for presentation: 3 events observed, severity=high, outcome=score_penalized.",90b1b286-043f-4b76-92e4-23c74608f5ea,"2026-09-07 15:36:00"
92e3af93-4290-43ca-a657-247f9a4247f8,14002add-a94e-4642-ac04-ca96d565ba34,e4c76da9-e8fe-4009-83e6-12d679b28a63,low,pending,"Synthetic case for presentation: 1 events observed, severity=low, outcome=pending.",,
29299750-b899-4d39-9cda-ac5d7e302ad7,14002add-a94e-4642-ac04-ca96d565ba34,846b2172-a7e5-4f5b-85d4-7bcc7ceeec7c,medium,warned,"Synthetic case for presentation: 2 events observed, severity=medium, outcome=warned.",d9be276f-e873-4e40-a366-56bdd0a25f51,"2026-09-06 15:09:00"
f94b6826-a28e-4469-b7cd-eb5164936227,14002add-a94e-4642-ac04-ca96d565ba34,877f8387-a435-484c-804e-29cec0087af9,high,score_penalized,"Synthetic case for presentation: 3 events observed, severity=high, outcome=score_penalized.",d9be276f-e873-4e40-a366-56bdd0a25f51,"2026-09-07 15:18:00"
4bf1b874-0eca-494b-afb0-1816784eb8fd,14002add-a94e-4642-ac04-ca96d565ba34,96b39052-fec5-425b-bdfb-a2d6820afcc8,high,score_penalized,"Synthetic case for presentation: 1 events observed, severity=high, outcome=score_penalized.",d9be276f-e873-4e40-a366-56bdd0a25f51,"2026-09-08 15:27:00"
3f64de5b-eb60-4577-8236-ddbbf8ac3116,14002add-a94e-4642-ac04-ca96d565ba34,c2e7902e-e10d-470a-b4ae-d22978b31f0e,medium,warned,"Synthetic case for presentation: 2 events observed, severity=medium, outcome=warned.",90b1b286-043f-4b76-92e4-23c74608f5ea,"2026-09-09 15:36:00"
e35a36d7-8acb-4afd-97e1-a748975ded2b,57a3468d-3541-422a-a611-1f1cdb684749,05d2268c-dad1-49e3-a6ae-d88a6d185985,high,score_penalized,"Synthetic case for presentation: 3 events observed, severity=high, outcome=score_penalized.",90b1b286-043f-4b76-92e4-23c74608f5ea,"2026-09-07 15:00:00"
3cfa970f-9208-47bf-98f8-c338403e5117,57a3468d-3541-422a-a611-1f1cdb684749,b543fb8c-eca1-4e6c-96d8-508c6e8696f2,high,score_penalized,"Synthetic case for presentation: 1 events observed, severity=high, outcome=score_penalized.",d91aadc8-08c4-4f03-b6dd-35b10184e49b,"2026-09-08 15:09:00"
39dbc64a-28c8-4d53-9ba9-8b872e14aab5,57a3468d-3541-422a-a611-1f1cdb684749,7c98964f-eff0-4448-87ad-7c44d388e374,medium,warned,"Synthetic case for presentation: 2 events observed, severity=medium, outcome=warned.",d91aadc8-08c4-4f03-b6dd-35b10184e49b,"2026-09-09 15:18:00"
a983d86b-542d-4145-89c3-e15a6dfe7035,57a3468d-3541-422a-a611-1f1cdb684749,1bd3dc53-4728-4a85-b33d-ff4a4350595c,critical,invalidated,"Synthetic case for presentation: 3 events observed, severity=critical, outcome=invalidated.",d91aadc8-08c4-4f03-b6dd-35b10184e49b,"2026-09-10 15:27:00"
f2ffa5b7-9911-4c5e-97e2-e90bb74e22ba,57a3468d-3541-422a-a611-1f1cdb684749,86d96e1e-276e-45a4-9cc3-2c52bbc28fc5,low,pending,"Synthetic case for presentation: 1 events observed, severity=low, outcome=pending.",,
6b9eedb8-5484-4c42-877f-753f1ed686e9,e0a999dc-9c45-4b50-8860-34cee60ad05e,1e45bc04-1735-4153-b6b2-daa44079e67d,medium,warned,"Synthetic case for presentation: 2 events observed, severity=medium, outcome=warned.",90b1b286-043f-4b76-92e4-23c74608f5ea,"2026-09-09 15:00:00"
1adee1c0-e63a-4e06-b84a-ab8c7f31504a,e0a999dc-9c45-4b50-8860-34cee60ad05e,768d5869-a0fe-4b3b-babc-b2ec1d4718bd,critical,invalidated,"Synthetic case for presentation: 3 events observed, severity=critical, outcome=invalidated.",5d369d4f-2438-42cd-b775-a838d64f0c3f,"2026-09-10 15:09:00"
ed2e162e-bf2b-4571-80a9-c5acd0703a46,e0a999dc-9c45-4b50-8860-34cee60ad05e,a6c894b6-3e35-4274-be6b-5928c81b0f86,low,pending,"Synthetic case for presentation: 1 events observed, severity=low, outcome=pending.",,
a8e69af8-b3a3-45f2-aa31-1f79453d6d5e,e0a999dc-9c45-4b50-8860-34cee60ad05e,52471f13-973b-4131-a895-fe50419aeb0e,medium,warned,"Synthetic case for presentation: 2 events observed, severity=medium, outcome=warned.",5d369d4f-2438-42cd-b775-a838d64f0c3f,"2026-09-12 15:27:00"
3d0150f3-4667-4c1c-893e-a157a4e497a9,e0a999dc-9c45-4b50-8860-34cee60ad05e,5a1b4544-3d08-49aa-8804-248dff089a0d,high,score_penalized,"Synthetic case for presentation: 3 events observed, severity=high, outcome=score_penalized.",90b1b286-043f-4b76-92e4-23c74608f5ea,"2026-09-13 15:36:00"
f1b2dda6-604d-450c-84ca-0f50e3221f3e,70bc19f7-7a02-406a-ad8d-61c88b3e065b,e36e9144-c48d-4a6e-bb89-e4ff441a65d5,low,pending,"Synthetic case for presentation: 1 events observed, severity=low, outcome=pending.",,
eb203a21-0cc0-40c2-a6e1-2c9323304791,70bc19f7-7a02-406a-ad8d-61c88b3e065b,b11337be-a578-4790-beb3-5b0e816fb886,medium,warned,"Synthetic case for presentation: 2 events observed, severity=medium, outcome=warned.",ad2c899f-fb3b-4d97-9f77-b0560d057050,"2026-09-12 15:09:00"
86b70fe6-29f2-4334-9711-cfd3dea2d6fe,70bc19f7-7a02-406a-ad8d-61c88b3e065b,6f358575-4610-46fe-b9a1-e46b09e8e360,high,score_penalized,"Synthetic case for presentation: 3 events observed, severity=high, outcome=score_penalized.",ad2c899f-fb3b-4d97-9f77-b0560d057050,"2026-09-13 15:18:00"
35e12782-cea8-41fb-b194-3d7c82e5c557,70bc19f7-7a02-406a-ad8d-61c88b3e065b,40e6f525-18fc-4eb1-8d28-61ee33290295,low,pending,"Synthetic case for presentation: 1 events observed, severity=low, outcome=pending.",,
34c015c2-1cb7-4c9b-8d3c-667a3b406d8c,70bc19f7-7a02-406a-ad8d-61c88b3e065b,6884012b-8727-41bc-aed7-5e1d0c7e6843,high,score_penalized,"Synthetic case for presentation: 2 events observed, severity=high, outcome=score_penalized.",90b1b286-043f-4b76-92e4-23c74608f5ea,"2026-09-15 15:36:00"
6d2b2f94-d71d-4770-8c97-fbca42254f7b,8a673be9-0314-45ed-9573-f9edf76422fc,150bc4e7-c8c0-4b29-88d7-f83f5fbd2771,high,score_penalized,"Synthetic case for presentation: 3 events observed, severity=high, outcome=score_penalized.",90b1b286-043f-4b76-92e4-23c74608f5ea,"2026-09-13 15:00:00"
28e9c129-1591-4a85-829f-219b683ba358,8a673be9-0314-45ed-9573-f9edf76422fc,af728a20-ec75-4d03-8ade-d856d214c59b,low,pending,"Synthetic case for presentation: 1 events observed, severity=low, outcome=pending.",,
831373f5-29a9-4ba3-bc2d-f2e77a0ec4fb,8a673be9-0314-45ed-9573-f9edf76422fc,5920407c-a7cd-4825-baee-9023e17df767,high,score_penalized,"Synthetic case for presentation: 2 events observed, severity=high, outcome=score_penalized.",364eee40-3401-472d-885d-2c4f5656a3d8,"2026-09-15 15:18:00"
35f678d7-b86a-4e50-948a-c2c74f776376,8a673be9-0314-45ed-9573-f9edf76422fc,e8850110-430d-48d1-a919-b064b95ee96f,high,score_penalized,"Synthetic case for presentation: 3 events observed, severity=high, outcome=score_penalized.",364eee40-3401-472d-885d-2c4f5656a3d8,"2026-09-16 15:27:00"
57459a55-6c40-4710-9f59-83c73fd5d497,8a673be9-0314-45ed-9573-f9edf76422fc,eaa399cd-040c-4c78-9f8e-c95e955ccfa3,low,pending,"Synthetic case for presentation: 1 events observed, severity=low, outcome=pending.",,
fc5cd9d0-ea69-4e63-90e8-a02a794cb417,66e4027d-502c-4a4f-8b54-510027f33abb,b39e4145-50f3-4819-803d-df89a238cf58,high,score_penalized,"Synthetic case for presentation: 2 events observed, severity=high, outcome=score_penalized.",90b1b286-043f-4b76-92e4-23c74608f5ea,"2026-09-15 15:00:00"
4627cb7c-d77e-48af-a0c6-126c9e87a9b8,66e4027d-502c-4a4f-8b54-510027f33abb,225ba161-4e5e-4265-8795-60dd124938c0,high,score_penalized,"Synthetic case for presentation: 3 events observed, severity=high, outcome=score_penalized.",15273740-0b42-4bac-b787-066daf55225e,"2026-09-16 15:09:00"
f26e1b81-addf-4f0a-84e4-0e6739b8c627,66e4027d-502c-4a4f-8b54-510027f33abb,3adc2461-6f41-497f-b31d-4bcbca551a10,low,pending,"Synthetic case for presentation: 1 events observed, severity=low, outcome=pending.",,
be448d6f-d599-4907-90ff-371d2e164175,66e4027d-502c-4a4f-8b54-510027f33abb,a561277b-930c-4251-a71f-faaf7885fb4f,medium,warned,"Synthetic case for presentation: 2 events observed, severity=medium, outcome=warned.",15273740-0b42-4bac-b787-066daf55225e,"2026-09-18 15:27:00"
99d395db-9628-49ea-a1f9-eb71742d6cd7,66e4027d-502c-4a4f-8b54-510027f33abb,acd3998b-567c-48da-a33b-cf04833c4ac9,high,score_penalized,"Synthetic case for presentation: 3 events observed, severity=high, outcome=score_penalized.",90b1b286-043f-4b76-92e4-23c74608f5ea,"2026-09-19 15:36:00"
54c66db6-7616-4498-b419-3d8cae25314e,203823a9-aed4-4a29-9a41-b25da9552371,d64155a8-11f2-4ce3-90b2-7d3b342493b9,low,pending,"Synthetic case for presentation: 1 events observed, severity=low, outcome=pending.",,
d4f0e334-d536-4aaa-b907-5d460e665a0c,203823a9-aed4-4a29-9a41-b25da9552371,b9ae12ea-f82c-4366-8bee-38d832e906fd,medium,warned,"Synthetic case for presentation: 2 events observed, severity=medium, outcome=warned.",ff363deb-5a9b-4ce2-bdd7-8966980bacbf,"2026-09-18 15:09:00"
ef367399-c985-49d7-9a6b-acc7a8f14745,203823a9-aed4-4a29-9a41-b25da9552371,6d4151c4-627c-497c-93bb-e08c0c5f4daf,high,score_penalized,"Synthetic case for presentation: 3 events observed, severity=high, outcome=score_penalized.",ff363deb-5a9b-4ce2-bdd7-8966980bacbf,"2026-09-19 15:18:00"
d8db15c3-561b-4b7d-8ea2-04fcbbfc4bff,203823a9-aed4-4a29-9a41-b25da9552371,62de298d-3a7e-4916-8a2d-2b89ebe64a85,high,score_penalized,"Synthetic case for presentation: 1 events observed, severity=high, outcome=score_penalized.",ff363deb-5a9b-4ce2-bdd7-8966980bacbf,"2026-08-26 15:27:00"
8ee401d7-2968-4d2a-a99b-9f3077ec458d,203823a9-aed4-4a29-9a41-b25da9552371,4be192d5-0522-4ec0-8c30-0638b79c815b,medium,warned,"Synthetic case for presentation: 2 events observed, severity=medium, outcome=warned.",90b1b286-043f-4b76-92e4-23c74608f5ea,"2026-08-27 15:36:00"
fdf1133d-400c-45fc-b7d9-9e091db1e4aa,486be76a-21b6-4081-827b-16d4bdc610b2,dae27805-789f-4c62-b3fb-e8340e559f3b,high,score_penalized,"Synthetic case for presentation: 3 events observed, severity=high, outcome=score_penalized.",90b1b286-043f-4b76-92e4-23c74608f5ea,"2026-09-19 15:00:00"
429f6bd0-fa04-4056-846d-9c273e304817,486be76a-21b6-4081-827b-16d4bdc610b2,4e965d65-1ce7-42b5-ba07-c889554c369d,high,score_penalized,"Synthetic case for presentation: 1 events observed, severity=high, outcome=score_penalized.",fd1a6a69-ca4c-4d1c-ade6-b9a5b3c3a040,"2026-08-26 15:09:00"
31e14d7a-aa9b-475c-813e-c5c5f951534e,486be76a-21b6-4081-827b-16d4bdc610b2,e871f2bd-1068-4560-84c9-b9f72d6848d6,medium,warned,"Synthetic case for presentation: 2 events observed, severity=medium, outcome=warned.",fd1a6a69-ca4c-4d1c-ade6-b9a5b3c3a040,"2026-08-27 15:18:00"
3968fa3f-863d-47fa-8bf0-1856f9a5587d,486be76a-21b6-4081-827b-16d4bdc610b2,425febbe-deba-43af-ad20-e27859562e43,critical,invalidated,"Synthetic case for presentation: 3 events observed, severity=critical, outcome=invalidated.",fd1a6a69-ca4c-4d1c-ade6-b9a5b3c3a040,"2026-08-28 15:27:00"
c19db551-e3d7-4b6a-8faf-d1ce132f1ef5,486be76a-21b6-4081-827b-16d4bdc610b2,547a6584-01f1-477f-8b30-ca674b5bdcab,low,pending,"Synthetic case for presentation: 1 events observed, severity=low, outcome=pending.",,
644ff724-b08f-4994-9b86-88b44bd5034e,2566b09d-c618-475b-b167-023e97cdccc3,ce6ee518-235e-4d47-8e13-81ee377d1cd9,medium,warned,"Synthetic case for presentation: 2 events observed, severity=medium, outcome=warned.",90b1b286-043f-4b76-92e4-23c74608f5ea,"2026-08-27 15:00:00"
1d5e59ed-5e25-4c19-80a0-f3fd8dcfb40e,2566b09d-c618-475b-b167-023e97cdccc3,a9195382-37dc-4584-8fec-b6844387fa50,critical,invalidated,"Synthetic case for presentation: 3 events observed, severity=critical, outcome=invalidated.",a3d2a05c-afb6-4514-a1d4-2f76f651d34a,"2026-08-28 15:09:00"
bd07857e-8d86-4317-bd29-c16365a53305,2566b09d-c618-475b-b167-023e97cdccc3,3a5674e0-a1be-4280-8b22-a1a264f917ed,low,pending,"Synthetic case for presentation: 1 events observed, severity=low, outcome=pending.",,
8161dc9a-3fc2-43df-b441-7aaed036bc65,2566b09d-c618-475b-b167-023e97cdccc3,aae31381-53e3-4422-ad72-6ab7e89cbbca,medium,warned,"Synthetic case for presentation: 2 events observed, severity=medium, outcome=warned.",a3d2a05c-afb6-4514-a1d4-2f76f651d34a,"2026-08-30 15:27:00"
ccf38a33-cf52-4cb6-b256-b3050c13720a,2566b09d-c618-475b-b167-023e97cdccc3,f1c2a36c-fee9-4475-861a-3fbc53dd950a,high,score_penalized,"Synthetic case for presentation: 3 events observed, severity=high, outcome=score_penalized.",90b1b286-043f-4b76-92e4-23c74608f5ea,"2026-08-31 15:36:00"
ee6a4885-afc5-4c8b-a9a5-e212997a21fe,637110fd-ded1-43c1-a7bb-8b7a7159e5b7,792ce379-730c-493b-bd98-fea00a038b16,low,pending,"Synthetic case for presentation: 1 events observed, severity=low, outcome=pending.",,
d1eb2ac8-f9e3-4dc5-bd93-113bd3113884,637110fd-ded1-43c1-a7bb-8b7a7159e5b7,49568339-64a7-4cb9-854c-051c75e388c8,medium,warned,"Synthetic case for presentation: 2 events observed, severity=medium, outcome=warned.",6978178f-e5f5-4936-8494-5285febb81d4,"2026-08-30 15:09:00"
ce364e4e-24b3-42a2-b16f-4285a91588e5,637110fd-ded1-43c1-a7bb-8b7a7159e5b7,9220534a-1785-43f4-94f4-bf7d47e94c58,high,score_penalized,"Synthetic case for presentation: 3 events observed, severity=high, outcome=score_penalized.",6978178f-e5f5-4936-8494-5285febb81d4,"2026-08-31 15:18:00"
6f3ca387-0821-485e-89d7-557172d47c9d,637110fd-ded1-43c1-a7bb-8b7a7159e5b7,13d2ebc1-81c3-4ce7-aa83-02c2bcd018bd,low,pending,"Synthetic case for presentation: 1 events observed, severity=low, outcome=pending.",,
8ee523d7-6cec-4148-865e-a110ae14272f,637110fd-ded1-43c1-a7bb-8b7a7159e5b7,571d90f3-5c9b-4975-88be-e15f087838fd,high,score_penalized,"Synthetic case for presentation: 2 events observed, severity=high, outcome=score_penalized.",90b1b286-043f-4b76-92e4-23c74608f5ea,"2026-09-02 15:36:00"
5859c79b-7668-4813-8be8-9a0cb36978bd,2fbe6d29-11ff-42a9-9def-591fa2433c48,0fed753d-5b48-4385-b10f-675580e24840,high,score_penalized,"Synthetic case for presentation: 3 events observed, severity=high, outcome=score_penalized.",90b1b286-043f-4b76-92e4-23c74608f5ea,"2026-08-31 15:00:00"
4dd778b8-587e-449c-ac64-c1982b6f3d04,2fbe6d29-11ff-42a9-9def-591fa2433c48,e3378984-e602-4db4-a84c-235c6cd748d3,low,pending,"Synthetic case for presentation: 1 events observed, severity=low, outcome=pending.",,
d8474f9a-f7f0-4dde-8cce-6bec2b113ef4,2fbe6d29-11ff-42a9-9def-591fa2433c48,8af6b44f-aae4-48f3-bfe2-b378afd50575,high,score_penalized,"Synthetic case for presentation: 2 events observed, severity=high, outcome=score_penalized.",d4ed0bf0-e3e6-46cc-adf2-f564aff2c9d0,"2026-09-02 15:18:00"
d4b13f6b-f2f7-4c59-8bfe-ba8ac56eb4e0,2fbe6d29-11ff-42a9-9def-591fa2433c48,dc9e0c0d-7429-45e2-bf33-e2d9ca9a92db,high,score_penalized,"Synthetic case for presentation: 3 events observed, severity=high, outcome=score_penalized.",d4ed0bf0-e3e6-46cc-adf2-f564aff2c9d0,"2026-09-03 15:27:00"
b2d9538d-0690-4bcc-b308-49cf5c797ce6,2fbe6d29-11ff-42a9-9def-591fa2433c48,84992771-eb53-438c-a4d1-13a21986cef5,low,pending,"Synthetic case for presentation: 1 events observed, severity=low, outcome=pending.",,
b6d297c1-002e-4123-9ad5-b4cffdeb97a2,c4b25b69-b7cb-4d63-87c1-b1fd4d2c8cf7,cb0f7f8f-e40e-427c-894c-aad6382a8ad2,high,score_penalized,"Synthetic case for presentation: 2 events observed, severity=high, outcome=score_penalized.",90b1b286-043f-4b76-92e4-23c74608f5ea,"2026-09-02 15:00:00"
9be40280-645e-48f1-acaa-3554135e9898,c4b25b69-b7cb-4d63-87c1-b1fd4d2c8cf7,2abc1100-996f-43e4-9099-87ca5121481d,high,score_penalized,"Synthetic case for presentation: 3 events observed, severity=high, outcome=score_penalized.",e434b5a6-f46c-449c-9c5b-2ecfb942f517,"2026-09-03 15:09:00"
0d9de217-303c-4856-9542-79f9274354a7,c4b25b69-b7cb-4d63-87c1-b1fd4d2c8cf7,b77cb189-d957-40ed-97b4-2bf1bfcde7d1,low,pending,"Synthetic case for presentation: 1 events observed, severity=low, outcome=pending.",,
a75c0513-b3f1-4072-a60e-0ce3d05bbb28,c4b25b69-b7cb-4d63-87c1-b1fd4d2c8cf7,1dfd4e3c-0050-432b-a540-a8a5a3ab9266,medium,warned,"Synthetic case for presentation: 2 events observed, severity=medium, outcome=warned.",e434b5a6-f46c-449c-9c5b-2ecfb942f517,"2026-09-05 15:27:00"
f9113114-8923-44d7-847b-862264599208,c4b25b69-b7cb-4d63-87c1-b1fd4d2c8cf7,373ed79d-6cb6-4ef2-9023-2114421fd559,high,score_penalized,"Synthetic case for presentation: 3 events observed, severity=high, outcome=score_penalized.",90b1b286-043f-4b76-92e4-23c74608f5ea,"2026-09-06 15:36:00"
89a2db68-9855-4514-8d80-007eb1e0130e,e8eafd36-09d3-446c-ba0d-9d1149162f29,8e2d3f3a-38c7-4438-83bb-26f1f8699bea,low,pending,"Synthetic case for presentation: 1 events observed, severity=low, outcome=pending.",,
ad42b1a3-d0f0-47a5-894f-775198f21718,e8eafd36-09d3-446c-ba0d-9d1149162f29,ba8cbcdd-f999-49ac-a8c7-2399b0549982,medium,warned,"Synthetic case for presentation: 2 events observed, severity=medium, outcome=warned.",f0caa144-f95e-452a-a658-cb983b590fe0,"2026-09-05 15:09:00"
3634575b-adc6-4446-b6f3-1aa1ffc1bdbd,e8eafd36-09d3-446c-ba0d-9d1149162f29,4492e3ba-c60e-4c67-9bfd-1826d02a7a1b,high,score_penalized,"Synthetic case for presentation: 3 events observed, severity=high, outcome=score_penalized.",f0caa144-f95e-452a-a658-cb983b590fe0,"2026-09-06 15:18:00"
4edd22c7-379b-4a95-811a-ab4c7e859ad7,e8eafd36-09d3-446c-ba0d-9d1149162f29,0ea477a3-ed5b-4412-864f-33277f0e4645,high,score_penalized,"Synthetic case for presentation: 1 events observed, severity=high, outcome=score_penalized.",f0caa144-f95e-452a-a658-cb983b590fe0,"2026-09-07 15:27:00"
4588d7a3-104e-4665-917a-512de0eeadc9,e8eafd36-09d3-446c-ba0d-9d1149162f29,f9f01807-8da2-4f5a-8847-b42d15d1945b,medium,warned,"Synthetic case for presentation: 2 events observed, severity=medium, outcome=warned.",90b1b286-043f-4b76-92e4-23c74608f5ea,"2026-09-08 15:36:00"
4fcc4fd7-4262-46a4-9d3d-adca01e666ae,b0db930d-8283-4fb7-a8ec-e7ca8d1cf375,049c28db-45a5-4908-809e-564ff3515490,high,score_penalized,"Synthetic case for presentation: 3 events observed, severity=high, outcome=score_penalized.",90b1b286-043f-4b76-92e4-23c74608f5ea,"2026-09-06 15:00:00"
e3c942c4-0484-439c-83a9-86762d322b0a,b0db930d-8283-4fb7-a8ec-e7ca8d1cf375,cace811f-993c-417e-8b51-a5e3fa4d484d,high,score_penalized,"Synthetic case for presentation: 1 events observed, severity=high, outcome=score_penalized.",fc34bef4-31a8-4e3d-b60b-26b79c1636b0,"2026-09-07 15:09:00"
fd5ef660-74df-44b3-8a90-5c78d76d033b,b0db930d-8283-4fb7-a8ec-e7ca8d1cf375,503d9aa5-4d7a-4f28-8c7d-82093c35ee8c,medium,warned,"Synthetic case for presentation: 2 events observed, severity=medium, outcome=warned.",fc34bef4-31a8-4e3d-b60b-26b79c1636b0,"2026-09-08 15:18:00"
90d4814d-ec1d-475e-8f8b-7ea96f64b66e,b0db930d-8283-4fb7-a8ec-e7ca8d1cf375,db68a2d8-d9a1-4a54-b3d1-6c72ea4242dd,critical,invalidated,"Synthetic case for presentation: 3 events observed, severity=critical, outcome=invalidated.",fc34bef4-31a8-4e3d-b60b-26b79c1636b0,"2026-09-09 15:27:00"
709e7c9a-8472-48d1-a87c-538f83a87abb,b0db930d-8283-4fb7-a8ec-e7ca8d1cf375,2e318f90-913c-4dd9-9198-175e357a9659,low,pending,"Synthetic case for presentation: 1 events observed, severity=low, outcome=pending.",,
c7b39d44-9a7e-48ed-8a54-573ef48bb660,8595d505-bf28-495c-8b57-1aa9f2e9b9f4,32a1fd65-5672-4935-a526-349cd8f453d8,medium,warned,"Synthetic case for presentation: 2 events observed, severity=medium, outcome=warned.",90b1b286-043f-4b76-92e4-23c74608f5ea,"2026-09-08 15:00:00"
9494e7b6-1e16-44be-b5d2-a1b47e77c530,8595d505-bf28-495c-8b57-1aa9f2e9b9f4,e7b557b2-876e-46d0-9b17-80c5daacbe44,critical,invalidated,"Synthetic case for presentation: 3 events observed, severity=critical, outcome=invalidated.",26155d47-7d5f-4935-8e6e-ed7b7f004b22,"2026-09-09 15:09:00"
30442040-3610-4ac9-a1d9-bc844324c95b,8595d505-bf28-495c-8b57-1aa9f2e9b9f4,a467fe6a-bb52-469a-861a-5d5739657f8d,low,pending,"Synthetic case for presentation: 1 events observed, severity=low, outcome=pending.",,
9e889608-20b1-47a8-bb84-a70db1fa713a,8595d505-bf28-495c-8b57-1aa9f2e9b9f4,91865171-f3a4-4728-8d61-e12bbf73f6b6,medium,warned,"Synthetic case for presentation: 2 events observed, severity=medium, outcome=warned.",26155d47-7d5f-4935-8e6e-ed7b7f004b22,"2026-09-11 15:27:00"
c492efff-1558-45b8-a32a-277f7ad522d2,8595d505-bf28-495c-8b57-1aa9f2e9b9f4,6b12ed57-d356-4efe-98d1-e4028f174b5d,high,score_penalized,"Synthetic case for presentation: 3 events observed, severity=high, outcome=score_penalized.",90b1b286-043f-4b76-92e4-23c74608f5ea,"2026-09-12 15:36:00"
d0798856-c191-4096-af1f-7e27792edc81,4ef298c1-39df-485b-83d1-a275d6b25a01,40ebeae2-1cae-4aba-8c27-f5380458b716,low,pending,"Synthetic case for presentation: 1 events observed, severity=low, outcome=pending.",,
65b4d6a7-4d56-4572-bbb3-f7eed2e4a7a9,4ef298c1-39df-485b-83d1-a275d6b25a01,14ea302a-524e-49ad-b490-5b085239716d,medium,warned,"Synthetic case for presentation: 2 events observed, severity=medium, outcome=warned.",c189ed9c-2b45-44a9-900a-df4f2adf9e23,"2026-09-11 15:09:00"
0b19c47e-9892-4281-90b2-79c26cacf575,4ef298c1-39df-485b-83d1-a275d6b25a01,dd1afa33-c63d-4df4-ad01-044c6aa4bce4,high,score_penalized,"Synthetic case for presentation: 3 events observed, severity=high, outcome=score_penalized.",c189ed9c-2b45-44a9-900a-df4f2adf9e23,"2026-09-12 15:18:00"
944c422a-1739-4934-986a-09cfcd8305ec,4ef298c1-39df-485b-83d1-a275d6b25a01,b96dcf6d-7a86-44fc-b79b-6b90d7af74bd,low,pending,"Synthetic case for presentation: 1 events observed, severity=low, outcome=pending.",,
cf46fddf-0d8c-4020-b33a-4ee86ff7a8aa,4ef298c1-39df-485b-83d1-a275d6b25a01,743f97fa-289d-4316-8044-fa5b5c20cf15,high,score_penalized,"Synthetic case for presentation: 2 events observed, severity=high, outcome=score_penalized.",90b1b286-043f-4b76-92e4-23c74608f5ea,"2026-09-14 15:36:00"
a360be43-61f1-4e4a-a996-b04569bfa4c8,e4445010-71ed-4dec-a1b6-c980050b645e,43665324-f078-4a37-a2a3-7d94ceb0f136,high,score_penalized,"Synthetic case for presentation: 3 events observed, severity=high, outcome=score_penalized.",90b1b286-043f-4b76-92e4-23c74608f5ea,"2026-09-12 15:00:00"
23ca481f-1091-4fc9-8b79-ee0b3b373438,e4445010-71ed-4dec-a1b6-c980050b645e,609d2605-85e4-4949-863d-84de2cef1bc5,low,pending,"Synthetic case for presentation: 1 events observed, severity=low, outcome=pending.",,
0b2a37ba-e7c4-4b73-8b5e-fa25390cc691,e4445010-71ed-4dec-a1b6-c980050b645e,da7485b2-fc6c-407e-87a3-f609ee836a15,high,score_penalized,"Synthetic case for presentation: 2 events observed, severity=high, outcome=score_penalized.",3be776df-cb6b-4274-8c2a-a0bfe75c4e87,"2026-09-14 15:18:00"
b9c89090-a1a4-4de3-a9ad-abd607a208d0,e4445010-71ed-4dec-a1b6-c980050b645e,09947134-b02a-4e1d-98c0-7425ec02dff3,high,score_penalized,"Synthetic case for presentation: 3 events observed, severity=high, outcome=score_penalized.",3be776df-cb6b-4274-8c2a-a0bfe75c4e87,"2026-09-15 15:27:00"
13433670-f26e-4b82-89b0-89b92d756b13,e4445010-71ed-4dec-a1b6-c980050b645e,0ac48f93-f410-42c0-8be0-affc9cc97c8b,low,pending,"Synthetic case for presentation: 1 events observed, severity=low, outcome=pending.",,
3b1bfeb1-c63f-4102-8f4c-6715118d9595,5eb1a7d9-b406-4520-b152-839d792d5592,d99e5a79-937f-4223-b4a0-dc971c1ea79b,high,score_penalized,"Synthetic case for presentation: 2 events observed, severity=high, outcome=score_penalized.",90b1b286-043f-4b76-92e4-23c74608f5ea,"2026-09-14 15:00:00"
3ae9dbb6-e369-4731-a106-9fd845b5400f,5eb1a7d9-b406-4520-b152-839d792d5592,3566e74e-da01-4d0a-b221-04a470a45846,high,score_penalized,"Synthetic case for presentation: 3 events observed, severity=high, outcome=score_penalized.",277c3de3-4461-4c8b-bf74-3ac12a6b1718,"2026-09-15 15:09:00"
e30e6867-4488-44c2-b17d-e95da53d8940,5eb1a7d9-b406-4520-b152-839d792d5592,93873041-4e51-45da-ad5b-4afde5db6974,low,pending,"Synthetic case for presentation: 1 events observed, severity=low, outcome=pending.",,
7e07f042-b0fc-4a98-8809-8d557d2fe0ba,5eb1a7d9-b406-4520-b152-839d792d5592,b4e8b578-490c-47e9-972c-d99d279ff150,medium,warned,"Synthetic case for presentation: 2 events observed, severity=medium, outcome=warned.",277c3de3-4461-4c8b-bf74-3ac12a6b1718,"2026-09-17 15:27:00"
bb46882e-53dc-4d9c-8a22-8c2b8372522a,5eb1a7d9-b406-4520-b152-839d792d5592,a3a7a64c-c624-4cdd-af2d-8e871a21edd6,high,score_penalized,"Synthetic case for presentation: 3 events observed, severity=high, outcome=score_penalized.",90b1b286-043f-4b76-92e4-23c74608f5ea,"2026-09-18 15:36:00"
57d1551f-272c-4a5a-b091-9e0189b14feb,ba4ff15c-32a5-4653-b1e3-4a53a29c975e,48117bfb-5dcd-4630-be31-75370bf88b62,low,pending,"Synthetic case for presentation: 1 events observed, severity=low, outcome=pending.",,
fa3a3e3b-73dc-46e8-b980-3f01ff232ca7,ba4ff15c-32a5-4653-b1e3-4a53a29c975e,528d16e4-6afe-42f9-bcf8-02cf60586cdb,medium,warned,"Synthetic case for presentation: 2 events observed, severity=medium, outcome=warned.",13e65b7a-874a-4841-bfb9-5c8aff1581c3,"2026-09-17 15:09:00"
697213b8-77d1-4863-9571-6925485a9fc8,ba4ff15c-32a5-4653-b1e3-4a53a29c975e,31ec147c-2f96-4783-b776-f7fd95d0cf4e,high,score_penalized,"Synthetic case for presentation: 3 events observed, severity=high, outcome=score_penalized.",13e65b7a-874a-4841-bfb9-5c8aff1581c3,"2026-09-18 15:18:00"
e6318c60-729b-4532-b51c-e554e6bf8c97,ba4ff15c-32a5-4653-b1e3-4a53a29c975e,83a44bd8-e9be-4239-a27f-433b7f2c1d7d,high,score_penalized,"Synthetic case for presentation: 1 events observed, severity=high, outcome=score_penalized.",13e65b7a-874a-4841-bfb9-5c8aff1581c3,"2026-09-19 15:27:00"
b46269e3-fc00-4c90-bc98-9ce31cf67894,ba4ff15c-32a5-4653-b1e3-4a53a29c975e,581afc2c-a8fa-433b-91e8-f0577c1d3537,medium,warned,"Synthetic case for presentation: 2 events observed, severity=medium, outcome=warned.",90b1b286-043f-4b76-92e4-23c74608f5ea,"2026-08-26 15:36:00"
d3b117bf-7093-4180-a293-3d80853ae06b,0aae8a13-5ae8-4382-8a4a-560045bd73fb,205c8d14-802b-4058-bd1b-a424179fba5b,high,score_penalized,"Synthetic case for presentation: 3 events observed, severity=high, outcome=score_penalized.",90b1b286-043f-4b76-92e4-23c74608f5ea,"2026-09-18 15:00:00"
13c935f6-d4ec-4ef9-95ca-627b5484734a,0aae8a13-5ae8-4382-8a4a-560045bd73fb,ff6396b0-1797-4a70-934c-53f289c6681f,high,score_penalized,"Synthetic case for presentation: 1 events observed, severity=high, outcome=score_penalized.",6222df4a-da78-4a53-bf27-8df9ca460898,"2026-09-19 15:09:00"
b2c0020c-f5c3-46ac-933e-f102ec8d0114,0aae8a13-5ae8-4382-8a4a-560045bd73fb,8abd1270-0ea8-427e-a260-a5a8dcbe3cc4,medium,warned,"Synthetic case for presentation: 2 events observed, severity=medium, outcome=warned.",6222df4a-da78-4a53-bf27-8df9ca460898,"2026-08-26 15:18:00"
e9de9aec-d665-4312-b8a1-33d800e03380,0aae8a13-5ae8-4382-8a4a-560045bd73fb,3af27149-f3ce-49dd-8c60-0f5b95eef5e6,critical,invalidated,"Synthetic case for presentation: 3 events observed, severity=critical, outcome=invalidated.",6222df4a-da78-4a53-bf27-8df9ca460898,"2026-08-27 15:27:00"
ef176f90-6cf4-412e-a824-44113043a7d2,0aae8a13-5ae8-4382-8a4a-560045bd73fb,a66d5d83-b3d4-4f47-82d8-25ed6c3c1507,low,pending,"Synthetic case for presentation: 1 events observed, severity=low, outcome=pending.",,
ce81adf0-aa49-45a7-a83e-026aa812f1ce,09f94f7b-292f-4e51-8535-59aeba0067c5,887b41f5-d19a-4ac1-9df1-80922ea3b6df,medium,warned,"Synthetic case for presentation: 2 events observed, severity=medium, outcome=warned.",90b1b286-043f-4b76-92e4-23c74608f5ea,"2026-08-26 15:00:00"
1877a821-06d5-4d95-b700-7b7842094372,09f94f7b-292f-4e51-8535-59aeba0067c5,77e01575-4b39-4eac-a36a-e6e5b84cd023,critical,invalidated,"Synthetic case for presentation: 3 events observed, severity=critical, outcome=invalidated.",5297fb5a-638b-4839-be45-adee8aaa9dd1,"2026-08-27 15:09:00"
661404cd-021b-46c1-8cbb-6ac11a95b5bd,09f94f7b-292f-4e51-8535-59aeba0067c5,6ad9bee9-de5a-4e22-ba74-0311cc948ab7,low,pending,"Synthetic case for presentation: 1 events observed, severity=low, outcome=pending.",,
288eaf87-77bb-4f46-9cfa-6c1879e8b132,09f94f7b-292f-4e51-8535-59aeba0067c5,aa6bd93b-e534-4848-9e27-c62d0a6aecfe,medium,warned,"Synthetic case for presentation: 2 events observed, severity=medium, outcome=warned.",5297fb5a-638b-4839-be45-adee8aaa9dd1,"2026-08-29 15:27:00"
bed86372-f656-4020-b116-c7dade945715,09f94f7b-292f-4e51-8535-59aeba0067c5,0d45d296-b7e6-4ab5-b561-033346dc3c79,high,score_penalized,"Synthetic case for presentation: 3 events observed, severity=high, outcome=score_penalized.",90b1b286-043f-4b76-92e4-23c74608f5ea,"2026-08-30 15:36:00"
dad36a5d-eceb-42b0-86af-e1e79a606661,3d616646-0b49-4ab9-97c2-0fc91a3428e6,86d395ee-846f-4a58-aac7-4e317dbe6100,low,pending,"Synthetic case for presentation: 1 events observed, severity=low, outcome=pending.",,
e4bff1b0-5c18-4e77-b9df-6c4f6a87ae22,3d616646-0b49-4ab9-97c2-0fc91a3428e6,f749e194-3e19-4e74-8a22-3d36b82cc4da,medium,warned,"Synthetic case for presentation: 2 events observed, severity=medium, outcome=warned.",5422d49e-8ca0-4eda-b707-8bc8d3ac7637,"2026-08-29 15:09:00"
0a76f8b2-1c2e-4cc5-b867-33d860d8f013,3d616646-0b49-4ab9-97c2-0fc91a3428e6,6ffecf86-0bc4-46b7-9ce8-0f2c48048271,high,score_penalized,"Synthetic case for presentation: 3 events observed, severity=high, outcome=score_penalized.",5422d49e-8ca0-4eda-b707-8bc8d3ac7637,"2026-08-30 15:18:00"
f99dcd73-a8af-4236-9d9c-37465764bbf6,3d616646-0b49-4ab9-97c2-0fc91a3428e6,9704a068-98a1-4f12-b0fe-51b32fe3095f,low,pending,"Synthetic case for presentation: 1 events observed, severity=low, outcome=pending.",,
6d5f7eef-cd2c-45ec-8c8c-0fcd287d332b,3d616646-0b49-4ab9-97c2-0fc91a3428e6,a91ddf7b-a470-42fc-b094-11a50c871dc9,high,score_penalized,"Synthetic case for presentation: 2 events observed, severity=high, outcome=score_penalized.",90b1b286-043f-4b76-92e4-23c74608f5ea,"2026-09-01 15:36:00"
207bbb7f-868f-4c3d-a58d-f370ed9472d7,bf09b2bc-87fa-4eea-a1e1-3387d2996a1d,0a5092e1-7b2e-4d5c-a3cc-520f31c1bb97,high,score_penalized,"Synthetic case for presentation: 3 events observed, severity=high, outcome=score_penalized.",90b1b286-043f-4b76-92e4-23c74608f5ea,"2026-08-30 15:00:00"
72d63b76-c1b2-4f80-adb3-50ac6b5e40d5,bf09b2bc-87fa-4eea-a1e1-3387d2996a1d,55a73715-7fb2-4f95-96cd-254317d330ab,low,pending,"Synthetic case for presentation: 1 events observed, severity=low, outcome=pending.",,
5ca4b3aa-190b-4719-b482-8b4d96580082,bf09b2bc-87fa-4eea-a1e1-3387d2996a1d,17bf9713-3ae0-4f82-8b67-3e4a9db09f27,high,score_penalized,"Synthetic case for presentation: 2 events observed, severity=high, outcome=score_penalized.",1123ff8c-6911-46e0-af5d-108fb4bf63d8,"2026-09-01 15:18:00"
e3f8f943-bcda-497f-bfcf-3c1d3441f509,bf09b2bc-87fa-4eea-a1e1-3387d2996a1d,0583d4b7-b6a8-4841-88a3-689aed7e97a0,high,score_penalized,"Synthetic case for presentation: 3 events observed, severity=high, outcome=score_penalized.",1123ff8c-6911-46e0-af5d-108fb4bf63d8,"2026-09-02 15:27:00"
f5fd7872-ae81-47e8-bcfc-f88dae3b285d,bf09b2bc-87fa-4eea-a1e1-3387d2996a1d,15f8def5-2ce4-47c2-b192-2f9c6d36c3ba,low,pending,"Synthetic case for presentation: 1 events observed, severity=low, outcome=pending.",,
f0892997-7cfb-4d61-a4fe-30b15ab4c1ea,5cc5d48d-b2ab-448a-bc49-675d3f7199b2,a9533159-8fb6-4f7e-a8c6-8d76850e915a,high,score_penalized,"Synthetic case for presentation: 2 events observed, severity=high, outcome=score_penalized.",90b1b286-043f-4b76-92e4-23c74608f5ea,"2026-09-01 15:00:00"
48fe2c6a-a0e9-4876-bd60-65bc1df9a39e,5cc5d48d-b2ab-448a-bc49-675d3f7199b2,8fdf51d2-3d92-4c7f-9fc5-9b50a9b5e3d6,high,score_penalized,"Synthetic case for presentation: 3 events observed, severity=high, outcome=score_penalized.",451b4805-e2c6-45ee-8a65-ca1fdbdcc770,"2026-09-02 15:09:00"
01a68f95-26ac-48a3-a01f-0f3c53f61458,5cc5d48d-b2ab-448a-bc49-675d3f7199b2,bf6972cb-f993-4df8-811f-a12236b0d750,low,pending,"Synthetic case for presentation: 1 events observed, severity=low, outcome=pending.",,
3fcb38e6-2694-4b64-a255-7fd13fa515ac,5cc5d48d-b2ab-448a-bc49-675d3f7199b2,e9af21c7-e1de-4496-b189-729acea7607e,medium,warned,"Synthetic case for presentation: 2 events observed, severity=medium, outcome=warned.",451b4805-e2c6-45ee-8a65-ca1fdbdcc770,"2026-09-04 15:27:00"
6b3fe14a-554e-45c6-aedf-74fad6a27210,5cc5d48d-b2ab-448a-bc49-675d3f7199b2,6bb0b3e4-0716-441e-988f-52f17f63a62f,high,score_penalized,"Synthetic case for presentation: 3 events observed, severity=high, outcome=score_penalized.",90b1b286-043f-4b76-92e4-23c74608f5ea,"2026-09-05 15:36:00"
e20f8a5a-038f-4d6f-84c1-a7fec28b7ebb,9cbbc523-d4fc-4023-bec0-36f0d4e70d28,d6ba52dd-5f07-4542-b7e5-5dc3173795ca,low,pending,"Synthetic case for presentation: 1 events observed, severity=low, outcome=pending.",,
2bdb2227-7cd2-45d5-a1b2-b4bf9f906a90,9cbbc523-d4fc-4023-bec0-36f0d4e70d28,0903f325-02d1-4339-bd1a-526fb8644673,medium,warned,"Synthetic case for presentation: 2 events observed, severity=medium, outcome=warned.",c25537bd-8ba3-4ac7-ab06-0b3ab47a54e8,"2026-09-04 15:09:00"
91079694-a5df-49f4-a944-fe8a919d22b5,9cbbc523-d4fc-4023-bec0-36f0d4e70d28,f5a10abb-cf64-4ba1-88d5-b6ec2742ec8b,high,score_penalized,"Synthetic case for presentation: 3 events observed, severity=high, outcome=score_penalized.",c25537bd-8ba3-4ac7-ab06-0b3ab47a54e8,"2026-09-05 15:18:00"
4400cee1-cbec-442a-ac95-e102be6d99a2,9cbbc523-d4fc-4023-bec0-36f0d4e70d28,e6a5e155-c5a9-4dbc-852a-d3ea29949691,high,score_penalized,"Synthetic case for presentation: 1 events observed, severity=high, outcome=score_penalized.",c25537bd-8ba3-4ac7-ab06-0b3ab47a54e8,"2026-09-06 15:27:00"
32bebdf4-00c0-4b2b-bf7a-1029ee06a3bc,9cbbc523-d4fc-4023-bec0-36f0d4e70d28,9cb075b7-230a-4bd0-a408-eea8c0649a4f,medium,warned,"Synthetic case for presentation: 2 events observed, severity=medium, outcome=warned.",90b1b286-043f-4b76-92e4-23c74608f5ea,"2026-09-07 15:36:00"
78cbe52a-4637-4cde-966b-94c3757c1de0,ebb37c66-8c96-4f89-8d66-18226e5b9b34,2e17491e-4dc3-4016-a982-9af0cb631e13,high,score_penalized,"Synthetic case for presentation: 3 events observed, severity=high, outcome=score_penalized.",90b1b286-043f-4b76-92e4-23c74608f5ea,"2026-09-05 15:00:00"
90fbd9d7-86d1-48d0-828d-a8465e21ce2b,ebb37c66-8c96-4f89-8d66-18226e5b9b34,5d8b6a98-c9e3-46d2-ba94-d4c132110205,high,score_penalized,"Synthetic case for presentation: 1 events observed, severity=high, outcome=score_penalized.",86f21ce9-488a-4cf8-91e4-be4ae2efbf91,"2026-09-06 15:09:00"
8ffd5d94-26c5-4d82-8752-1b6feafd0ee8,ebb37c66-8c96-4f89-8d66-18226e5b9b34,36a28087-ed4a-43a4-81d0-3e1b5f727219,medium,warned,"Synthetic case for presentation: 2 events observed, severity=medium, outcome=warned.",86f21ce9-488a-4cf8-91e4-be4ae2efbf91,"2026-09-07 15:18:00"
f5e94121-c8bd-4244-9ac5-78d88e074ebb,ebb37c66-8c96-4f89-8d66-18226e5b9b34,3dd54b18-14b0-4154-98d6-af0669f0be7f,critical,invalidated,"Synthetic case for presentation: 3 events observed, severity=critical, outcome=invalidated.",86f21ce9-488a-4cf8-91e4-be4ae2efbf91,"2026-09-08 15:27:00"
e920c523-776d-4dac-b5f9-a7a0ac84c304,ebb37c66-8c96-4f89-8d66-18226e5b9b34,ddbb4b7c-05d3-4966-b9f2-a081a5262a7d,low,pending,"Synthetic case for presentation: 1 events observed, severity=low, outcome=pending.",,
08490011-85f7-4039-bbbf-84d147de0d3e,004393f2-4811-437b-be7f-ad7ded507d08,a64f8d83-4abb-4d4d-98fb-e604f564b0fd,medium,warned,"Synthetic case for presentation: 2 events observed, severity=medium, outcome=warned.",90b1b286-043f-4b76-92e4-23c74608f5ea,"2026-09-07 15:00:00"
24894493-0b50-4b32-80ff-2a80c36604c1,004393f2-4811-437b-be7f-ad7ded507d08,d5bbb696-5fda-4399-9f31-06d8a93686d2,critical,invalidated,"Synthetic case for presentation: 3 events observed, severity=critical, outcome=invalidated.",f4cf28b5-62fe-44c6-8830-04fd5b8ae864,"2026-09-08 15:09:00"
c61615fc-1e41-40de-abd5-d9c376fb30c8,004393f2-4811-437b-be7f-ad7ded507d08,0f4cc287-534a-42ec-99d4-f4112ec3dd40,low,pending,"Synthetic case for presentation: 1 events observed, severity=low, outcome=pending.",,
e10a5968-32c7-4c57-8f15-054bfda12084,004393f2-4811-437b-be7f-ad7ded507d08,2d0a04ce-027a-40e7-95ad-f7e8482d1f27,medium,warned,"Synthetic case for presentation: 2 events observed, severity=medium, outcome=warned.",f4cf28b5-62fe-44c6-8830-04fd5b8ae864,"2026-09-10 15:27:00"
bbba389e-7840-41c2-a535-a4b2018f5758,004393f2-4811-437b-be7f-ad7ded507d08,1e58e370-3bf1-4b65-a501-8d2d7b5ccc89,high,score_penalized,"Synthetic case for presentation: 3 events observed, severity=high, outcome=score_penalized.",90b1b286-043f-4b76-92e4-23c74608f5ea,"2026-09-11 15:36:00"
7e7133de-5e21-4182-b67f-c2ff8d185d20,ab11e4bf-1d6d-46db-96c9-6febd4cf454c,02751bc9-0b39-481e-afc8-67cd0deb5103,low,pending,"Synthetic case for presentation: 1 events observed, severity=low, outcome=pending.",,
b3d29cb2-f529-491a-8048-af0e44730a5e,ab11e4bf-1d6d-46db-96c9-6febd4cf454c,d2ad4a31-747c-43fb-96a4-830bb47d21f2,medium,warned,"Synthetic case for presentation: 2 events observed, severity=medium, outcome=warned.",d2810425-6682-4d05-a9b5-098a7f762a48,"2026-09-10 15:09:00"
6658c5b8-450c-4971-a387-b5ebd6487a91,ab11e4bf-1d6d-46db-96c9-6febd4cf454c,fffdabff-df72-4916-941b-79bb46327767,high,score_penalized,"Synthetic case for presentation: 3 events observed, severity=high, outcome=score_penalized.",d2810425-6682-4d05-a9b5-098a7f762a48,"2026-09-11 15:18:00"
55e92e52-1136-4e3f-a2b2-c6a4442d0e4c,ab11e4bf-1d6d-46db-96c9-6febd4cf454c,bcf613bd-ae4a-4ada-97d2-04579109c568,low,pending,"Synthetic case for presentation: 1 events observed, severity=low, outcome=pending.",,
ecd07267-e7cb-47b5-ab5e-6f8f70e4e59e,ab11e4bf-1d6d-46db-96c9-6febd4cf454c,922f7daf-ede8-470f-b5e1-f37ad7e55b1e,high,score_penalized,"Synthetic case for presentation: 2 events observed, severity=high, outcome=score_penalized.",90b1b286-043f-4b76-92e4-23c74608f5ea,"2026-09-13 15:36:00"
ada4c934-c03f-49c6-bbc7-56648acb6e50,c7551b17-8d42-4f1f-abb7-4242d01f6511,3cebbf2c-afc0-4990-a6a4-9354dc8ddff3,high,score_penalized,"Synthetic case for presentation: 3 events observed, severity=high, outcome=score_penalized.",90b1b286-043f-4b76-92e4-23c74608f5ea,"2026-09-11 15:00:00"
1318acb5-c3bf-447c-a24a-f31f53abcbf0,c7551b17-8d42-4f1f-abb7-4242d01f6511,e4ec4c65-97cc-4196-bbc4-3dfb0b2988bc,low,pending,"Synthetic case for presentation: 1 events observed, severity=low, outcome=pending.",,
592656b1-c20d-4733-bc90-dd98a51e0752,c7551b17-8d42-4f1f-abb7-4242d01f6511,c954cf02-edb1-461f-b34a-a0c1a70886ab,high,score_penalized,"Synthetic case for presentation: 2 events observed, severity=high, outcome=score_penalized.",38b08da4-8ca8-420d-b91d-5f564ead70e1,"2026-09-13 15:18:00"
a618ca85-d358-4772-b4e1-cb5beffe33ce,c7551b17-8d42-4f1f-abb7-4242d01f6511,e7d80799-15b7-4460-b74f-8f6a26d7c673,high,score_penalized,"Synthetic case for presentation: 3 events observed, severity=high, outcome=score_penalized.",38b08da4-8ca8-420d-b91d-5f564ead70e1,"2026-09-14 15:27:00"
736ac8d4-e7ea-4793-90e8-5571ace29b08,c7551b17-8d42-4f1f-abb7-4242d01f6511,de5f75c9-a612-47a0-96b3-180ff3e77c13,low,pending,"Synthetic case for presentation: 1 events observed, severity=low, outcome=pending.",,
09e259f6-9520-42df-83c3-a194c97cd01d,00f4c24f-438a-4b78-a42a-dfd596500bc3,ad67adeb-a756-4e7c-87d9-069e393fd89a,high,score_penalized,"Synthetic case for presentation: 2 events observed, severity=high, outcome=score_penalized.",90b1b286-043f-4b76-92e4-23c74608f5ea,"2026-09-13 15:00:00"
59767f40-db91-45d1-8422-8e7017f655c6,00f4c24f-438a-4b78-a42a-dfd596500bc3,9597106f-9959-4003-8b92-2b1b6f30ee69,high,score_penalized,"Synthetic case for presentation: 3 events observed, severity=high, outcome=score_penalized.",008bc86b-d7d8-40ed-a4dd-4f977891a6c1,"2026-09-14 15:09:00"
0542d9fd-7b4a-4c41-a38d-6c893c7ba454,00f4c24f-438a-4b78-a42a-dfd596500bc3,5da99b28-fe97-45bc-84fe-57eceb2a34c4,low,pending,"Synthetic case for presentation: 1 events observed, severity=low, outcome=pending.",,
9396bf74-44a6-4400-8614-774d502d2ba4,00f4c24f-438a-4b78-a42a-dfd596500bc3,d7dcf613-b468-48e6-a195-ac65348cc7da,medium,warned,"Synthetic case for presentation: 2 events observed, severity=medium, outcome=warned.",008bc86b-d7d8-40ed-a4dd-4f977891a6c1,"2026-09-16 15:27:00"
ab100baf-d0d2-4c99-8151-0846f6648537,00f4c24f-438a-4b78-a42a-dfd596500bc3,8bf4b1ce-145e-4664-8b8b-3f968b432b9d,high,score_penalized,"Synthetic case for presentation: 3 events observed, severity=high, outcome=score_penalized.",90b1b286-043f-4b76-92e4-23c74608f5ea,"2026-09-17 15:36:00"
5788cb32-2047-430d-9050-d8530f3ab258,2ff00917-8b34-4f07-993a-b5508d5bf85a,a159b58f-3a57-4660-ab83-0e92735bc031,low,pending,"Synthetic case for presentation: 1 events observed, severity=low, outcome=pending.",,
8d4cc8d6-af53-4a6a-9bc4-880671d7311f,2ff00917-8b34-4f07-993a-b5508d5bf85a,1f3788ab-67a6-45e4-93dc-ad6e2f2efbeb,medium,warned,"Synthetic case for presentation: 2 events observed, severity=medium, outcome=warned.",2bb29813-4d28-4f07-93d7-93378319e351,"2026-09-16 15:09:00"
00952b2a-3b2b-4939-b250-c35f67965a0d,2ff00917-8b34-4f07-993a-b5508d5bf85a,559d4a27-6e79-4ac6-b29f-1b313f9882b2,high,score_penalized,"Synthetic case for presentation: 3 events observed, severity=high, outcome=score_penalized.",2bb29813-4d28-4f07-93d7-93378319e351,"2026-09-17 15:18:00"
c9c1ffaa-609f-4dea-beb3-c882100a8b61,2ff00917-8b34-4f07-993a-b5508d5bf85a,30dd13a1-354d-481e-8844-1338b1cfb667,high,score_penalized,"Synthetic case for presentation: 1 events observed, severity=high, outcome=score_penalized.",2bb29813-4d28-4f07-93d7-93378319e351,"2026-09-18 15:27:00"
83c9f10c-2294-4caa-9b4b-07c866fe559d,2ff00917-8b34-4f07-993a-b5508d5bf85a,c1ca511f-1938-4829-a5fd-1aa277396cc4,medium,warned,"Synthetic case for presentation: 2 events observed, severity=medium, outcome=warned.",90b1b286-043f-4b76-92e4-23c74608f5ea,"2026-09-19 15:36:00"
625ba1cf-1e60-4cf4-a71d-1e965063bb5b,b413285d-0349-4f80-a5e1-1e15a1c67d72,9f6a3ae8-6769-48a8-b7b4-465c5c9dc962,high,score_penalized,"Synthetic case for presentation: 3 events observed, severity=high, outcome=score_penalized.",90b1b286-043f-4b76-92e4-23c74608f5ea,"2026-09-17 15:00:00"
a1b8a744-0419-4592-9ca6-02b6bea9ab4d,b413285d-0349-4f80-a5e1-1e15a1c67d72,fd826a1c-ae9f-4197-b4d4-4aea98934c25,high,score_penalized,"Synthetic case for presentation: 1 events observed, severity=high, outcome=score_penalized.",b93bf12d-ceca-4480-a633-1ff1eba940c5,"2026-09-18 15:09:00"
471eedc7-17f7-40d2-b3cb-f4bab5924596,b413285d-0349-4f80-a5e1-1e15a1c67d72,e91f1394-02a2-4990-bb1e-a88b226cc919,medium,warned,"Synthetic case for presentation: 2 events observed, severity=medium, outcome=warned.",b93bf12d-ceca-4480-a633-1ff1eba940c5,"2026-09-19 15:18:00"
78d5a0da-b6e3-4a67-8501-5798457a7540,b413285d-0349-4f80-a5e1-1e15a1c67d72,c98ee758-a8da-4df5-b75f-0e62ffbeb24a,critical,invalidated,"Synthetic case for presentation: 3 events observed, severity=critical, outcome=invalidated.",b93bf12d-ceca-4480-a633-1ff1eba940c5,"2026-08-26 15:27:00"
5c2763e4-cc6e-4017-bf73-a72f226ee4fc,b413285d-0349-4f80-a5e1-1e15a1c67d72,09db6328-4463-4f3a-9d28-d602814769a5,low,pending,"Synthetic case for presentation: 1 events observed, severity=low, outcome=pending.",,
4666575f-1848-4463-b7ab-a6bb9a69e495,8a0154b1-058d-454b-a241-5b3232a3c6ba,81414539-313c-4098-b292-1d6a5f292062,medium,warned,"Synthetic case for presentation: 2 events observed, severity=medium, outcome=warned.",90b1b286-043f-4b76-92e4-23c74608f5ea,"2026-09-19 15:00:00"
b7a4423e-9ed4-409d-8155-faa087c5c4e8,8a0154b1-058d-454b-a241-5b3232a3c6ba,a8b6d4e5-7600-4fdd-af39-205471fe6380,critical,invalidated,"Synthetic case for presentation: 3 events observed, severity=critical, outcome=invalidated.",58e322a9-44b7-42b4-a350-967bfcf1e909,"2026-08-26 15:09:00"
ded7b176-b2f7-438a-ad1a-765cd29b4ee4,8a0154b1-058d-454b-a241-5b3232a3c6ba,99504f62-20ce-40c9-8ade-b72a6670d4ff,low,pending,"Synthetic case for presentation: 1 events observed, severity=low, outcome=pending.",,
c812d27f-e5e2-4860-86bc-7b83245b2c38,8a0154b1-058d-454b-a241-5b3232a3c6ba,1479539a-fa39-4558-8654-543987e11233,medium,warned,"Synthetic case for presentation: 2 events observed, severity=medium, outcome=warned.",58e322a9-44b7-42b4-a350-967bfcf1e909,"2026-08-28 15:27:00"
11c15a07-672c-4940-9d11-23e30a445959,8a0154b1-058d-454b-a241-5b3232a3c6ba,b80fa7e4-b278-4fec-b6ea-c4a5425021f0,high,score_penalized,"Synthetic case for presentation: 3 events observed, severity=high, outcome=score_penalized.",90b1b286-043f-4b76-92e4-23c74608f5ea,"2026-08-29 15:36:00"
1ec8206f-fa89-4844-a1bb-aabc9400e393,9a92713b-6f68-41d0-b07d-e4c9aa56124c,091bdc96-10c2-4398-8744-b0b01a9fe82b,low,pending,"Synthetic case for presentation: 1 events observed, severity=low, outcome=pending.",,
709222ed-b384-4908-a162-122eededfc4a,9a92713b-6f68-41d0-b07d-e4c9aa56124c,8859c330-7b1f-488c-819a-a78007a402dd,medium,warned,"Synthetic case for presentation: 2 events observed, severity=medium, outcome=warned.",1d91172c-9c0d-4afe-b2cd-7546c994dc2b,"2026-08-28 15:09:00"
102c8a61-6848-4eed-a168-041d718df130,9a92713b-6f68-41d0-b07d-e4c9aa56124c,47f065f2-3119-4dfa-919a-19e39b7031eb,high,score_penalized,"Synthetic case for presentation: 3 events observed, severity=high, outcome=score_penalized.",1d91172c-9c0d-4afe-b2cd-7546c994dc2b,"2026-08-29 15:18:00"
0a94716f-e62e-40ab-8e74-3db24baba303,9a92713b-6f68-41d0-b07d-e4c9aa56124c,2b0cf8a1-5c92-4127-8e65-d9cd66cba151,low,pending,"Synthetic case for presentation: 1 events observed, severity=low, outcome=pending.",,
b79515e7-4e12-477c-88e2-4984afe4489e,9a92713b-6f68-41d0-b07d-e4c9aa56124c,07e1fa10-db65-404b-9c2f-487c46b18ff7,high,score_penalized,"Synthetic case for presentation: 2 events observed, severity=high, outcome=score_penalized.",90b1b286-043f-4b76-92e4-23c74608f5ea,"2026-08-31 15:36:00"
8e95a5e9-bced-4df8-928b-4217d2ee1a35,126eff1c-4682-48cb-af3e-5f5fd6e535f0,57729514-66ef-4fa1-83ce-5df10cd6a631,high,score_penalized,"Synthetic case for presentation: 3 events observed, severity=high, outcome=score_penalized.",90b1b286-043f-4b76-92e4-23c74608f5ea,"2026-08-29 15:00:00"
fdc6c426-754b-4d0f-9d85-f032a561b952,126eff1c-4682-48cb-af3e-5f5fd6e535f0,d9859640-47bf-4e33-95dd-3074875b312a,low,pending,"Synthetic case for presentation: 1 events observed, severity=low, outcome=pending.",,
9787ce1e-e486-4a91-b08f-851e70c22c01,126eff1c-4682-48cb-af3e-5f5fd6e535f0,9a5a9e1f-782a-47ca-932b-b37a9abe8d9d,high,score_penalized,"Synthetic case for presentation: 2 events observed, severity=high, outcome=score_penalized.",14add0cc-64f2-433a-ba4a-336a22523df5,"2026-08-31 15:18:00"
23d4f44a-e18c-48bb-a60a-f90b9f110087,126eff1c-4682-48cb-af3e-5f5fd6e535f0,a3ff87c6-8b47-4868-aeca-880424e054c1,high,score_penalized,"Synthetic case for presentation: 3 events observed, severity=high, outcome=score_penalized.",14add0cc-64f2-433a-ba4a-336a22523df5,"2026-09-01 15:27:00"
2785be58-d0c5-4241-a952-851cdd6232f5,126eff1c-4682-48cb-af3e-5f5fd6e535f0,8ca10164-480b-4e2d-9da0-ee1a7a5bccbf,low,pending,"Synthetic case for presentation: 1 events observed, severity=low, outcome=pending.",,
9206fd1e-db61-4749-8c2e-94e74a01bdbc,9cb1c304-c370-4566-8ed3-d37a62f451da,485521f2-f408-43cb-818c-42a9ceae3877,high,score_penalized,"Synthetic case for presentation: 2 events observed, severity=high, outcome=score_penalized.",90b1b286-043f-4b76-92e4-23c74608f5ea,"2026-08-31 15:00:00"
6a34e744-1b96-4231-9a03-b6982908c7d7,9cb1c304-c370-4566-8ed3-d37a62f451da,eca9413f-3699-4023-872e-d88f3877e06f,high,score_penalized,"Synthetic case for presentation: 3 events observed, severity=high, outcome=score_penalized.",d3d4f7e5-c063-44f1-9f8c-d9d7384e5f8f,"2026-09-01 15:09:00"
b58b68b1-f2a4-4434-a9bd-18657b6ccae5,9cb1c304-c370-4566-8ed3-d37a62f451da,b2e93614-f22f-421e-b6bc-56714546c128,low,pending,"Synthetic case for presentation: 1 events observed, severity=low, outcome=pending.",,
79873c53-c812-4401-807f-05f4fbce68e6,9cb1c304-c370-4566-8ed3-d37a62f451da,98042ab2-3a6b-4e5d-b9fe-a5fcd631fb74,medium,warned,"Synthetic case for presentation: 2 events observed, severity=medium, outcome=warned.",d3d4f7e5-c063-44f1-9f8c-d9d7384e5f8f,"2026-09-03 15:27:00"
49a35878-9449-4174-a82f-e92218316593,9cb1c304-c370-4566-8ed3-d37a62f451da,716ac48c-b873-4169-9997-091c7fa4f50b,high,score_penalized,"Synthetic case for presentation: 3 events observed, severity=high, outcome=score_penalized.",90b1b286-043f-4b76-92e4-23c74608f5ea,"2026-09-04 15:36:00"
bbc393c3-74a1-45bf-92b7-68b9c2bc3071,97913e8c-641a-4dd3-b9b0-01c6bca02837,5f3e9d9b-1202-4125-ae0e-0a4b2ee92271,low,pending,"Synthetic case for presentation: 1 events observed, severity=low, outcome=pending.",,
05809531-644d-4c44-97cb-eedd60692c9b,97913e8c-641a-4dd3-b9b0-01c6bca02837,cc7678ff-508b-420c-be10-03ef4533cc8d,medium,warned,"Synthetic case for presentation: 2 events observed, severity=medium, outcome=warned.",14dc5e3c-bfbf-4c4a-9b36-dfc6a19eb490,"2026-09-03 15:09:00"
190f0b29-7826-4ab4-b75e-14d1264846f0,97913e8c-641a-4dd3-b9b0-01c6bca02837,b2229751-97ca-4188-8293-a15294d12b33,high,score_penalized,"Synthetic case for presentation: 3 events observed, severity=high, outcome=score_penalized.",14dc5e3c-bfbf-4c4a-9b36-dfc6a19eb490,"2026-09-04 15:18:00"
2dd74d58-5b4f-47cc-86ef-80bd59fb2445,97913e8c-641a-4dd3-b9b0-01c6bca02837,9ec5697d-e4c7-41dc-86a4-9d021d1d82fb,high,score_penalized,"Synthetic case for presentation: 1 events observed, severity=high, outcome=score_penalized.",14dc5e3c-bfbf-4c4a-9b36-dfc6a19eb490,"2026-09-05 15:27:00"
cdf127ac-374c-4f34-9977-bba77a92b238,97913e8c-641a-4dd3-b9b0-01c6bca02837,c4572ce9-0998-4226-b3c1-31511aa6209b,medium,warned,"Synthetic case for presentation: 2 events observed, severity=medium, outcome=warned.",90b1b286-043f-4b76-92e4-23c74608f5ea,"2026-09-06 15:36:00"
534c71c3-50b9-4dff-b48e-9e03496d5918,5e0163e6-674e-4c8d-a581-b17c1de813c8,253d53dd-fa95-4971-9614-deedd5d73581,high,score_penalized,"Synthetic case for presentation: 3 events observed, severity=high, outcome=score_penalized.",90b1b286-043f-4b76-92e4-23c74608f5ea,"2026-09-04 15:00:00"
98660931-1ea6-4f31-9953-97548a24380c,5e0163e6-674e-4c8d-a581-b17c1de813c8,a3caeed6-0db2-4a88-a300-2f90577f57f9,high,score_penalized,"Synthetic case for presentation: 1 events observed, severity=high, outcome=score_penalized.",5e3d634c-6240-46b0-9889-e1a49d66ba56,"2026-09-05 15:09:00"
3ba027f6-2b03-4a88-9995-fec1b705dd7a,5e0163e6-674e-4c8d-a581-b17c1de813c8,3cf6d79f-48e4-4092-bff1-b50e181c8f32,medium,warned,"Synthetic case for presentation: 2 events observed, severity=medium, outcome=warned.",5e3d634c-6240-46b0-9889-e1a49d66ba56,"2026-09-06 15:18:00"
2864ce87-4cd2-4819-9d98-4a6ed9495ebd,5e0163e6-674e-4c8d-a581-b17c1de813c8,db5f12b5-80f9-47f6-aeba-aed7a6cd618a,critical,invalidated,"Synthetic case for presentation: 3 events observed, severity=critical, outcome=invalidated.",5e3d634c-6240-46b0-9889-e1a49d66ba56,"2026-09-07 15:27:00"
76be347f-e724-4953-8b3c-c0b8d3affd85,5e0163e6-674e-4c8d-a581-b17c1de813c8,a69ae476-a151-4449-8eea-c8674e71ee52,low,pending,"Synthetic case for presentation: 1 events observed, severity=low, outcome=pending.",,
4945b6e9-97c0-45e6-8a88-e51764e395ac,b74b7697-cf00-442d-b925-ff369dc72145,f66a8c34-10ce-4bb7-bfeb-23dac42afe3e,medium,warned,"Synthetic case for presentation: 2 events observed, severity=medium, outcome=warned.",90b1b286-043f-4b76-92e4-23c74608f5ea,"2026-09-06 15:00:00"
89da5e68-5e26-414d-bc19-96f662e4d979,b74b7697-cf00-442d-b925-ff369dc72145,15742ae1-f22e-4337-a05b-f811cedb883b,critical,invalidated,"Synthetic case for presentation: 3 events observed, severity=critical, outcome=invalidated.",8cf91001-5404-436d-98c3-4be6f30a6bd4,"2026-09-07 15:09:00"
e4d30833-5583-4dbe-90bc-a30c4c4fbdbd,b74b7697-cf00-442d-b925-ff369dc72145,3a593843-07ab-44c8-b1e2-85bf75799ae0,low,pending,"Synthetic case for presentation: 1 events observed, severity=low, outcome=pending.",,
4f744786-8088-434f-ba6f-9e62cee104e6,b74b7697-cf00-442d-b925-ff369dc72145,1e33327d-26db-4736-b210-2713424c7240,medium,warned,"Synthetic case for presentation: 2 events observed, severity=medium, outcome=warned.",8cf91001-5404-436d-98c3-4be6f30a6bd4,"2026-09-09 15:27:00"
c7f1d449-d69a-4d4e-97b2-8bc94c5181f7,b74b7697-cf00-442d-b925-ff369dc72145,6656fcab-4927-4391-b7ec-0e48014ccf5b,high,score_penalized,"Synthetic case for presentation: 3 events observed, severity=high, outcome=score_penalized.",90b1b286-043f-4b76-92e4-23c74608f5ea,"2026-09-10 15:36:00"
5fd61357-af6a-4e32-8975-4f41d0bb4764,31120d87-3847-4bb8-a995-a9d032f2813f,96eb617b-a4cb-456d-9ed3-a25200880e11,low,pending,"Synthetic case for presentation: 1 events observed, severity=low, outcome=pending.",,
b815001a-fbdc-469c-bd3f-726f3ba1a10c,31120d87-3847-4bb8-a995-a9d032f2813f,8fdc97c1-4342-43f5-8bce-c331c43bb51a,medium,warned,"Synthetic case for presentation: 2 events observed, severity=medium, outcome=warned.",2c6a91d7-9eb6-4658-a26a-10f0b47c6260,"2026-09-09 15:09:00"
31845cd6-6787-4d42-9a06-17ece7b3b56e,31120d87-3847-4bb8-a995-a9d032f2813f,344a96a0-9162-459b-92c9-311d89f3e60d,high,score_penalized,"Synthetic case for presentation: 3 events observed, severity=high, outcome=score_penalized.",2c6a91d7-9eb6-4658-a26a-10f0b47c6260,"2026-09-10 15:18:00"
b8e61f7a-4069-444b-8dd8-479e306ab53d,31120d87-3847-4bb8-a995-a9d032f2813f,ba1f3f2e-1dc3-4be1-abed-189b9851efd2,low,pending,"Synthetic case for presentation: 1 events observed, severity=low, outcome=pending.",,
45749985-c0fc-4f9b-b88e-4d25760fa334,31120d87-3847-4bb8-a995-a9d032f2813f,9c3aeca0-4f04-41d4-baee-5613a69175e0,high,score_penalized,"Synthetic case for presentation: 2 events observed, severity=high, outcome=score_penalized.",90b1b286-043f-4b76-92e4-23c74608f5ea,"2026-09-12 15:36:00"
dac5eccf-98e0-4790-aab3-389da803b5af,55214964-43e5-4908-ba0c-e8c1486caf89,6c666be9-3d83-4a63-b57d-fa30453cdf7e,high,score_penalized,"Synthetic case for presentation: 3 events observed, severity=high, outcome=score_penalized.",90b1b286-043f-4b76-92e4-23c74608f5ea,"2026-09-10 15:00:00"
ee38295a-1c28-4d8d-a42b-881c7adce0b7,55214964-43e5-4908-ba0c-e8c1486caf89,95505a2d-88a7-48b0-addc-15afb17de938,low,pending,"Synthetic case for presentation: 1 events observed, severity=low, outcome=pending.",,
80472905-e7a5-411c-8294-9b7a1198deff,55214964-43e5-4908-ba0c-e8c1486caf89,ff286a18-7454-4913-847d-f40377d9c69b,high,score_penalized,"Synthetic case for presentation: 2 events observed, severity=high, outcome=score_penalized.",69ddae6a-5404-4dac-81b4-84c16e51e910,"2026-09-12 15:18:00"
6ae6729c-51c8-4bc2-a767-53a253fc517b,55214964-43e5-4908-ba0c-e8c1486caf89,5389a148-b6ef-45d3-a409-2d1663915812,high,score_penalized,"Synthetic case for presentation: 3 events observed, severity=high, outcome=score_penalized.",69ddae6a-5404-4dac-81b4-84c16e51e910,"2026-09-13 15:27:00"
01307395-7de2-4733-ba78-3ad195888031,55214964-43e5-4908-ba0c-e8c1486caf89,2934e836-21f9-48c3-bf08-3f4bbea139d7,low,pending,"Synthetic case for presentation: 1 events observed, severity=low, outcome=pending.",,
a8d1ea94-6e0c-47ad-9b33-7a89d0683a42,fcd8acd3-2114-4864-96a8-2c6f38db9153,d40e038a-675b-452e-b279-4b83caf6a4e1,high,score_penalized,"Synthetic case for presentation: 2 events observed, severity=high, outcome=score_penalized.",90b1b286-043f-4b76-92e4-23c74608f5ea,"2026-09-12 15:00:00"
2d4666e2-5d44-46d9-a963-2f770285bead,fcd8acd3-2114-4864-96a8-2c6f38db9153,02708947-ae9e-44fe-a689-f474711e79d3,high,score_penalized,"Synthetic case for presentation: 3 events observed, severity=high, outcome=score_penalized.",d120f453-59a0-4a7e-8e46-417d4231734a,"2026-09-13 15:09:00"
363323a2-d666-469f-bd2b-2f5cf1d27a10,fcd8acd3-2114-4864-96a8-2c6f38db9153,6e2a46e0-c0e4-4278-890e-76b3a46a1605,low,pending,"Synthetic case for presentation: 1 events observed, severity=low, outcome=pending.",,
7b9d6c2f-224e-4986-8703-f2044fef9975,fcd8acd3-2114-4864-96a8-2c6f38db9153,cc1b309e-4593-43e0-b480-de22281a5ee0,medium,warned,"Synthetic case for presentation: 2 events observed, severity=medium, outcome=warned.",d120f453-59a0-4a7e-8e46-417d4231734a,"2026-09-15 15:27:00"
44059905-5090-4cb7-9974-5a82fc758a26,fcd8acd3-2114-4864-96a8-2c6f38db9153,76233c66-0d4f-4d86-9a54-2a68a665f6da,high,score_penalized,"Synthetic case for presentation: 3 events observed, severity=high, outcome=score_penalized.",90b1b286-043f-4b76-92e4-23c74608f5ea,"2026-09-16 15:36:00"
fb45fff9-3b2b-49f3-9bc6-172287d4509f,5f740369-2d5a-4bc1-9f1c-93a3227448ae,46a9a5f7-5ceb-4e2f-9c28-77050a835a21,low,pending,"Synthetic case for presentation: 1 events observed, severity=low, outcome=pending.",,
bc7e43dd-0f4f-4788-a358-de276bf4a27c,5f740369-2d5a-4bc1-9f1c-93a3227448ae,ff5b6e15-dd3a-4cf4-929d-570b83bdfefa,medium,warned,"Synthetic case for presentation: 2 events observed, severity=medium, outcome=warned.",52a7109e-f6a8-4880-b14a-2979a52b4dd5,"2026-09-15 15:09:00"
0972424a-fefe-4380-ba86-6d34e21b16eb,5f740369-2d5a-4bc1-9f1c-93a3227448ae,d5292165-f10e-4420-888b-9cba4693fe08,high,score_penalized,"Synthetic case for presentation: 3 events observed, severity=high, outcome=score_penalized.",52a7109e-f6a8-4880-b14a-2979a52b4dd5,"2026-09-16 15:18:00"
a9d86e37-9d15-4e12-be10-aa7249b105b2,5f740369-2d5a-4bc1-9f1c-93a3227448ae,488f7012-2d36-45b8-9570-92d8de7bd8f2,high,score_penalized,"Synthetic case for presentation: 1 events observed, severity=high, outcome=score_penalized.",52a7109e-f6a8-4880-b14a-2979a52b4dd5,"2026-09-17 15:27:00"
4b745a45-17e4-4a95-9264-23bf53c90295,5f740369-2d5a-4bc1-9f1c-93a3227448ae,65e73ca6-fce9-41f2-a209-06046abde915,medium,warned,"Synthetic case for presentation: 2 events observed, severity=medium, outcome=warned.",90b1b286-043f-4b76-92e4-23c74608f5ea,"2026-09-18 15:36:00"
60341e2a-32bb-4179-8ecf-7f90c7752e94,f977f684-942b-47bb-ac73-7bdf1eb2ea5a,9cb5c43f-426b-4fd3-8feb-0767f9293cb6,high,score_penalized,"Synthetic case for presentation: 3 events observed, severity=high, outcome=score_penalized.",90b1b286-043f-4b76-92e4-23c74608f5ea,"2026-09-16 15:00:00"
fbc31179-95fa-4f6e-bb23-b2fa286115c6,f977f684-942b-47bb-ac73-7bdf1eb2ea5a,b84975aa-77aa-429b-8f71-3770c5d2da9b,high,score_penalized,"Synthetic case for presentation: 1 events observed, severity=high, outcome=score_penalized.",664317a4-07f7-4519-a37b-0c30ceadbdac,"2026-09-17 15:09:00"
5182e11c-7ac4-4f16-9a62-296a0eb81293,f977f684-942b-47bb-ac73-7bdf1eb2ea5a,ef837039-eb9e-46f7-98c8-cf34a75e8c98,medium,warned,"Synthetic case for presentation: 2 events observed, severity=medium, outcome=warned.",664317a4-07f7-4519-a37b-0c30ceadbdac,"2026-09-18 15:18:00"
945d1d1b-2926-4d39-abf2-11c693d715b1,f977f684-942b-47bb-ac73-7bdf1eb2ea5a,1ac495bb-c10e-4543-b364-268ce0b60064,critical,invalidated,"Synthetic case for presentation: 3 events observed, severity=critical, outcome=invalidated.",664317a4-07f7-4519-a37b-0c30ceadbdac,"2026-09-19 15:27:00"
a322fd4b-8a91-4ffa-b44e-189a7c17ee8b,f977f684-942b-47bb-ac73-7bdf1eb2ea5a,fd81949d-e5a1-403d-8b1e-aeaf33c41aa2,low,pending,"Synthetic case for presentation: 1 events observed, severity=low, outcome=pending.",,
bff295a8-3c25-4036-925c-11224616822a,94898c31-64f0-4475-9205-e4b03ddf9c10,35a41d37-fe97-4642-93f5-d3a5126948b0,medium,warned,"Synthetic case for presentation: 2 events observed, severity=medium, outcome=warned.",90b1b286-043f-4b76-92e4-23c74608f5ea,"2026-09-18 15:00:00"
61359c25-6e9b-4c02-9fee-6b49725cdc07,94898c31-64f0-4475-9205-e4b03ddf9c10,042093c3-0557-4357-af2f-5541744bb7bf,critical,invalidated,"Synthetic case for presentation: 3 events observed, severity=critical, outcome=invalidated.",66a2f0e3-fdde-4b29-bdbd-262a2e622cf7,"2026-09-19 15:09:00"
261015aa-986c-4b05-a54c-e4787062b88b,94898c31-64f0-4475-9205-e4b03ddf9c10,a556d838-3169-41d7-b84e-c8fc91f50a80,low,pending,"Synthetic case for presentation: 1 events observed, severity=low, outcome=pending.",,
77c61ef6-783d-43f7-a763-9edb9ef9736d,94898c31-64f0-4475-9205-e4b03ddf9c10,b4adc770-caee-4c1c-b9f4-e152cf52c3ad,medium,warned,"Synthetic case for presentation: 2 events observed, severity=medium, outcome=warned.",66a2f0e3-fdde-4b29-bdbd-262a2e622cf7,"2026-08-27 15:27:00"
49fee242-14af-42ed-ade8-be938acfd60b,94898c31-64f0-4475-9205-e4b03ddf9c10,d7ff0716-c11b-4cef-9b7b-0456fe125b86,high,score_penalized,"Synthetic case for presentation: 3 events observed, severity=high, outcome=score_penalized.",90b1b286-043f-4b76-92e4-23c74608f5ea,"2026-08-28 15:36:00"
0f259f06-7e52-45cd-8c95-e1d026fb78f3,badcd620-f6b7-4339-85c0-1ca73b4335a8,c35ac543-ba60-4913-9746-315cbb98bb5a,low,pending,"Synthetic case for presentation: 1 events observed, severity=low, outcome=pending.",,
0b23929d-6e90-4083-bc71-f05f23e391b0,badcd620-f6b7-4339-85c0-1ca73b4335a8,6a2e5aa3-1b70-4aae-acd6-8df1a177d8ba,medium,warned,"Synthetic case for presentation: 2 events observed, severity=medium, outcome=warned.",4aff20b6-e5a6-43a8-ac5e-90b12926fac6,"2026-08-27 15:09:00"
390d9a83-b462-4044-8cf4-21c485c388d4,badcd620-f6b7-4339-85c0-1ca73b4335a8,9a767a4f-f464-49af-845b-8f1fd16bcce7,high,score_penalized,"Synthetic case for presentation: 3 events observed, severity=high, outcome=score_penalized.",4aff20b6-e5a6-43a8-ac5e-90b12926fac6,"2026-08-28 15:18:00"
2e250a5f-6001-4df8-aba7-65e0157f0b48,badcd620-f6b7-4339-85c0-1ca73b4335a8,8639dc4e-4b1c-43c1-85fd-a47650c43f38,low,pending,"Synthetic case for presentation: 1 events observed, severity=low, outcome=pending.",,
d1cb48d4-bc2e-464e-9a91-15997539d28f,badcd620-f6b7-4339-85c0-1ca73b4335a8,1a157656-96a8-44b8-891b-f2d3de5f0d1c,high,score_penalized,"Synthetic case for presentation: 2 events observed, severity=high, outcome=score_penalized.",90b1b286-043f-4b76-92e4-23c74608f5ea,"2026-08-30 15:36:00"
53c6f76f-70a3-4929-b74b-8b9446422e9b,4438b1ad-2d4c-486d-9048-35445aa45c3b,39ad9fcc-4028-4bd1-9c2e-01cae57eac1f,high,score_penalized,"Synthetic case for presentation: 3 events observed, severity=high, outcome=score_penalized.",90b1b286-043f-4b76-92e4-23c74608f5ea,"2026-08-28 15:00:00"
214e2359-7d57-4dd4-80bc-65af9f27ad0d,4438b1ad-2d4c-486d-9048-35445aa45c3b,89292d45-6633-4e3b-a594-4766b65cb1f6,low,pending,"Synthetic case for presentation: 1 events observed, severity=low, outcome=pending.",,
fb7f3b0d-5d62-400a-bf5c-101effd8757a,4438b1ad-2d4c-486d-9048-35445aa45c3b,dd1b96b4-3a8c-41a0-a78b-834b78e5d9b1,high,score_penalized,"Synthetic case for presentation: 2 events observed, severity=high, outcome=score_penalized.",a99ac5d2-2bc5-4a33-91d5-3c58f11116fc,"2026-08-30 15:18:00"
ed10d71a-0614-439c-a2f5-9b6a993fa412,4438b1ad-2d4c-486d-9048-35445aa45c3b,27815277-d7c4-4920-ae28-9d515aa4d752,high,score_penalized,"Synthetic case for presentation: 3 events observed, severity=high, outcome=score_penalized.",a99ac5d2-2bc5-4a33-91d5-3c58f11116fc,"2026-08-31 15:27:00"
c87452ec-8198-4b0c-a722-fedfe234236d,4438b1ad-2d4c-486d-9048-35445aa45c3b,21de305d-f26f-41b3-ab7a-4af76a9c9b67,low,pending,"Synthetic case for presentation: 1 events observed, severity=low, outcome=pending.",,
70fd5b21-8ee1-4af2-9bce-28ee3d519534,a4af56b3-4fc9-4375-9eca-91e1f5fd8be4,97dd321c-e080-4062-9c9b-a12f42427163,high,score_penalized,"Synthetic case for presentation: 2 events observed, severity=high, outcome=score_penalized.",90b1b286-043f-4b76-92e4-23c74608f5ea,"2026-08-30 15:00:00"
72297ef2-c388-494a-a614-a6cf8db3084b,a4af56b3-4fc9-4375-9eca-91e1f5fd8be4,83ec59c4-f0dd-44c8-b3bd-91b4642f9c38,high,score_penalized,"Synthetic case for presentation: 3 events observed, severity=high, outcome=score_penalized.",9513cc65-d494-4ed4-9202-72edb5c947b2,"2026-08-31 15:09:00"
03fdbf5e-95f3-4fe1-99b4-6f83e7b661f3,a4af56b3-4fc9-4375-9eca-91e1f5fd8be4,445a3794-4983-4b7d-b849-59152aa613c3,low,pending,"Synthetic case for presentation: 1 events observed, severity=low, outcome=pending.",,
9e28fe0e-ecd1-4368-bef7-7d083efd54a8,a4af56b3-4fc9-4375-9eca-91e1f5fd8be4,612c9379-36ac-4de1-bb5a-e40920e2c91c,medium,warned,"Synthetic case for presentation: 2 events observed, severity=medium, outcome=warned.",9513cc65-d494-4ed4-9202-72edb5c947b2,"2026-09-02 15:27:00"
7161b572-83b7-4a6d-abef-f96742d421bc,a4af56b3-4fc9-4375-9eca-91e1f5fd8be4,8d4376e3-77bf-49f5-baa2-3221ea00750a,high,score_penalized,"Synthetic case for presentation: 3 events observed, severity=high, outcome=score_penalized.",90b1b286-043f-4b76-92e4-23c74608f5ea,"2026-09-03 15:36:00"
0b254714-e424-446b-a28c-c26a3d320f16,9696c843-be48-457d-adb0-862a27ed4f0c,a504920d-d773-40a3-8551-445c9167645c,low,pending,"Synthetic case for presentation: 1 events observed, severity=low, outcome=pending.",,
4022b898-dd3c-458e-97e2-5f239b25edd0,9696c843-be48-457d-adb0-862a27ed4f0c,c30ad074-27c5-45dc-90da-e2c634969107,medium,warned,"Synthetic case for presentation: 2 events observed, severity=medium, outcome=warned.",5f85c31d-87cf-415f-bec3-84653269cc5d,"2026-09-02 15:09:00"
3e37fad8-55a9-43a6-959a-5a1e1039d86b,9696c843-be48-457d-adb0-862a27ed4f0c,30104780-a03e-4bfd-a760-cce00222511a,high,score_penalized,"Synthetic case for presentation: 3 events observed, severity=high, outcome=score_penalized.",5f85c31d-87cf-415f-bec3-84653269cc5d,"2026-09-03 15:18:00"
c5fa9224-9b80-4aa2-a158-51236e326700,9696c843-be48-457d-adb0-862a27ed4f0c,5c3195d2-4acc-403c-a85c-e24671c597e5,high,score_penalized,"Synthetic case for presentation: 1 events observed, severity=high, outcome=score_penalized.",5f85c31d-87cf-415f-bec3-84653269cc5d,"2026-09-04 15:27:00"
c69eb62f-b32e-4dcf-bda2-a36b38c142d5,9696c843-be48-457d-adb0-862a27ed4f0c,ee80853e-0a66-403b-853f-0ca66831b6cc,medium,warned,"Synthetic case for presentation: 2 events observed, severity=medium, outcome=warned.",90b1b286-043f-4b76-92e4-23c74608f5ea,"2026-09-05 15:36:00"
536924fa-8fa0-4243-8f57-75d9fc716b05,2541659e-3179-4401-9fc8-0849ccad415b,219a889e-ac32-4b70-b57f-ecebb90bebd8,high,score_penalized,"Synthetic case for presentation: 3 events observed, severity=high, outcome=score_penalized.",90b1b286-043f-4b76-92e4-23c74608f5ea,"2026-09-03 15:00:00"
f5005349-51ca-4266-9b33-816df329d79d,2541659e-3179-4401-9fc8-0849ccad415b,ed8b129f-b2a3-494e-8e93-46a3bad0b150,high,score_penalized,"Synthetic case for presentation: 1 events observed, severity=high, outcome=score_penalized.",aaa34120-093e-4327-9895-d06289183180,"2026-09-04 15:09:00"
fa4f9544-89df-4f4f-9388-9b092724663d,2541659e-3179-4401-9fc8-0849ccad415b,ac450422-b897-4284-927a-24ba2eba2db3,medium,warned,"Synthetic case for presentation: 2 events observed, severity=medium, outcome=warned.",aaa34120-093e-4327-9895-d06289183180,"2026-09-05 15:18:00"
749175c1-3a8e-4b30-a625-ee5e38dc973e,2541659e-3179-4401-9fc8-0849ccad415b,c8c4b51c-5338-4fff-a7f6-ea23dc857f89,critical,invalidated,"Synthetic case for presentation: 3 events observed, severity=critical, outcome=invalidated.",aaa34120-093e-4327-9895-d06289183180,"2026-09-06 15:27:00"
35340667-8937-4ae9-9465-b3de112d5f71,2541659e-3179-4401-9fc8-0849ccad415b,4f42a83d-9633-487b-981c-1db1e1200e41,low,pending,"Synthetic case for presentation: 1 events observed, severity=low, outcome=pending.",,
82203c3a-d086-4821-938a-7048de60754e,938445d2-424f-4489-b663-ef1cd386d7ef,634a0433-d79b-449e-b0c1-004b6d4a53bf,medium,warned,"Synthetic case for presentation: 2 events observed, severity=medium, outcome=warned.",90b1b286-043f-4b76-92e4-23c74608f5ea,"2026-09-05 15:00:00"
ae3b7a8f-7773-4d2b-86e4-22ae6ca6f6b3,938445d2-424f-4489-b663-ef1cd386d7ef,66964a2d-9218-4c28-ad65-61176c7fe459,critical,invalidated,"Synthetic case for presentation: 3 events observed, severity=critical, outcome=invalidated.",b3555497-8e60-4b8c-8b12-b35d498aafe9,"2026-09-06 15:09:00"
c6cb5fa2-2d06-46b3-805c-f1f7894f0bd7,938445d2-424f-4489-b663-ef1cd386d7ef,2bc1cda8-2c33-4bae-b725-4e9a5d2d25dd,low,pending,"Synthetic case for presentation: 1 events observed, severity=low, outcome=pending.",,
4e19e3ba-fa7e-4cd1-902d-a148daf5922f,938445d2-424f-4489-b663-ef1cd386d7ef,905f2dac-28ab-4335-8078-3bc178a8e806,medium,warned,"Synthetic case for presentation: 2 events observed, severity=medium, outcome=warned.",b3555497-8e60-4b8c-8b12-b35d498aafe9,"2026-09-08 15:27:00"
d6eba927-c511-46d3-afed-10ff393cfad8,938445d2-424f-4489-b663-ef1cd386d7ef,ec4125f0-f72f-42f0-9071-bf0fd9bf64b2,high,score_penalized,"Synthetic case for presentation: 3 events observed, severity=high, outcome=score_penalized.",90b1b286-043f-4b76-92e4-23c74608f5ea,"2026-09-09 15:36:00"
29f315b6-0633-4dce-bc05-a78e650ad42a,4264a030-7eda-48c8-a071-64edfb353c5c,f7bb2dcc-a43e-4ec6-b089-b10bc052132d,low,pending,"Synthetic case for presentation: 1 events observed, severity=low, outcome=pending.",,
5852ef98-7b2d-49fd-9190-07d149bd758e,4264a030-7eda-48c8-a071-64edfb353c5c,b2717253-3eeb-407a-b8b9-3bcf665b0323,medium,warned,"Synthetic case for presentation: 2 events observed, severity=medium, outcome=warned.",0c789802-fbe5-4df3-a0fd-11eaa023f645,"2026-09-08 15:09:00"
d9608618-6c75-46de-ad97-357c60e1cd10,4264a030-7eda-48c8-a071-64edfb353c5c,bdf6e743-f264-449c-acbe-8eb66d676ec8,high,score_penalized,"Synthetic case for presentation: 3 events observed, severity=high, outcome=score_penalized.",0c789802-fbe5-4df3-a0fd-11eaa023f645,"2026-09-09 15:18:00"
fdafbdf3-966f-403d-b770-601495a9ac63,4264a030-7eda-48c8-a071-64edfb353c5c,53d171a8-f8cb-441c-ad21-4e68c3503b70,low,pending,"Synthetic case for presentation: 1 events observed, severity=low, outcome=pending.",,
59912466-2d8c-49cc-a553-efadf6b5093e,4264a030-7eda-48c8-a071-64edfb353c5c,2d6590e1-0e4c-41a5-b77e-267bf62c0da1,high,score_penalized,"Synthetic case for presentation: 2 events observed, severity=high, outcome=score_penalized.",90b1b286-043f-4b76-92e4-23c74608f5ea,"2026-09-11 15:36:00"
6ec18ed1-bace-4e03-b278-e65b706f127c,4a48ce30-ef34-4360-8871-48523b42ce35,ef498396-2c70-4480-8bb0-9a33aac64e85,high,score_penalized,"Synthetic case for presentation: 3 events observed, severity=high, outcome=score_penalized.",90b1b286-043f-4b76-92e4-23c74608f5ea,"2026-09-09 15:00:00"
196d6f75-034d-4185-a7c1-ffec80ae6d76,4a48ce30-ef34-4360-8871-48523b42ce35,9ab4637b-dd3b-426b-ae7d-8e325ec7d33d,low,pending,"Synthetic case for presentation: 1 events observed, severity=low, outcome=pending.",,
b7dfa37f-c28f-4199-a38e-7c0e59642a63,4a48ce30-ef34-4360-8871-48523b42ce35,823352af-e47a-40d6-a376-54f45cab25c5,high,score_penalized,"Synthetic case for presentation: 2 events observed, severity=high, outcome=score_penalized.",c9024398-0ce7-475e-82ab-0fd465b028ae,"2026-09-11 15:18:00"
5c0c3f91-f92a-4aa8-a044-0de848008bd2,4a48ce30-ef34-4360-8871-48523b42ce35,551dd8d7-356d-49f1-baa8-9c256e76f64f,high,score_penalized,"Synthetic case for presentation: 3 events observed, severity=high, outcome=score_penalized.",c9024398-0ce7-475e-82ab-0fd465b028ae,"2026-09-12 15:27:00"
5a927432-0fdb-4953-a3a5-9fef174a9f8b,4a48ce30-ef34-4360-8871-48523b42ce35,dde38a31-a7e1-441b-9544-b00e13d73476,low,pending,"Synthetic case for presentation: 1 events observed, severity=low, outcome=pending.",,
77b73207-a455-4a67-b5ba-6d9791bcb614,ae717d05-175a-41cf-a33d-600de80bd663,15aefbfc-dcaf-4652-ae4c-24dbc75660e5,high,score_penalized,"Synthetic case for presentation: 2 events observed, severity=high, outcome=score_penalized.",90b1b286-043f-4b76-92e4-23c74608f5ea,"2026-09-11 15:00:00"
8c15f499-0271-4729-bbf0-16554fa407fc,ae717d05-175a-41cf-a33d-600de80bd663,bff09bd4-4afc-4e6d-b524-d70216e6ebcb,high,score_penalized,"Synthetic case for presentation: 3 events observed, severity=high, outcome=score_penalized.",9aa041aa-2bdd-4441-8af5-37ed8875803c,"2026-09-12 15:09:00"
45da124b-0f23-45a9-aeba-ce67ea7bf012,ae717d05-175a-41cf-a33d-600de80bd663,0d62a222-1189-4c4f-8d3a-069dcae6139f,low,pending,"Synthetic case for presentation: 1 events observed, severity=low, outcome=pending.",,
e52d4d53-9fc8-43b1-ada3-ae9914c2775a,ae717d05-175a-41cf-a33d-600de80bd663,702a389e-6ecc-4ae1-af8b-8ff18e59065f,medium,warned,"Synthetic case for presentation: 2 events observed, severity=medium, outcome=warned.",9aa041aa-2bdd-4441-8af5-37ed8875803c,"2026-09-14 15:27:00"
8b31f6ef-9e1e-4c79-931e-2e1e27b03c22,ae717d05-175a-41cf-a33d-600de80bd663,97828a41-1e9b-409f-9ec8-8a69ac60384f,high,score_penalized,"Synthetic case for presentation: 3 events observed, severity=high, outcome=score_penalized.",90b1b286-043f-4b76-92e4-23c74608f5ea,"2026-09-15 15:36:00"
340f661b-1dbd-4f52-9915-087ea782be0e,c9bfbb78-541d-4926-b54c-22ad2e906270,1a8ea483-1721-4194-bde7-dee5368d73db,low,pending,"Synthetic case for presentation: 1 events observed, severity=low, outcome=pending.",,
cb014b68-cb08-4cdd-adf1-871169b77bfa,c9bfbb78-541d-4926-b54c-22ad2e906270,2d9b15ed-edee-4f2e-ac4c-0c3b1bb9940d,medium,warned,"Synthetic case for presentation: 2 events observed, severity=medium, outcome=warned.",28d690a5-3acc-428a-9765-321234f024d2,"2026-09-14 15:09:00"
d23b9466-762e-47f4-90dc-c9d870a7d14a,c9bfbb78-541d-4926-b54c-22ad2e906270,eb3d0c73-2ebb-43bc-9a3a-60e7e571adcd,high,score_penalized,"Synthetic case for presentation: 3 events observed, severity=high, outcome=score_penalized.",28d690a5-3acc-428a-9765-321234f024d2,"2026-09-15 15:18:00"
2414ab52-bbdd-4664-96d5-bbfb69cdbbc8,c9bfbb78-541d-4926-b54c-22ad2e906270,5f83da49-0a84-42e7-a5e7-07ddad6d3afa,high,score_penalized,"Synthetic case for presentation: 1 events observed, severity=high, outcome=score_penalized.",28d690a5-3acc-428a-9765-321234f024d2,"2026-09-16 15:27:00"
d2aeb19d-5fb9-4045-b560-3f0ab91f434c,c9bfbb78-541d-4926-b54c-22ad2e906270,3c3f38e3-3886-4c01-a30f-b4b221aa6923,medium,warned,"Synthetic case for presentation: 2 events observed, severity=medium, outcome=warned.",90b1b286-043f-4b76-92e4-23c74608f5ea,"2026-09-17 15:36:00"
77d760f2-fd02-452a-835c-8b03d707f618,c3613607-974c-4423-9ce1-f35cb4495144,09eb6562-cbb2-4faf-becc-8bcdc2f0c863,high,score_penalized,"Synthetic case for presentation: 3 events observed, severity=high, outcome=score_penalized.",90b1b286-043f-4b76-92e4-23c74608f5ea,"2026-09-15 15:00:00"
64549f35-e6b6-40a8-ad88-8a9c988c7d0f,c3613607-974c-4423-9ce1-f35cb4495144,eca73c9b-aed8-4775-82f8-4468b4410078,high,score_penalized,"Synthetic case for presentation: 1 events observed, severity=high, outcome=score_penalized.",ea912bd6-f3e8-4f71-9438-8ae261989de6,"2026-09-16 15:09:00"
27b97b4a-b989-439c-9b6d-f810d655395e,c3613607-974c-4423-9ce1-f35cb4495144,c81903cd-7f2f-4378-8df4-238b980f18ab,medium,warned,"Synthetic case for presentation: 2 events observed, severity=medium, outcome=warned.",ea912bd6-f3e8-4f71-9438-8ae261989de6,"2026-09-17 15:18:00"
58b5b693-488e-4c48-bf8b-a04633ba3d3d,c3613607-974c-4423-9ce1-f35cb4495144,b070b197-cb04-4c3a-a509-8ed70b9e68c8,critical,invalidated,"Synthetic case for presentation: 3 events observed, severity=critical, outcome=invalidated.",ea912bd6-f3e8-4f71-9438-8ae261989de6,"2026-09-18 15:27:00"
6c2bcfbb-207f-41d9-b542-4c145d12de67,c3613607-974c-4423-9ce1-f35cb4495144,f1fc743f-85ac-4533-bbe0-dcbbbf676fa8,low,pending,"Synthetic case for presentation: 1 events observed, severity=low, outcome=pending.",,
3dec7003-58f2-4971-aafd-7573a2360d15,1f55c820-df56-40b8-aead-4cfbd0197af2,3558f3b6-c526-4a89-a583-0359072b0cbd,medium,warned,"Synthetic case for presentation: 2 events observed, severity=medium, outcome=warned.",90b1b286-043f-4b76-92e4-23c74608f5ea,"2026-09-17 15:00:00"
61e94acc-e9cd-423f-97b7-86366e2db9a7,1f55c820-df56-40b8-aead-4cfbd0197af2,32c70952-fbec-44e6-9ca6-93603c5c827f,critical,invalidated,"Synthetic case for presentation: 3 events observed, severity=critical, outcome=invalidated.",7a58accc-58a3-44e8-9e9b-3d2cee050cbf,"2026-09-18 15:09:00"
7190d613-6ecd-42cf-8dd0-5f33514b9cdc,1f55c820-df56-40b8-aead-4cfbd0197af2,7668abff-6225-4c31-bb1d-b984186bb6a8,low,pending,"Synthetic case for presentation: 1 events observed, severity=low, outcome=pending.",,
4c49136b-933e-4770-8f5d-b079ef715a07,1f55c820-df56-40b8-aead-4cfbd0197af2,0631b348-2735-43d9-a3b0-b5486ab0a29a,medium,warned,"Synthetic case for presentation: 2 events observed, severity=medium, outcome=warned.",7a58accc-58a3-44e8-9e9b-3d2cee050cbf,"2026-08-26 15:27:00"
06106293-6bcd-48b4-82d5-2d64b6bcabff,1f55c820-df56-40b8-aead-4cfbd0197af2,ba9df2ad-14ea-4069-bd00-02dda9c28846,high,score_penalized,"Synthetic case for presentation: 3 events observed, severity=high, outcome=score_penalized.",90b1b286-043f-4b76-92e4-23c74608f5ea,"2026-08-27 15:36:00"
50c1f140-b2c4-4a2f-92d6-c380339e1842,228fcf62-a4a8-4b9c-b935-20e7157d7170,b0aef00f-a9c1-4aaf-824a-50955de78622,low,pending,"Synthetic case for presentation: 1 events observed, severity=low, outcome=pending.",,
49ab593c-b6fc-4579-b288-4b512b5f4512,228fcf62-a4a8-4b9c-b935-20e7157d7170,541f3b4b-05e3-4479-952c-732cc186969f,medium,warned,"Synthetic case for presentation: 2 events observed, severity=medium, outcome=warned.",b8e1bd44-f749-4ca8-9f31-bdc0fdecfa8c,"2026-08-26 15:09:00"
06822b70-1945-4e46-854a-c3374b0e81b4,228fcf62-a4a8-4b9c-b935-20e7157d7170,b83f6ef0-6b95-4586-b346-906db844b78e,high,score_penalized,"Synthetic case for presentation: 3 events observed, severity=high, outcome=score_penalized.",b8e1bd44-f749-4ca8-9f31-bdc0fdecfa8c,"2026-08-27 15:18:00"
167e5973-dc78-4b02-8b5b-e849eafc2ca4,228fcf62-a4a8-4b9c-b935-20e7157d7170,bbbf19b2-0297-43a2-a0f1-1fe82174edcd,low,pending,"Synthetic case for presentation: 1 events observed, severity=low, outcome=pending.",,
f5aafe94-c986-422e-88cf-5726f7730302,228fcf62-a4a8-4b9c-b935-20e7157d7170,3eacab6c-d45f-4dbf-906e-a2ab24678e21,high,score_penalized,"Synthetic case for presentation: 2 events observed, severity=high, outcome=score_penalized.",90b1b286-043f-4b76-92e4-23c74608f5ea,"2026-08-29 15:36:00"
6f3c777d-75e3-4585-8b49-0e796050ee89,ed04c634-9fe2-4df7-80d4-ddffa709cdd5,5dbd2f54-af09-4fd2-8308-7304019ef786,high,score_penalized,"Synthetic case for presentation: 3 events observed, severity=high, outcome=score_penalized.",90b1b286-043f-4b76-92e4-23c74608f5ea,"2026-08-27 15:00:00"
2b31d263-2172-43be-90ef-d74b9f9dcf55,ed04c634-9fe2-4df7-80d4-ddffa709cdd5,be3a6f49-ba10-4d12-b238-e32de11758e9,low,pending,"Synthetic case for presentation: 1 events observed, severity=low, outcome=pending.",,
e010d0bd-01a5-4d23-a30f-a5c5649c973b,ed04c634-9fe2-4df7-80d4-ddffa709cdd5,173a4ddc-8a48-44ba-b557-bebbfd0c2f21,high,score_penalized,"Synthetic case for presentation: 2 events observed, severity=high, outcome=score_penalized.",ac2f8bc8-7077-488e-b799-b5413d5c8e4e,"2026-08-29 15:18:00"
4ec7c646-db80-41ba-9980-35f17a2569ea,ed04c634-9fe2-4df7-80d4-ddffa709cdd5,4a5b2438-35fb-4022-a0e2-555051df8ee3,high,score_penalized,"Synthetic case for presentation: 3 events observed, severity=high, outcome=score_penalized.",ac2f8bc8-7077-488e-b799-b5413d5c8e4e,"2026-08-30 15:27:00"
8775056a-c30b-48fb-a85a-c7abd34f2abe,ed04c634-9fe2-4df7-80d4-ddffa709cdd5,8310cec7-9f96-45a6-bd1a-9e09af34fe0e,low,pending,"Synthetic case for presentation: 1 events observed, severity=low, outcome=pending.",,
8c2af9b8-c542-4b7f-8ecf-0fe5a7e3f354,b99a964d-44fa-43b7-a757-112d45351c38,97e928c9-08dd-4004-90e5-16cd4d4913cc,high,score_penalized,"Synthetic case for presentation: 2 events observed, severity=high, outcome=score_penalized.",90b1b286-043f-4b76-92e4-23c74608f5ea,"2026-08-29 15:00:00"
84e77e7a-0b60-4786-b259-5cbaf724ab77,b99a964d-44fa-43b7-a757-112d45351c38,af90aee3-0fd9-4a8a-92e3-bc9e61848d1f,high,score_penalized,"Synthetic case for presentation: 3 events observed, severity=high, outcome=score_penalized.",cade3c1f-3599-4e78-a214-786c2bc74470,"2026-08-30 15:09:00"
f0334064-cb37-48e0-b0ab-0c63ed7800f6,b99a964d-44fa-43b7-a757-112d45351c38,0b19b2da-08e6-4b92-a5df-fb2971477e72,low,pending,"Synthetic case for presentation: 1 events observed, severity=low, outcome=pending.",,
1516a3fd-da32-4dd2-b276-12a9b9296bb4,b99a964d-44fa-43b7-a757-112d45351c38,4da1a21a-53a2-4bad-8627-7dbdb92de54e,medium,warned,"Synthetic case for presentation: 2 events observed, severity=medium, outcome=warned.",cade3c1f-3599-4e78-a214-786c2bc74470,"2026-09-01 15:27:00"
63a0c713-fa80-4f70-863f-fe6b50bc7e88,b99a964d-44fa-43b7-a757-112d45351c38,f6632347-d38e-4f82-9293-f2a758d5e625,high,score_penalized,"Synthetic case for presentation: 3 events observed, severity=high, outcome=score_penalized.",90b1b286-043f-4b76-92e4-23c74608f5ea,"2026-09-02 15:36:00"
90b3fa8c-39b5-4f9e-8a93-312c83925f48,6871aed9-c969-48e1-a541-f909a1d4e8ed,0b112d98-9a07-4c38-8ce2-9dfb1f61e0b5,low,pending,"Synthetic case for presentation: 1 events observed, severity=low, outcome=pending.",,
367ab661-1c5e-4de8-ada0-3b85bc7a57e8,6871aed9-c969-48e1-a541-f909a1d4e8ed,44ef2818-4d51-4a11-a494-fc7ec6766abc,medium,warned,"Synthetic case for presentation: 2 events observed, severity=medium, outcome=warned.",ad7042a6-8c42-46b5-afab-4571698b8068,"2026-09-01 15:09:00"
f95d482b-ecf8-4495-972a-bfd5cdcdac0d,6871aed9-c969-48e1-a541-f909a1d4e8ed,00806a80-6872-4362-af1b-9ea15ad81af9,high,score_penalized,"Synthetic case for presentation: 3 events observed, severity=high, outcome=score_penalized.",ad7042a6-8c42-46b5-afab-4571698b8068,"2026-09-02 15:18:00"
f87b4f41-01de-493d-93c2-c19313d4a7e4,6871aed9-c969-48e1-a541-f909a1d4e8ed,fc7b5b1c-510a-4af7-a3a0-e8dffff083b2,high,score_penalized,"Synthetic case for presentation: 1 events observed, severity=high, outcome=score_penalized.",ad7042a6-8c42-46b5-afab-4571698b8068,"2026-09-03 15:27:00"
f65aa545-a334-4a78-abc9-fc7703d652e7,6871aed9-c969-48e1-a541-f909a1d4e8ed,07cbeb69-9514-4ea7-af87-8f017bc5cc9e,medium,warned,"Synthetic case for presentation: 2 events observed, severity=medium, outcome=warned.",90b1b286-043f-4b76-92e4-23c74608f5ea,"2026-09-04 15:36:00"
54f62aad-3ba6-4687-8e7c-80382bf74c91,6febc906-a2e1-4bb4-a9c9-4f5e5450621f,93543a86-924c-4e33-830f-5b1a14d0f776,high,score_penalized,"Synthetic case for presentation: 3 events observed, severity=high, outcome=score_penalized.",90b1b286-043f-4b76-92e4-23c74608f5ea,"2026-09-02 15:00:00"
6fe98079-0372-47ee-a3f2-40fb45afc6b2,6febc906-a2e1-4bb4-a9c9-4f5e5450621f,96174a79-c911-412f-b0a2-5380c928e847,high,score_penalized,"Synthetic case for presentation: 1 events observed, severity=high, outcome=score_penalized.",5944e476-74dc-477f-8419-c6bf06b4fba7,"2026-09-03 15:09:00"
7e61bc35-e27a-4202-8651-0d9181815492,6febc906-a2e1-4bb4-a9c9-4f5e5450621f,a173a395-eb18-4dfe-a94f-1cdfc448c430,medium,warned,"Synthetic case for presentation: 2 events observed, severity=medium, outcome=warned.",5944e476-74dc-477f-8419-c6bf06b4fba7,"2026-09-04 15:18:00"
016a71de-28b1-474a-985f-dbc10599e9d9,6febc906-a2e1-4bb4-a9c9-4f5e5450621f,356eda07-731f-4df7-b49c-8bca171b0893,critical,invalidated,"Synthetic case for presentation: 3 events observed, severity=critical, outcome=invalidated.",5944e476-74dc-477f-8419-c6bf06b4fba7,"2026-09-05 15:27:00"
5c55fadf-7ff3-4534-9023-194603748086,6febc906-a2e1-4bb4-a9c9-4f5e5450621f,2168be45-1dbf-4df5-9001-9864d98c9fc5,low,pending,"Synthetic case for presentation: 1 events observed, severity=low, outcome=pending.",,
3b082ae1-b8fa-4bb0-b097-0fa664cfbf57,09825f39-1388-44a1-8809-45bf6dc5eeea,4509bc05-0449-4a7e-8b8f-36d50038fd21,medium,warned,"Synthetic case for presentation: 2 events observed, severity=medium, outcome=warned.",90b1b286-043f-4b76-92e4-23c74608f5ea,"2026-09-04 15:00:00"
9c3ac3f8-19d0-4736-8227-6cce896440b5,09825f39-1388-44a1-8809-45bf6dc5eeea,a8cede14-e33d-4fb6-8270-39e34d5b284b,critical,invalidated,"Synthetic case for presentation: 3 events observed, severity=critical, outcome=invalidated.",e66f4855-da27-47c8-ac20-fd29fd4e2fd3,"2026-09-05 15:09:00"
f91f6e41-10f7-485e-9f56-d0f93eb6323a,09825f39-1388-44a1-8809-45bf6dc5eeea,325f8f44-b6a3-4245-85a6-d380569fb2ee,low,pending,"Synthetic case for presentation: 1 events observed, severity=low, outcome=pending.",,
d83723ba-c00e-4ac2-958f-c8a98b370469,09825f39-1388-44a1-8809-45bf6dc5eeea,cb47cac2-b042-44bb-808c-e8b6f194928c,medium,warned,"Synthetic case for presentation: 2 events observed, severity=medium, outcome=warned.",e66f4855-da27-47c8-ac20-fd29fd4e2fd3,"2026-09-07 15:27:00"
007342f2-fbae-4c2c-ae02-aa2937e74a7f,09825f39-1388-44a1-8809-45bf6dc5eeea,e7a98deb-f17f-4cad-ab90-4ff2542ed4a1,high,score_penalized,"Synthetic case for presentation: 3 events observed, severity=high, outcome=score_penalized.",90b1b286-043f-4b76-92e4-23c74608f5ea,"2026-09-08 15:36:00"
4b9bd7b9-6323-490c-b827-f164cf1437e3,436d81fc-5d34-4933-8844-eac47ed398dd,c3fc332c-8fdb-4634-8c99-9d571e81d0bd,low,pending,"Synthetic case for presentation: 1 events observed, severity=low, outcome=pending.",,
83661203-9758-414b-bc36-4e89834a5606,436d81fc-5d34-4933-8844-eac47ed398dd,1ed0251f-ab96-498d-9b83-45e942585fda,medium,warned,"Synthetic case for presentation: 2 events observed, severity=medium, outcome=warned.",6e419d3f-bbc2-4371-a8f6-1c6d7c84bb69,"2026-09-07 15:09:00"
aa8d687b-f47d-4c5c-8f70-a16657e6654a,436d81fc-5d34-4933-8844-eac47ed398dd,4ae48306-e5ba-4a96-89a9-a3828dce0373,high,score_penalized,"Synthetic case for presentation: 3 events observed, severity=high, outcome=score_penalized.",6e419d3f-bbc2-4371-a8f6-1c6d7c84bb69,"2026-09-08 15:18:00"
db57d592-f4f9-4061-8019-5fd0da4a889d,436d81fc-5d34-4933-8844-eac47ed398dd,2f98311c-c73d-41f5-b12e-66f3e6eafa62,low,pending,"Synthetic case for presentation: 1 events observed, severity=low, outcome=pending.",,
8b35edb1-dc52-4e43-a660-2e81d30a027d,436d81fc-5d34-4933-8844-eac47ed398dd,6b031a8b-2a89-40d8-a058-584fb3a3648f,high,score_penalized,"Synthetic case for presentation: 2 events observed, severity=high, outcome=score_penalized.",90b1b286-043f-4b76-92e4-23c74608f5ea,"2026-09-10 15:36:00"
1fb03107-871e-4a66-8a04-ee053125e5b8,77cbffb8-64e1-4674-a334-b4a89ef6522b,baabbc26-6c75-4106-a16a-ebbda5baac00,high,score_penalized,"Synthetic case for presentation: 3 events observed, severity=high, outcome=score_penalized.",90b1b286-043f-4b76-92e4-23c74608f5ea,"2026-09-08 15:00:00"
cb22b93b-2454-4c1e-8f62-0fcf40ac115e,77cbffb8-64e1-4674-a334-b4a89ef6522b,3bcad699-80d4-4e9c-94dd-79372a6a914f,low,pending,"Synthetic case for presentation: 1 events observed, severity=low, outcome=pending.",,
bd27dba0-2a0a-4d0d-9b71-3167905aafe7,77cbffb8-64e1-4674-a334-b4a89ef6522b,7e77af00-f087-480d-b084-1550daa7c973,high,score_penalized,"Synthetic case for presentation: 2 events observed, severity=high, outcome=score_penalized.",9c19fb11-49ab-4145-a91e-8aa190045db4,"2026-09-10 15:18:00"
4bd8608b-57a4-4861-9b08-93e521c73e97,77cbffb8-64e1-4674-a334-b4a89ef6522b,0bfcadc9-4da5-4390-95f0-ffc12924a578,high,score_penalized,"Synthetic case for presentation: 3 events observed, severity=high, outcome=score_penalized.",9c19fb11-49ab-4145-a91e-8aa190045db4,"2026-09-11 15:27:00"
84766407-d2e0-407b-af99-2a1c979109ca,77cbffb8-64e1-4674-a334-b4a89ef6522b,0ca6e245-201a-4fc4-85b8-7e51f2cf8a60,low,pending,"Synthetic case for presentation: 1 events observed, severity=low, outcome=pending.",,
09c41cdb-e480-40f3-87bb-caba24c2a756,6af1e1d6-63a5-441a-9966-71bfcabc6572,12d79397-486c-4f91-b241-2531b6dd8fd3,high,score_penalized,"Synthetic case for presentation: 2 events observed, severity=high, outcome=score_penalized.",90b1b286-043f-4b76-92e4-23c74608f5ea,"2026-09-10 15:00:00"
1583d7df-fc23-4be0-aeea-3dc777adca68,6af1e1d6-63a5-441a-9966-71bfcabc6572,545732a9-e029-4b8e-9831-a935cdf9c9a8,high,score_penalized,"Synthetic case for presentation: 3 events observed, severity=high, outcome=score_penalized.",ea724c72-296d-4493-8276-a1ee2a1afa67,"2026-09-11 15:09:00"
507aa32e-ce06-42ff-b3d8-34fae6a2eaf6,6af1e1d6-63a5-441a-9966-71bfcabc6572,a61e0745-e812-4329-be8f-8f531f989ad0,low,pending,"Synthetic case for presentation: 1 events observed, severity=low, outcome=pending.",,
335178ea-5c68-420b-a1fa-dc22b7556b93,6af1e1d6-63a5-441a-9966-71bfcabc6572,813aaf00-e824-4121-95ff-dc575d2768d1,medium,warned,"Synthetic case for presentation: 2 events observed, severity=medium, outcome=warned.",ea724c72-296d-4493-8276-a1ee2a1afa67,"2026-09-13 15:27:00"
0c80bf43-8960-4c1d-b2c2-cced636e832e,6af1e1d6-63a5-441a-9966-71bfcabc6572,ea394e24-e712-42f0-81d5-15b11833db9b,high,score_penalized,"Synthetic case for presentation: 3 events observed, severity=high, outcome=score_penalized.",90b1b286-043f-4b76-92e4-23c74608f5ea,"2026-09-14 15:36:00"
850ca685-6e49-469d-a2aa-b26fea9883e3,d049f0e8-3134-433f-950f-ced8399ba7c6,9e5d2e20-8c85-48ba-9169-cd23f28d3f4f,low,pending,"Synthetic case for presentation: 1 events observed, severity=low, outcome=pending.",,
5c238448-d319-4ec2-a6f8-a9bab89aa34c,d049f0e8-3134-433f-950f-ced8399ba7c6,d76601af-05c8-4444-b60d-2adf7d4e6a6a,medium,warned,"Synthetic case for presentation: 2 events observed, severity=medium, outcome=warned.",3870fc30-faf8-4ab2-befc-279a5fe5b2d0,"2026-09-13 15:09:00"
37d79e93-96f3-4bf2-9e10-7849ee706a94,d049f0e8-3134-433f-950f-ced8399ba7c6,b1144de5-7713-42b2-964c-70eb58960079,high,score_penalized,"Synthetic case for presentation: 3 events observed, severity=high, outcome=score_penalized.",3870fc30-faf8-4ab2-befc-279a5fe5b2d0,"2026-09-14 15:18:00"
80db192f-a7f4-45f4-b43b-8941dc6332e5,d049f0e8-3134-433f-950f-ced8399ba7c6,7961d09a-d1ea-48c6-b14f-e61a2738b8ec,high,score_penalized,"Synthetic case for presentation: 1 events observed, severity=high, outcome=score_penalized.",3870fc30-faf8-4ab2-befc-279a5fe5b2d0,"2026-09-15 15:27:00"
ba9f9f85-3a92-4cce-b34a-1de37d793623,d049f0e8-3134-433f-950f-ced8399ba7c6,432ab93b-26b3-4fc1-884c-e9c10ee9ddc0,medium,warned,"Synthetic case for presentation: 2 events observed, severity=medium, outcome=warned.",90b1b286-043f-4b76-92e4-23c74608f5ea,"2026-09-16 15:36:00"
0ff576ce-5d91-46b2-baa9-fc5ac12ad210,ff48cd62-1df0-4ed3-bc28-4c2f1760b894,8f729b27-88f7-4777-b3b3-f01abb0e4daa,high,score_penalized,"Synthetic case for presentation: 3 events observed, severity=high, outcome=score_penalized.",90b1b286-043f-4b76-92e4-23c74608f5ea,"2026-09-14 15:00:00"
1d5b36e8-fc50-45d0-bde8-5c44f934c806,ff48cd62-1df0-4ed3-bc28-4c2f1760b894,1fa2ecf4-902d-4d07-bba9-2c5f966f7bae,high,score_penalized,"Synthetic case for presentation: 1 events observed, severity=high, outcome=score_penalized.",973e2edf-744d-49b9-8c17-397705d37fcd,"2026-09-15 15:09:00"
912ccb1d-8df7-4f10-bfd3-542e8e285c19,ff48cd62-1df0-4ed3-bc28-4c2f1760b894,6b0fc8e9-c839-411f-a23e-d20e71c4038d,medium,warned,"Synthetic case for presentation: 2 events observed, severity=medium, outcome=warned.",973e2edf-744d-49b9-8c17-397705d37fcd,"2026-09-16 15:18:00"
f52da9c9-1f85-42a8-b76e-74e3d4358970,ff48cd62-1df0-4ed3-bc28-4c2f1760b894,8be06e0f-d789-4a31-a1af-0ab9965e9f80,critical,invalidated,"Synthetic case for presentation: 3 events observed, severity=critical, outcome=invalidated.",973e2edf-744d-49b9-8c17-397705d37fcd,"2026-09-17 15:27:00"
6365fae0-9ccb-49ee-817c-68f7c4e994ce,ff48cd62-1df0-4ed3-bc28-4c2f1760b894,41ca44f4-e802-48ed-85bf-7fa55783afa4,low,pending,"Synthetic case for presentation: 1 events observed, severity=low, outcome=pending.",,
5e031969-b733-417e-889a-f3b977ccc84f,d1bb5996-d649-487c-b81d-7ce89620407c,238ccacb-e7db-4207-9bb7-b2b986edee5a,medium,warned,"Synthetic case for presentation: 2 events observed, severity=medium, outcome=warned.",90b1b286-043f-4b76-92e4-23c74608f5ea,"2026-09-16 15:00:00"
0bb18a26-f3e9-420a-bc50-197b27c0e273,d1bb5996-d649-487c-b81d-7ce89620407c,16c4bc47-0442-4600-a4e5-13f12f3779d3,critical,invalidated,"Synthetic case for presentation: 3 events observed, severity=critical, outcome=invalidated.",2d66b9ec-a523-4964-845c-e718c0c4d0ef,"2026-09-17 15:09:00"
b72ba405-75fb-44fc-ba1b-daf2f186069d,d1bb5996-d649-487c-b81d-7ce89620407c,b02a0efc-cc77-4cde-8ae3-f6b355750196,low,pending,"Synthetic case for presentation: 1 events observed, severity=low, outcome=pending.",,
2bbf09bd-a154-4e3d-96df-9febaf246a92,d1bb5996-d649-487c-b81d-7ce89620407c,7160e1e3-9d68-4afb-9599-a6721d14df63,medium,warned,"Synthetic case for presentation: 2 events observed, severity=medium, outcome=warned.",2d66b9ec-a523-4964-845c-e718c0c4d0ef,"2026-09-19 15:27:00"
88b5eb46-e68d-4e12-ade2-fd01d168b246,d1bb5996-d649-487c-b81d-7ce89620407c,b42a5e90-cdd6-48eb-bd5d-986947edf324,high,score_penalized,"Synthetic case for presentation: 3 events observed, severity=high, outcome=score_penalized.",90b1b286-043f-4b76-92e4-23c74608f5ea,"2026-08-26 15:36:00"
5545facf-bb68-40b4-ac84-09f1e09b2b1b,8f1908ae-b913-4413-b2cf-b0f5e908dfae,e1cafff8-a8db-4f23-816f-8d3a2b5f26a7,low,pending,"Synthetic case for presentation: 1 events observed, severity=low, outcome=pending.",,
1e45bdc7-391b-416a-9757-6478bd3557b2,8f1908ae-b913-4413-b2cf-b0f5e908dfae,6daefb2a-61bb-49e7-b5ab-eac17992f650,medium,warned,"Synthetic case for presentation: 2 events observed, severity=medium, outcome=warned.",4a06b5c5-5ad6-4142-8499-6fa4e5a11be3,"2026-09-19 15:09:00"
c813d17c-d4eb-4f8f-a09f-60af6fa4ca1a,8f1908ae-b913-4413-b2cf-b0f5e908dfae,dc424855-6730-4bde-ac61-ca44d4205728,high,score_penalized,"Synthetic case for presentation: 3 events observed, severity=high, outcome=score_penalized.",4a06b5c5-5ad6-4142-8499-6fa4e5a11be3,"2026-08-26 15:18:00"
611479ed-62f1-4411-a0fb-9bbfe31fe2c6,8f1908ae-b913-4413-b2cf-b0f5e908dfae,b1bbfc6d-e406-407b-a7a9-ff9aef2ad6ee,low,pending,"Synthetic case for presentation: 1 events observed, severity=low, outcome=pending.",,
590b7762-1435-46f4-b07c-a520a9cdd439,8f1908ae-b913-4413-b2cf-b0f5e908dfae,5df46231-6e0f-410a-b47a-7e2e516a0621,high,score_penalized,"Synthetic case for presentation: 2 events observed, severity=high, outcome=score_penalized.",90b1b286-043f-4b76-92e4-23c74608f5ea,"2026-08-28 15:36:00"
2f13661e-328d-4d4c-b303-c3a8d973bc59,2b5c1926-077e-4a6e-bf63-b2df8e1f6116,e4a8e9b5-d76d-4d15-9279-268df9941b97,high,score_penalized,"Synthetic case for presentation: 3 events observed, severity=high, outcome=score_penalized.",90b1b286-043f-4b76-92e4-23c74608f5ea,"2026-08-26 15:00:00"
a07ba739-696c-470d-9888-68cfcb6d5c6b,2b5c1926-077e-4a6e-bf63-b2df8e1f6116,da7ba9f6-7b1e-4ae0-8e0b-1a7f2863b040,low,pending,"Synthetic case for presentation: 1 events observed, severity=low, outcome=pending.",,
ad94ee32-4080-4944-a4c8-aa775c4bb4cb,2b5c1926-077e-4a6e-bf63-b2df8e1f6116,bf030c6b-d4e4-41a0-82e8-077361df3a85,high,score_penalized,"Synthetic case for presentation: 2 events observed, severity=high, outcome=score_penalized.",1edaf433-5a46-4956-87ec-9f15ae8875a7,"2026-08-28 15:18:00"
46761311-4dce-4da1-98df-47c208a88a0a,2b5c1926-077e-4a6e-bf63-b2df8e1f6116,4a05722a-6433-442b-85a7-5b852f107a24,high,score_penalized,"Synthetic case for presentation: 3 events observed, severity=high, outcome=score_penalized.",1edaf433-5a46-4956-87ec-9f15ae8875a7,"2026-08-29 15:27:00"
e84e15ed-5c5e-453f-b466-9654bfc8f7cd,2b5c1926-077e-4a6e-bf63-b2df8e1f6116,5913428c-0267-40d4-b715-8b5e34cec2bb,low,pending,"Synthetic case for presentation: 1 events observed, severity=low, outcome=pending.",,
8122603c-026f-44ea-834f-55db9708ecad,a6c8301b-1cfc-4e35-83fd-5349a5d240e4,ccbc7a87-53ad-479c-aa3d-e2a67f30fa94,high,score_penalized,"Synthetic case for presentation: 2 events observed, severity=high, outcome=score_penalized.",90b1b286-043f-4b76-92e4-23c74608f5ea,"2026-08-28 15:00:00"
13506764-a99e-4f5a-a8ef-f0e25cababd0,a6c8301b-1cfc-4e35-83fd-5349a5d240e4,15d868e9-bf18-4589-b3a7-aa5904629567,high,score_penalized,"Synthetic case for presentation: 3 events observed, severity=high, outcome=score_penalized.",fd315d6e-9a46-439e-bda4-a9b64cefd6c7,"2026-08-29 15:09:00"
31cbe0a7-1f10-4048-a80e-fbe5bd21aeef,a6c8301b-1cfc-4e35-83fd-5349a5d240e4,9d250ddc-b74c-47b4-9da2-492035297d78,low,pending,"Synthetic case for presentation: 1 events observed, severity=low, outcome=pending.",,
717c8eb0-67f1-4088-9325-45106e8b2751,a6c8301b-1cfc-4e35-83fd-5349a5d240e4,cb8762c4-a4b5-49cd-80a4-38d59e2ba00b,medium,warned,"Synthetic case for presentation: 2 events observed, severity=medium, outcome=warned.",fd315d6e-9a46-439e-bda4-a9b64cefd6c7,"2026-08-31 15:27:00"
6b8c40f6-96c1-4d86-baca-37052d8ba1c3,a6c8301b-1cfc-4e35-83fd-5349a5d240e4,2ab7eeb3-9ffd-4858-8c16-04860123a854,high,score_penalized,"Synthetic case for presentation: 3 events observed, severity=high, outcome=score_penalized.",90b1b286-043f-4b76-92e4-23c74608f5ea,"2026-09-01 15:36:00"
e945a467-134f-4ef9-b31a-3a25ef7a0ec9,9330ef70-ea0c-4eba-acbb-c18a618dbc12,382610c7-5830-4a8f-87bc-2f3ab6123847,low,pending,"Synthetic case for presentation: 1 events observed, severity=low, outcome=pending.",,
f784cbaf-dc79-4f3f-bd8b-56a490014aa6,9330ef70-ea0c-4eba-acbb-c18a618dbc12,580c49d0-f527-4eb2-be32-7ac3af0f87c8,medium,warned,"Synthetic case for presentation: 2 events observed, severity=medium, outcome=warned.",3b9e26c4-fb1e-43be-9e25-0acd6782913c,"2026-08-31 15:09:00"
4e256f74-4e37-41a8-8bbf-04f1bfb565f7,9330ef70-ea0c-4eba-acbb-c18a618dbc12,c16a8d7e-b32b-43b0-b05b-d14d354e3e82,high,score_penalized,"Synthetic case for presentation: 3 events observed, severity=high, outcome=score_penalized.",3b9e26c4-fb1e-43be-9e25-0acd6782913c,"2026-09-01 15:18:00"
ad5e1c31-530f-4743-9db7-f4507a4cc3f5,9330ef70-ea0c-4eba-acbb-c18a618dbc12,1d13f9fd-1511-440c-b866-494607b086af,high,score_penalized,"Synthetic case for presentation: 1 events observed, severity=high, outcome=score_penalized.",3b9e26c4-fb1e-43be-9e25-0acd6782913c,"2026-09-02 15:27:00"
6a10d176-e844-4da1-a6d5-2851b1f1e3d6,9330ef70-ea0c-4eba-acbb-c18a618dbc12,16d8765f-08aa-4db5-9ff9-c7b706a065b0,medium,warned,"Synthetic case for presentation: 2 events observed, severity=medium, outcome=warned.",90b1b286-043f-4b76-92e4-23c74608f5ea,"2026-09-03 15:36:00"
5999707a-05c7-492a-b0fa-64aa662bfa40,fe071490-0de2-4e51-96c3-295ef21c1d84,02046b7f-40d7-4693-a73d-c12976182469,high,score_penalized,"Synthetic case for presentation: 3 events observed, severity=high, outcome=score_penalized.",90b1b286-043f-4b76-92e4-23c74608f5ea,"2026-09-01 15:00:00"
5273765a-ae17-46b9-83f4-6b82cc698bfe,fe071490-0de2-4e51-96c3-295ef21c1d84,89e3db0a-cbb4-40a5-b136-ecfbe8cdcc39,high,score_penalized,"Synthetic case for presentation: 1 events observed, severity=high, outcome=score_penalized.",9d954dea-98d5-481a-a825-453d21fd39b7,"2026-09-02 15:09:00"
41f11f48-7ba5-4778-a3cd-d4ee81e9c4f3,fe071490-0de2-4e51-96c3-295ef21c1d84,ae3a5965-ba45-45d3-817d-8c0fbace437d,medium,warned,"Synthetic case for presentation: 2 events observed, severity=medium, outcome=warned.",9d954dea-98d5-481a-a825-453d21fd39b7,"2026-09-03 15:18:00"
fc19c2f4-9923-46a9-aeb6-32d657ed60a6,fe071490-0de2-4e51-96c3-295ef21c1d84,20e4d238-2d2a-4b39-8de1-481b9b3d2f8a,critical,invalidated,"Synthetic case for presentation: 3 events observed, severity=critical, outcome=invalidated.",9d954dea-98d5-481a-a825-453d21fd39b7,"2026-09-04 15:27:00"
981368a8-874d-409d-b718-a21b2139309b,fe071490-0de2-4e51-96c3-295ef21c1d84,bd4281ef-46bb-4d62-a0c4-167b1323d3ee,low,pending,"Synthetic case for presentation: 1 events observed, severity=low, outcome=pending.",,
52627bec-f2b1-4e1c-9c52-f215d7c1ab8f,1c2661ed-e504-455b-b697-9ccdbdd19594,d9a48795-8471-4b78-bd97-2434783eef87,medium,warned,"Synthetic case for presentation: 2 events observed, severity=medium, outcome=warned.",90b1b286-043f-4b76-92e4-23c74608f5ea,"2026-09-03 15:00:00"
3f44a8bf-dd5d-47fd-801b-7d001ba04cc6,1c2661ed-e504-455b-b697-9ccdbdd19594,b8394c49-97ef-4506-bcfd-d2492f59b017,critical,invalidated,"Synthetic case for presentation: 3 events observed, severity=critical, outcome=invalidated.",08de9a38-f9cc-42f5-99ec-215819e9a752,"2026-09-04 15:09:00"
dbb098ee-636b-429b-9ff0-2eb065dbdff2,1c2661ed-e504-455b-b697-9ccdbdd19594,ef426773-3acf-4d92-893b-0f8ab899e733,low,pending,"Synthetic case for presentation: 1 events observed, severity=low, outcome=pending.",,
5014602a-690d-4b4b-b290-cb0687abb13f,1c2661ed-e504-455b-b697-9ccdbdd19594,e034d22f-63b2-4cee-ba76-1d682e40ef85,medium,warned,"Synthetic case for presentation: 2 events observed, severity=medium, outcome=warned.",08de9a38-f9cc-42f5-99ec-215819e9a752,"2026-09-06 15:27:00"
f8130e3a-4b09-4ae0-99d1-d9a43e2d7a1a,1c2661ed-e504-455b-b697-9ccdbdd19594,49555493-86e9-4a8e-accb-ed90e4e60e81,high,score_penalized,"Synthetic case for presentation: 3 events observed, severity=high, outcome=score_penalized.",90b1b286-043f-4b76-92e4-23c74608f5ea,"2026-09-07 15:36:00"
0eb4df96-ed88-4da6-ab04-bba665614835,2edd4628-fa91-4b2e-89ba-88608d070cba,c22bf622-f533-4415-bbf0-eaaf32620fe9,low,pending,"Synthetic case for presentation: 1 events observed, severity=low, outcome=pending.",,
583acce5-a9ba-4021-88b2-9e5470b93456,2edd4628-fa91-4b2e-89ba-88608d070cba,f50e0571-6da4-4d84-bc13-cb9d0f53d77f,medium,warned,"Synthetic case for presentation: 2 events observed, severity=medium, outcome=warned.",f88f3a6f-1290-4bc0-9039-52e09f09fdfc,"2026-09-06 15:09:00"
c476994a-76c0-47a9-9b2b-111048d7c62f,2edd4628-fa91-4b2e-89ba-88608d070cba,fc462e2e-7e2b-4002-9e66-bd8be9a72e5b,high,score_penalized,"Synthetic case for presentation: 3 events observed, severity=high, outcome=score_penalized.",f88f3a6f-1290-4bc0-9039-52e09f09fdfc,"2026-09-07 15:18:00"
e1884351-e4d7-4bf3-83e4-f7a6a505cb77,2edd4628-fa91-4b2e-89ba-88608d070cba,dfa3a171-49a4-4116-be2c-979ae2d692c5,low,pending,"Synthetic case for presentation: 1 events observed, severity=low, outcome=pending.",,
674bcc5d-e574-4bcc-bc3d-bdfe53e3f696,2edd4628-fa91-4b2e-89ba-88608d070cba,ca0fef9d-2c59-481f-90d8-1aede4ea2300,high,score_penalized,"Synthetic case for presentation: 2 events observed, severity=high, outcome=score_penalized.",90b1b286-043f-4b76-92e4-23c74608f5ea,"2026-09-09 15:36:00"
8e99ccc9-c8d6-4ac6-8278-b34d7679bbab,470655f8-fd01-4a32-8f51-8e7019836df8,3d579364-b37d-4466-99a4-da8afb893757,high,score_penalized,"Synthetic case for presentation: 3 events observed, severity=high, outcome=score_penalized.",90b1b286-043f-4b76-92e4-23c74608f5ea,"2026-09-07 15:00:00"
7eb08177-3780-4281-81c2-bb4f1c20a081,470655f8-fd01-4a32-8f51-8e7019836df8,d68150d5-5ea4-41a3-9ff4-709b44628acb,low,pending,"Synthetic case for presentation: 1 events observed, severity=low, outcome=pending.",,
c6fd4a0a-7933-41ce-9114-4d9f01b9a3bf,470655f8-fd01-4a32-8f51-8e7019836df8,b2ae7955-b13b-40c6-a781-d5a07b066c50,high,score_penalized,"Synthetic case for presentation: 2 events observed, severity=high, outcome=score_penalized.",38660daf-cf87-4e87-96cd-80913a6c0331,"2026-09-09 15:18:00"
20dcfbd4-87c6-4533-b787-e6764ed20bc5,470655f8-fd01-4a32-8f51-8e7019836df8,f8caebe0-059c-42a7-b381-e110376aced0,high,score_penalized,"Synthetic case for presentation: 3 events observed, severity=high, outcome=score_penalized.",38660daf-cf87-4e87-96cd-80913a6c0331,"2026-09-10 15:27:00"
6469375d-ef20-47c8-9abf-287ebed7a65d,470655f8-fd01-4a32-8f51-8e7019836df8,bc1cbd3f-3c33-4d97-9a50-aa3c60f0c854,low,pending,"Synthetic case for presentation: 1 events observed, severity=low, outcome=pending.",,
5d776ff9-4a2e-4e78-a440-77e360b0461a,50cc9869-f1e1-4b53-8e33-4f2c9e922954,fe38fbb6-f7f4-4220-aa61-ad3adc73fc79,high,score_penalized,"Synthetic case for presentation: 2 events observed, severity=high, outcome=score_penalized.",90b1b286-043f-4b76-92e4-23c74608f5ea,"2026-09-09 15:00:00"
3d69dca9-c30e-417c-84e6-535f0bf30cc0,50cc9869-f1e1-4b53-8e33-4f2c9e922954,9de41ed2-3e93-41dc-af8b-c6c772a93439,high,score_penalized,"Synthetic case for presentation: 3 events observed, severity=high, outcome=score_penalized.",f111957a-269e-41a5-b6a6-612b4f6854a6,"2026-09-10 15:09:00"
8c4d9eb3-24c5-4a8f-99ce-db92f4c86b41,50cc9869-f1e1-4b53-8e33-4f2c9e922954,321e90d9-ba8c-40a8-b759-73c907121f03,low,pending,"Synthetic case for presentation: 1 events observed, severity=low, outcome=pending.",,
38e3a960-de49-4fd9-9d07-951b476f8d3b,50cc9869-f1e1-4b53-8e33-4f2c9e922954,d0b19c7d-08af-40b1-802c-51ee31c39f87,medium,warned,"Synthetic case for presentation: 2 events observed, severity=medium, outcome=warned.",f111957a-269e-41a5-b6a6-612b4f6854a6,"2026-09-12 15:27:00"
f160425d-9be2-4851-ae34-b98377e620b8,50cc9869-f1e1-4b53-8e33-4f2c9e922954,770e0a6c-9aab-48f4-b3ee-111c24ecded4,high,score_penalized,"Synthetic case for presentation: 3 events observed, severity=high, outcome=score_penalized.",90b1b286-043f-4b76-92e4-23c74608f5ea,"2026-09-13 15:36:00"
a760fc8b-4c7b-4010-8969-9c5f8be850a9,acdfcd26-a222-4200-b8ca-98fb81d6924a,60cab33b-ec66-4ab9-8577-d68ae0695659,low,pending,"Synthetic case for presentation: 1 events observed, severity=low, outcome=pending.",,
6db84640-2f48-40d4-a806-de249ddbf086,acdfcd26-a222-4200-b8ca-98fb81d6924a,121eee93-8e04-4a5b-bf38-4f067a46f22e,medium,warned,"Synthetic case for presentation: 2 events observed, severity=medium, outcome=warned.",46a9d39c-6475-460d-baab-8d0cffe974b7,"2026-09-12 15:09:00"
fd01a195-7f81-4d9d-b979-4876d4533c71,acdfcd26-a222-4200-b8ca-98fb81d6924a,6869a77f-2c73-4dac-b050-f6aacc8ab31c,high,score_penalized,"Synthetic case for presentation: 3 events observed, severity=high, outcome=score_penalized.",46a9d39c-6475-460d-baab-8d0cffe974b7,"2026-09-13 15:18:00"
506dd2a0-1161-423b-982d-a0fa5c2f7f8c,acdfcd26-a222-4200-b8ca-98fb81d6924a,77129ac0-74f4-473b-af5d-05acd475e4a5,high,score_penalized,"Synthetic case for presentation: 1 events observed, severity=high, outcome=score_penalized.",46a9d39c-6475-460d-baab-8d0cffe974b7,"2026-09-14 15:27:00"
22289cb9-0850-4c7a-814b-821cba0367cd,acdfcd26-a222-4200-b8ca-98fb81d6924a,01c4149f-1e55-49ef-9831-5e157c19e141,medium,warned,"Synthetic case for presentation: 2 events observed, severity=medium, outcome=warned.",90b1b286-043f-4b76-92e4-23c74608f5ea,"2026-09-15 15:36:00"
c74305ba-c722-4e70-9589-56ccc9e1d976,39070ebd-17c8-4902-99d4-eaaa5ec82430,28c4e74b-bb8b-4e32-9175-5a175b88cf81,high,score_penalized,"Synthetic case for presentation: 3 events observed, severity=high, outcome=score_penalized.",90b1b286-043f-4b76-92e4-23c74608f5ea,"2026-09-13 15:00:00"
07f70cee-50e4-408a-8f07-9c7148550e75,39070ebd-17c8-4902-99d4-eaaa5ec82430,4f9524de-2b8a-4b10-b75e-1cf68ab5c1d7,high,score_penalized,"Synthetic case for presentation: 1 events observed, severity=high, outcome=score_penalized.",d080ce6a-7bfd-4c25-a41b-a5cf2bfbc45b,"2026-09-14 15:09:00"
531ef8fd-36b3-4f4e-b6ef-69257c073e3e,39070ebd-17c8-4902-99d4-eaaa5ec82430,849baf99-7b12-4236-a99a-8a3afc500197,medium,warned,"Synthetic case for presentation: 2 events observed, severity=medium, outcome=warned.",d080ce6a-7bfd-4c25-a41b-a5cf2bfbc45b,"2026-09-15 15:18:00"
05de8f2d-f19a-4d4f-8d11-26321e9330e9,39070ebd-17c8-4902-99d4-eaaa5ec82430,b521bdea-04a0-46fc-b53b-63252de98ec5,critical,invalidated,"Synthetic case for presentation: 3 events observed, severity=critical, outcome=invalidated.",d080ce6a-7bfd-4c25-a41b-a5cf2bfbc45b,"2026-09-16 15:27:00"
cf1cb64d-bdaa-42cc-96ed-b20fff407fb0,39070ebd-17c8-4902-99d4-eaaa5ec82430,7f87dc48-5949-4291-a569-d05b299753a0,low,pending,"Synthetic case for presentation: 1 events observed, severity=low, outcome=pending.",,
fbad7140-c5dc-4f4e-b44d-fcac4a3e3604,6d905586-27a4-4b30-9a5c-edd50590fd9f,d89080eb-b99f-4f14-9d3c-12bb4617047d,medium,warned,"Synthetic case for presentation: 2 events observed, severity=medium, outcome=warned.",90b1b286-043f-4b76-92e4-23c74608f5ea,"2026-09-15 15:00:00"
adf730d0-19a5-403d-aad8-8546fb36ba65,6d905586-27a4-4b30-9a5c-edd50590fd9f,bed37847-9fc3-4f2b-a852-b632746a6ef5,critical,invalidated,"Synthetic case for presentation: 3 events observed, severity=critical, outcome=invalidated.",35620724-7027-4657-afeb-faab19252ac1,"2026-09-16 15:09:00"
607da6d3-be1f-4132-9c2f-3090420f59a9,6d905586-27a4-4b30-9a5c-edd50590fd9f,8a87e12d-2823-4814-a491-9d8be3cc5330,low,pending,"Synthetic case for presentation: 1 events observed, severity=low, outcome=pending.",,
a1700c5a-65bf-4d2c-b71f-c5b00a35dba9,6d905586-27a4-4b30-9a5c-edd50590fd9f,45180150-059f-4c2d-8714-337713ed82f9,medium,warned,"Synthetic case for presentation: 2 events observed, severity=medium, outcome=warned.",35620724-7027-4657-afeb-faab19252ac1,"2026-09-18 15:27:00"
0c1bc3e2-a457-4c6b-b12f-acaf33decdc5,6d905586-27a4-4b30-9a5c-edd50590fd9f,909cbff5-306f-46d0-84bc-414b91bee76f,high,score_penalized,"Synthetic case for presentation: 3 events observed, severity=high, outcome=score_penalized.",90b1b286-043f-4b76-92e4-23c74608f5ea,"2026-09-19 15:36:00"
d3691234-b407-4299-8815-ca0c26a4f838,df7320b3-c36c-43ce-a0c8-1068a5592d90,82178a96-c94f-4f7d-933d-8e5b86768d03,low,pending,"Synthetic case for presentation: 1 events observed, severity=low, outcome=pending.",,
d42e400c-f728-444f-81a0-1591e7fe1c66,df7320b3-c36c-43ce-a0c8-1068a5592d90,bbcb51c8-2e85-46bf-ab1f-77b0fe7ed71a,medium,warned,"Synthetic case for presentation: 2 events observed, severity=medium, outcome=warned.",3b60c711-3063-4436-8727-96264c6ebe3a,"2026-09-18 15:09:00"
0fc4b186-89e4-44b3-95be-b3e0b3991a9d,df7320b3-c36c-43ce-a0c8-1068a5592d90,d0fc48df-4c83-4cac-81cb-34ea7227559e,high,score_penalized,"Synthetic case for presentation: 3 events observed, severity=high, outcome=score_penalized.",3b60c711-3063-4436-8727-96264c6ebe3a,"2026-09-19 15:18:00"
a6292d44-f967-440b-bb79-80e89a64d057,df7320b3-c36c-43ce-a0c8-1068a5592d90,d6b807ff-8d7c-495a-8dbb-262c7b67845f,low,pending,"Synthetic case for presentation: 1 events observed, severity=low, outcome=pending.",,
24ac81f4-1372-4dbc-abe7-5e170f4d7c9c,df7320b3-c36c-43ce-a0c8-1068a5592d90,2551264b-6c68-469c-b1aa-f2e40c59e8d9,high,score_penalized,"Synthetic case for presentation: 2 events observed, severity=high, outcome=score_penalized.",90b1b286-043f-4b76-92e4-23c74608f5ea,"2026-08-27 15:36:00"
ca6184ec-8de6-49cf-a011-b33522041e3d,c21af100-959d-4b3c-a1d7-f3722836687d,9e659a75-c0e5-42d4-958f-2a3be10273c6,high,score_penalized,"Synthetic case for presentation: 3 events observed, severity=high, outcome=score_penalized.",90b1b286-043f-4b76-92e4-23c74608f5ea,"2026-09-19 15:00:00"
98e66a9d-d7c9-4355-842a-a1fa3851c300,c21af100-959d-4b3c-a1d7-f3722836687d,b9a25498-613f-4700-8e4a-9f147766ad48,low,pending,"Synthetic case for presentation: 1 events observed, severity=low, outcome=pending.",,
426e86a3-e442-47a5-bdf0-efe186fe9f8f,c21af100-959d-4b3c-a1d7-f3722836687d,e5f9fac1-96a2-4f3a-bb6a-4fcf42ccc222,high,score_penalized,"Synthetic case for presentation: 2 events observed, severity=high, outcome=score_penalized.",751eab86-d334-4907-aa8b-88f316af07b8,"2026-08-27 15:18:00"
c6fabc73-9d7d-4ea6-8290-2a5e50d316f3,c21af100-959d-4b3c-a1d7-f3722836687d,fb47e52c-0b43-43eb-899b-79e2299c6fc1,high,score_penalized,"Synthetic case for presentation: 3 events observed, severity=high, outcome=score_penalized.",751eab86-d334-4907-aa8b-88f316af07b8,"2026-08-28 15:27:00"
41cba478-08e8-4404-9a1e-08697edb1acf,c21af100-959d-4b3c-a1d7-f3722836687d,f8b427a7-c80f-4001-a0d3-6d58da3b5c6d,low,pending,"Synthetic case for presentation: 1 events observed, severity=low, outcome=pending.",,
1d0e4220-075a-4797-acd4-149e03ae63da,9c1b5342-5d6a-4eb1-9f36-1de51934ea41,f3553431-1705-4289-8d85-dea9c2d082d9,high,score_penalized,"Synthetic case for presentation: 2 events observed, severity=high, outcome=score_penalized.",90b1b286-043f-4b76-92e4-23c74608f5ea,"2026-08-27 15:00:00"
5cd79308-fa03-4569-8895-3ffdc6c1b8bf,9c1b5342-5d6a-4eb1-9f36-1de51934ea41,51aabada-b94a-43b6-809d-109aaf651702,high,score_penalized,"Synthetic case for presentation: 3 events observed, severity=high, outcome=score_penalized.",a7812b90-c27c-4be7-8cd0-86c2c50df3cf,"2026-08-28 15:09:00"
fc7025ec-95d1-46e5-a358-1abbe43ed300,9c1b5342-5d6a-4eb1-9f36-1de51934ea41,8a179466-86d9-4c28-84a8-621cf26945cd,low,pending,"Synthetic case for presentation: 1 events observed, severity=low, outcome=pending.",,
4a05213b-3b90-4f8b-993a-7412ef5b78ed,9c1b5342-5d6a-4eb1-9f36-1de51934ea41,3240fa41-9607-46ca-add4-c63efcb4f302,medium,warned,"Synthetic case for presentation: 2 events observed, severity=medium, outcome=warned.",a7812b90-c27c-4be7-8cd0-86c2c50df3cf,"2026-08-30 15:27:00"
0e5d8263-9df9-48a6-b8a9-f7efbe6c0ded,9c1b5342-5d6a-4eb1-9f36-1de51934ea41,306830f5-e498-4f4d-b7ef-c4a6c3a1dca1,high,score_penalized,"Synthetic case for presentation: 3 events observed, severity=high, outcome=score_penalized.",90b1b286-043f-4b76-92e4-23c74608f5ea,"2026-08-31 15:36:00"
c846bb40-6175-4e09-b6bf-cc2caa40262b,536d44bd-d5b6-4aad-a0b7-51e31aacdd71,2ad17fe9-2c58-4021-8bd7-dbb68fa22070,low,pending,"Synthetic case for presentation: 1 events observed, severity=low, outcome=pending.",,
38ba7a5f-fa20-4dac-b39e-83ccc28e690f,536d44bd-d5b6-4aad-a0b7-51e31aacdd71,28ccc641-94d8-4e9b-87c5-a5517eb58fca,medium,warned,"Synthetic case for presentation: 2 events observed, severity=medium, outcome=warned.",2aff1150-859b-4f6e-a800-22d2d8b1a8c3,"2026-08-30 15:09:00"
5d5afe8a-5bad-409c-981e-dfc909373a6b,536d44bd-d5b6-4aad-a0b7-51e31aacdd71,2f295024-0397-48d6-b472-b560c2a6323e,high,score_penalized,"Synthetic case for presentation: 3 events observed, severity=high, outcome=score_penalized.",2aff1150-859b-4f6e-a800-22d2d8b1a8c3,"2026-08-31 15:18:00"
d5926992-082f-4238-879d-64d1d0296756,536d44bd-d5b6-4aad-a0b7-51e31aacdd71,c7d10a72-f0f6-4677-88b1-cc04f187bb5d,high,score_penalized,"Synthetic case for presentation: 1 events observed, severity=high, outcome=score_penalized.",2aff1150-859b-4f6e-a800-22d2d8b1a8c3,"2026-09-01 15:27:00"
c96aba29-55b4-471b-8909-df7ca6427a43,536d44bd-d5b6-4aad-a0b7-51e31aacdd71,4443983b-2388-4989-9317-0bbacc187af7,medium,warned,"Synthetic case for presentation: 2 events observed, severity=medium, outcome=warned.",90b1b286-043f-4b76-92e4-23c74608f5ea,"2026-09-02 15:36:00"
a71140f0-6eee-46a2-a7e9-9362d4e7677b,0e5f5998-292a-4aff-976b-053073bcc67e,631fa140-bbc7-4f0f-9cd2-bd27d300f4d4,high,score_penalized,"Synthetic case for presentation: 3 events observed, severity=high, outcome=score_penalized.",90b1b286-043f-4b76-92e4-23c74608f5ea,"2026-08-31 15:00:00"
b85a5358-aa1e-4005-8667-59cf3f3a1c4f,0e5f5998-292a-4aff-976b-053073bcc67e,d295ce85-3ac1-43c0-85a5-d7902d372257,high,score_penalized,"Synthetic case for presentation: 1 events observed, severity=high, outcome=score_penalized.",b058d246-ffdf-4f13-97c3-659bf02cc108,"2026-09-01 15:09:00"
4dfae66c-502a-4a92-baf2-c3417a929c8c,0e5f5998-292a-4aff-976b-053073bcc67e,d8ef2c64-a2d9-429a-ba72-8335474072f4,medium,warned,"Synthetic case for presentation: 2 events observed, severity=medium, outcome=warned.",b058d246-ffdf-4f13-97c3-659bf02cc108,"2026-09-02 15:18:00"
86400d61-705b-4012-a4f8-3e0b9ba7472a,0e5f5998-292a-4aff-976b-053073bcc67e,11abaf5d-fa25-4ba1-b1df-19e2a54c553f,critical,invalidated,"Synthetic case for presentation: 3 events observed, severity=critical, outcome=invalidated.",b058d246-ffdf-4f13-97c3-659bf02cc108,"2026-09-03 15:27:00"
c99aa67c-40c8-4b55-999b-10bd25d2c186,0e5f5998-292a-4aff-976b-053073bcc67e,cdb4c967-bb2d-4172-9543-a1a55390daa8,low,pending,"Synthetic case for presentation: 1 events observed, severity=low, outcome=pending.",,
dcc642b8-7a95-4ace-9272-e830f68d3c86,568a4dc3-8880-4c7d-b90e-2153b0f47b3e,22a7aa2f-bbfb-4964-b8de-30d04f5d075f,medium,warned,"Synthetic case for presentation: 2 events observed, severity=medium, outcome=warned.",90b1b286-043f-4b76-92e4-23c74608f5ea,"2026-09-02 15:00:00"
4a185987-2774-4313-b906-7ff8166e146f,568a4dc3-8880-4c7d-b90e-2153b0f47b3e,44add557-6bb4-4851-b5e6-e356ab58c14d,critical,invalidated,"Synthetic case for presentation: 3 events observed, severity=critical, outcome=invalidated.",905e14dd-eb3c-4414-83c7-0db3c1afa49d,"2026-09-03 15:09:00"
6f479d4c-10e9-4519-bd1e-4690f3ee203e,568a4dc3-8880-4c7d-b90e-2153b0f47b3e,f6029aed-9205-475a-a7b4-421e8114df4d,low,pending,"Synthetic case for presentation: 1 events observed, severity=low, outcome=pending.",,
a29bf588-f3cf-423f-bd92-3c35e4a63bf2,568a4dc3-8880-4c7d-b90e-2153b0f47b3e,b085a982-fe08-4289-9b4c-eb97e25b166d,medium,warned,"Synthetic case for presentation: 2 events observed, severity=medium, outcome=warned.",905e14dd-eb3c-4414-83c7-0db3c1afa49d,"2026-09-05 15:27:00"
a6aa0317-6116-4857-ac2c-6d9ae5916715,568a4dc3-8880-4c7d-b90e-2153b0f47b3e,a4e957a2-138c-4ab4-979b-0cc938ab9437,high,score_penalized,"Synthetic case for presentation: 3 events observed, severity=high, outcome=score_penalized.",90b1b286-043f-4b76-92e4-23c74608f5ea,"2026-09-06 15:36:00"
3ab44f6a-6bd0-402e-a662-01796eb244e5,7364b6aa-00b2-4c5f-aca7-3d0afc7f1aaf,90f12b49-5154-46de-9183-730988060d02,low,pending,"Synthetic case for presentation: 1 events observed, severity=low, outcome=pending.",,
e30c9750-b647-42ba-bbf7-2414f7f9cd0b,7364b6aa-00b2-4c5f-aca7-3d0afc7f1aaf,ef4eb3c2-733b-420e-a01f-32b21e9955a3,medium,warned,"Synthetic case for presentation: 2 events observed, severity=medium, outcome=warned.",218be404-c97c-4a8a-b741-5370d21455cc,"2026-09-05 15:09:00"
6a5ffd9b-208b-4c9a-a149-807810858b8e,7364b6aa-00b2-4c5f-aca7-3d0afc7f1aaf,d6309d52-aec4-49c8-b4a6-914c8793a40c,high,score_penalized,"Synthetic case for presentation: 3 events observed, severity=high, outcome=score_penalized.",218be404-c97c-4a8a-b741-5370d21455cc,"2026-09-06 15:18:00"
6519e11e-342c-45bc-b627-1a7b0c510411,7364b6aa-00b2-4c5f-aca7-3d0afc7f1aaf,1ac0c4c0-c805-4d18-8d91-d492f6eb85d3,low,pending,"Synthetic case for presentation: 1 events observed, severity=low, outcome=pending.",,
c8db9e49-6cc8-4048-9c89-9b6d4aa31f41,7364b6aa-00b2-4c5f-aca7-3d0afc7f1aaf,5a5111b9-d184-498a-915a-f96d87306f0e,high,score_penalized,"Synthetic case for presentation: 2 events observed, severity=high, outcome=score_penalized.",90b1b286-043f-4b76-92e4-23c74608f5ea,"2026-09-08 15:36:00"
10b1ffcd-b46b-430c-8c4e-96e94bdfb48d,cc9f2cd8-8d69-42f6-a5f6-ce5bc148567f,5c5f057d-02ea-46db-bc99-83f9fa13df9f,high,score_penalized,"Synthetic case for presentation: 3 events observed, severity=high, outcome=score_penalized.",90b1b286-043f-4b76-92e4-23c74608f5ea,"2026-09-06 15:00:00"
c7d6fd71-5108-44a8-bcc0-e3d0f89df5c7,cc9f2cd8-8d69-42f6-a5f6-ce5bc148567f,6deb6f7c-8f88-4926-9da3-e44d48db1992,low,pending,"Synthetic case for presentation: 1 events observed, severity=low, outcome=pending.",,
d911c9f2-ed1e-4e44-b079-99b9d6c29abc,cc9f2cd8-8d69-42f6-a5f6-ce5bc148567f,a7e91d2f-47ea-4dbb-95d9-c95c8c7c70e8,high,score_penalized,"Synthetic case for presentation: 2 events observed, severity=high, outcome=score_penalized.",bee88a37-fda5-4b6b-9ca4-f5ddefb8d2fa,"2026-09-08 15:18:00"
42bf5e96-6318-49d8-a58c-482fe7af6688,cc9f2cd8-8d69-42f6-a5f6-ce5bc148567f,c1633127-c4ff-4bcd-95f7-88bb1fe685da,high,score_penalized,"Synthetic case for presentation: 3 events observed, severity=high, outcome=score_penalized.",bee88a37-fda5-4b6b-9ca4-f5ddefb8d2fa,"2026-09-09 15:27:00"
cda74b31-6683-468e-ae85-39b0fc7d0768,cc9f2cd8-8d69-42f6-a5f6-ce5bc148567f,79251698-6e92-482c-81ee-48cd95540a5c,low,pending,"Synthetic case for presentation: 1 events observed, severity=low, outcome=pending.",,
29aed277-6038-4acf-9ed4-3d1ae93dbd10,22c2b3af-1f0e-4c2c-9e1c-f826c5481963,6a5f01c3-5f40-4a79-ac4d-d7f37f0d24f4,high,score_penalized,"Synthetic case for presentation: 2 events observed, severity=high, outcome=score_penalized.",90b1b286-043f-4b76-92e4-23c74608f5ea,"2026-09-08 15:00:00"
6d5734ac-1a48-4f69-9d88-56fedf8bedb4,22c2b3af-1f0e-4c2c-9e1c-f826c5481963,4ef4b670-40a6-4e32-8e8d-70f63daf1289,high,score_penalized,"Synthetic case for presentation: 3 events observed, severity=high, outcome=score_penalized.",d36886f3-10b2-4977-ab6b-2d9651e046e5,"2026-09-09 15:09:00"
ce9ef5ce-491e-47a5-bc8f-0d3cb245abea,22c2b3af-1f0e-4c2c-9e1c-f826c5481963,dc8b6685-2879-4ad6-af89-875d4cc91f95,low,pending,"Synthetic case for presentation: 1 events observed, severity=low, outcome=pending.",,
60761b99-c9a3-491a-ac1c-6ca56f894beb,22c2b3af-1f0e-4c2c-9e1c-f826c5481963,872b07d4-57c2-48af-b576-41a5316ef580,medium,warned,"Synthetic case for presentation: 2 events observed, severity=medium, outcome=warned.",d36886f3-10b2-4977-ab6b-2d9651e046e5,"2026-09-11 15:27:00"
6e4fe4e1-685b-49bd-a1a4-4720797ee89e,22c2b3af-1f0e-4c2c-9e1c-f826c5481963,d2e2f4a1-8672-4df3-afd9-a4cb956b28d9,high,score_penalized,"Synthetic case for presentation: 3 events observed, severity=high, outcome=score_penalized.",90b1b286-043f-4b76-92e4-23c74608f5ea,"2026-09-12 15:36:00"
0f5857dc-1220-47f1-95f3-40118934dbb5,91cc4b84-3aca-40a9-95b0-ff146333f536,00dd16c6-4ba3-4163-9034-eb236dc4332f,low,pending,"Synthetic case for presentation: 1 events observed, severity=low, outcome=pending.",,
984f272c-dc9e-4cce-b6f2-49e0abae3a67,91cc4b84-3aca-40a9-95b0-ff146333f536,dbf31c6f-500e-4e26-83c9-c929499f25f3,medium,warned,"Synthetic case for presentation: 2 events observed, severity=medium, outcome=warned.",3fc6922b-07a1-4552-98af-4b697aef77e6,"2026-09-11 15:09:00"
d6a8b987-d7b0-48df-8b2b-2e9aa339410c,91cc4b84-3aca-40a9-95b0-ff146333f536,bb378db7-83b8-4a47-83f4-524e18454f70,high,score_penalized,"Synthetic case for presentation: 3 events observed, severity=high, outcome=score_penalized.",3fc6922b-07a1-4552-98af-4b697aef77e6,"2026-09-12 15:18:00"
76160232-aef5-438d-b4a3-b9e76512caf4,91cc4b84-3aca-40a9-95b0-ff146333f536,57c4eaa5-11dd-44a9-ae64-79efc2008c0a,high,score_penalized,"Synthetic case for presentation: 1 events observed, severity=high, outcome=score_penalized.",3fc6922b-07a1-4552-98af-4b697aef77e6,"2026-09-13 15:27:00"
1349da5f-ca64-4c28-ad0a-79311a8c7599,91cc4b84-3aca-40a9-95b0-ff146333f536,df5ce82a-dd66-4ebb-91e9-c98835d2bf1a,medium,warned,"Synthetic case for presentation: 2 events observed, severity=medium, outcome=warned.",90b1b286-043f-4b76-92e4-23c74608f5ea,"2026-09-14 15:36:00"
e9ded0bf-483d-4100-be38-b927ad10a513,c893fa3e-aa86-4664-b2b4-0f5740ce41ae,ac108c07-7493-403f-a578-f656c3734486,high,score_penalized,"Synthetic case for presentation: 3 events observed, severity=high, outcome=score_penalized.",90b1b286-043f-4b76-92e4-23c74608f5ea,"2026-09-12 15:00:00"
3eb0eb30-5acc-44bd-8068-35ccc7609c26,c893fa3e-aa86-4664-b2b4-0f5740ce41ae,28c22130-9308-4191-96ba-4614cb0b7bc8,high,score_penalized,"Synthetic case for presentation: 1 events observed, severity=high, outcome=score_penalized.",e137c7f9-d659-414c-9253-911155702bae,"2026-09-13 15:09:00"
6c394827-ee04-492a-bf7f-77bd30ff16c1,c893fa3e-aa86-4664-b2b4-0f5740ce41ae,dc65081a-9714-4bca-88e1-f30cee2e49b4,medium,warned,"Synthetic case for presentation: 2 events observed, severity=medium, outcome=warned.",e137c7f9-d659-414c-9253-911155702bae,"2026-09-14 15:18:00"
a9a9a7bf-31b5-4e46-ba3d-bc16439c5ed4,c893fa3e-aa86-4664-b2b4-0f5740ce41ae,153e312e-67a2-41d2-bb9e-c50222839fe8,critical,invalidated,"Synthetic case for presentation: 3 events observed, severity=critical, outcome=invalidated.",e137c7f9-d659-414c-9253-911155702bae,"2026-09-15 15:27:00"
1b295859-f939-44ef-a4b6-f642e73911df,c893fa3e-aa86-4664-b2b4-0f5740ce41ae,95c9fb3f-f278-483d-9054-1c5a32a2c37d,low,pending,"Synthetic case for presentation: 1 events observed, severity=low, outcome=pending.",,
1ef03508-80c6-4ba9-8b29-a6fca3f80fd5,def28c4e-77a3-41f8-986f-90e5a9f54f59,5de0adcb-5004-4cce-8708-7576b428a683,medium,warned,"Synthetic case for presentation: 2 events observed, severity=medium, outcome=warned.",90b1b286-043f-4b76-92e4-23c74608f5ea,"2026-09-14 15:00:00"
1b19a06d-4f01-422e-83ba-a4b793d33326,def28c4e-77a3-41f8-986f-90e5a9f54f59,873f324d-ae7b-4f4a-8203-d9c4fc55a380,critical,invalidated,"Synthetic case for presentation: 3 events observed, severity=critical, outcome=invalidated.",04eb19a3-9791-44a0-b532-5b02036ed40d,"2026-09-15 15:09:00"
92e89e03-f3be-4375-a7d1-c72ce04ab474,def28c4e-77a3-41f8-986f-90e5a9f54f59,1a77dd40-6565-4c48-949e-d2ded4525a80,low,pending,"Synthetic case for presentation: 1 events observed, severity=low, outcome=pending.",,
1b9f38dd-fd5d-43a7-beba-be8597e3b4aa,def28c4e-77a3-41f8-986f-90e5a9f54f59,bdf3b95b-61bb-46a5-802f-2dba0860d0cc,medium,warned,"Synthetic case for presentation: 2 events observed, severity=medium, outcome=warned.",04eb19a3-9791-44a0-b532-5b02036ed40d,"2026-09-17 15:27:00"
39652a39-b957-4278-b213-a4e2adf33aa1,def28c4e-77a3-41f8-986f-90e5a9f54f59,6287272f-f146-4241-9bd9-337f30845873,high,score_penalized,"Synthetic case for presentation: 3 events observed, severity=high, outcome=score_penalized.",90b1b286-043f-4b76-92e4-23c74608f5ea,"2026-09-18 15:36:00"
4ce13a6b-713b-4ae1-8ef3-64551d6402ab,54be2ec4-f7e1-45f7-9887-5f58c35fb7d6,c8c217a7-5278-4c16-afbe-c683646d9fdb,low,pending,"Synthetic case for presentation: 1 events observed, severity=low, outcome=pending.",,
2e4b7abf-c244-42ee-beb4-0acd16f08521,54be2ec4-f7e1-45f7-9887-5f58c35fb7d6,1877ee78-6be8-4325-90da-8e9fc98696d4,medium,warned,"Synthetic case for presentation: 2 events observed, severity=medium, outcome=warned.",68a1123f-47ea-4ba8-9f4b-210c52d27fd0,"2026-09-17 15:09:00"
eaff2fad-1381-4cf9-8591-94f6a96a765c,54be2ec4-f7e1-45f7-9887-5f58c35fb7d6,82b1b262-ca5b-4262-93d9-1e8a496372dc,high,score_penalized,"Synthetic case for presentation: 3 events observed, severity=high, outcome=score_penalized.",68a1123f-47ea-4ba8-9f4b-210c52d27fd0,"2026-09-18 15:18:00"
ac8b7d1b-ae2d-4b0d-bb0b-b3b6dd99c0fe,54be2ec4-f7e1-45f7-9887-5f58c35fb7d6,fb3271d4-9ec9-4b4c-b154-72b1c6d6d88b,low,pending,"Synthetic case for presentation: 1 events observed, severity=low, outcome=pending.",,
3cf977ab-be1f-4a79-8021-14882d4d2f15,54be2ec4-f7e1-45f7-9887-5f58c35fb7d6,b06cfd4b-47dc-4a73-a105-d1a81e531f7d,high,score_penalized,"Synthetic case for presentation: 2 events observed, severity=high, outcome=score_penalized.",90b1b286-043f-4b76-92e4-23c74608f5ea,"2026-08-26 15:36:00"
b5c4eb1c-131f-4bf4-bec8-dfbb46f10b6c,66acf9e5-9f47-4d34-892b-7d87e01724bf,31fe46f8-2549-4703-bfcb-8a0ae674daa5,high,score_penalized,"Synthetic case for presentation: 3 events observed, severity=high, outcome=score_penalized.",90b1b286-043f-4b76-92e4-23c74608f5ea,"2026-09-18 15:00:00"
4414c1e5-6518-4be7-ba6d-4f639f4ba9a0,66acf9e5-9f47-4d34-892b-7d87e01724bf,b639c3ac-81cc-46fd-8256-352d44b32426,low,pending,"Synthetic case for presentation: 1 events observed, severity=low, outcome=pending.",,
4154af2f-8850-42ff-b833-23605073245c,66acf9e5-9f47-4d34-892b-7d87e01724bf,b1276b71-3ecb-42b2-bc63-6a940300bb44,high,score_penalized,"Synthetic case for presentation: 2 events observed, severity=high, outcome=score_penalized.",2cf90364-6aba-49bd-8167-e17368277eb7,"2026-08-26 15:18:00"
61119a25-74cb-4db7-968f-491465f79b31,66acf9e5-9f47-4d34-892b-7d87e01724bf,fa32c24f-dfac-4d07-986f-b1b2b10e4db9,high,score_penalized,"Synthetic case for presentation: 3 events observed, severity=high, outcome=score_penalized.",2cf90364-6aba-49bd-8167-e17368277eb7,"2026-08-27 15:27:00"
c9a462da-618e-4565-bd55-257989382213,66acf9e5-9f47-4d34-892b-7d87e01724bf,89ec2e12-c997-49f9-810a-3770642b9d90,low,pending,"Synthetic case for presentation: 1 events observed, severity=low, outcome=pending.",,
485d2c52-a467-49cf-8e82-1fb156eb23d5,351073fe-2eeb-4254-9564-acc6299e1a49,56751255-0ad0-4be7-9988-414b83d6b064,high,score_penalized,"Synthetic case for presentation: 2 events observed, severity=high, outcome=score_penalized.",90b1b286-043f-4b76-92e4-23c74608f5ea,"2026-08-26 15:00:00"
22ebcc49-81b1-4c61-93c5-40644a23b3bf,351073fe-2eeb-4254-9564-acc6299e1a49,320c5656-ce48-429e-9896-177b21c2e176,high,score_penalized,"Synthetic case for presentation: 3 events observed, severity=high, outcome=score_penalized.",96cab70f-d033-4fca-82c4-0e5395cb6186,"2026-08-27 15:09:00"
5e4053e0-1c13-4abd-a829-5f197f6f1c58,351073fe-2eeb-4254-9564-acc6299e1a49,1375428c-3000-4257-89f3-1f738c3a782c,low,pending,"Synthetic case for presentation: 1 events observed, severity=low, outcome=pending.",,
f90311d1-5d5b-4535-8303-6c2da6cacfbc,351073fe-2eeb-4254-9564-acc6299e1a49,cb38d881-a3e6-4ae7-b715-1e0a6bd8e48c,medium,warned,"Synthetic case for presentation: 2 events observed, severity=medium, outcome=warned.",96cab70f-d033-4fca-82c4-0e5395cb6186,"2026-08-29 15:27:00"
9c6ef515-ad04-41ca-8a0d-e0caa26858bb,351073fe-2eeb-4254-9564-acc6299e1a49,eb431bbe-9089-4ea5-9290-5a711a3850d7,high,score_penalized,"Synthetic case for presentation: 3 events observed, severity=high, outcome=score_penalized.",90b1b286-043f-4b76-92e4-23c74608f5ea,"2026-08-30 15:36:00"
11dc1d4e-0e80-43fd-9fc8-5e2139c41ca0,cf453a17-eb2a-4b30-af2e-dc0c04eb2c4f,22e0d92b-44e4-4772-a2b4-c2e638d2c011,low,pending,"Synthetic case for presentation: 1 events observed, severity=low, outcome=pending.",,
0d585db6-7c5a-4639-94eb-ac63f90d4d77,cf453a17-eb2a-4b30-af2e-dc0c04eb2c4f,8d40df7e-9437-472b-879d-eb1f194d9bee,medium,warned,"Synthetic case for presentation: 2 events observed, severity=medium, outcome=warned.",94bfa81a-3404-4482-9ad5-42d4ad1eec3e,"2026-08-29 15:09:00"
060460cc-a1e1-4172-85bb-e3c99e5474fc,cf453a17-eb2a-4b30-af2e-dc0c04eb2c4f,ab0e4119-81d4-47ca-a098-56a4cd64a45d,high,score_penalized,"Synthetic case for presentation: 3 events observed, severity=high, outcome=score_penalized.",94bfa81a-3404-4482-9ad5-42d4ad1eec3e,"2026-08-30 15:18:00"
cdb78dda-4889-4f52-a6be-95c6366baa99,cf453a17-eb2a-4b30-af2e-dc0c04eb2c4f,3d0607dc-79c9-4ed0-8908-f497d6c0db0e,high,score_penalized,"Synthetic case for presentation: 1 events observed, severity=high, outcome=score_penalized.",94bfa81a-3404-4482-9ad5-42d4ad1eec3e,"2026-08-31 15:27:00"
312e0b57-8f04-4db8-900b-f5e875269416,cf453a17-eb2a-4b30-af2e-dc0c04eb2c4f,8bf4ec71-cbba-4b6a-b506-962f2aa06606,medium,warned,"Synthetic case for presentation: 2 events observed, severity=medium, outcome=warned.",90b1b286-043f-4b76-92e4-23c74608f5ea,"2026-09-01 15:36:00"
de81cc1c-b2e9-4be7-92d2-3559aba1a10e,5333b5ad-252e-47ce-a276-04494090f2d8,829f63f4-2cf9-4d42-9727-937f11ab976f,high,score_penalized,"Synthetic case for presentation: 3 events observed, severity=high, outcome=score_penalized.",90b1b286-043f-4b76-92e4-23c74608f5ea,"2026-08-30 15:00:00"
ffddf214-fb96-409e-bdd6-90c6fdb6a1a9,5333b5ad-252e-47ce-a276-04494090f2d8,78d41d9b-11b3-49ae-a673-1fdfe0ec57c1,high,score_penalized,"Synthetic case for presentation: 1 events observed, severity=high, outcome=score_penalized.",e581e94e-3090-4179-90c9-22d0088b66aa,"2026-08-31 15:09:00"
64a0bd4d-eed9-45ab-82de-82e6dd3aebd9,5333b5ad-252e-47ce-a276-04494090f2d8,b9ed3434-0647-45fd-9033-e285f536809a,medium,warned,"Synthetic case for presentation: 2 events observed, severity=medium, outcome=warned.",e581e94e-3090-4179-90c9-22d0088b66aa,"2026-09-01 15:18:00"
8ef0c89e-ef5b-485a-8309-bcf65f537b60,5333b5ad-252e-47ce-a276-04494090f2d8,05b5d476-d20e-4920-9037-5b9155aaf96f,critical,invalidated,"Synthetic case for presentation: 3 events observed, severity=critical, outcome=invalidated.",e581e94e-3090-4179-90c9-22d0088b66aa,"2026-09-02 15:27:00"
803af3e3-b862-4fc0-b646-0130365bf48c,5333b5ad-252e-47ce-a276-04494090f2d8,c9c13d54-ce39-47d2-b238-9d2e5f59cfc4,low,pending,"Synthetic case for presentation: 1 events observed, severity=low, outcome=pending.",,
2f3fc4b5-1392-44d5-ac0c-553abc986152,2712094b-af85-494c-98b3-9540c7dee64e,34fec603-6473-4041-aa74-3d0d87058b32,medium,warned,"Synthetic case for presentation: 2 events observed, severity=medium, outcome=warned.",90b1b286-043f-4b76-92e4-23c74608f5ea,"2026-09-01 15:00:00"
7b68797a-e786-44ec-abcb-b33c6f8dbc60,2712094b-af85-494c-98b3-9540c7dee64e,a6f67adc-c3ad-42a7-9c73-ee8dfec7e88f,critical,invalidated,"Synthetic case for presentation: 3 events observed, severity=critical, outcome=invalidated.",2f356b8c-6c88-4551-b57c-4a818304e333,"2026-09-02 15:09:00"
d7f1572f-1e02-485a-99e8-406c1214d27d,2712094b-af85-494c-98b3-9540c7dee64e,39bd8214-068d-42dd-a7e9-c11cd17bebd9,low,pending,"Synthetic case for presentation: 1 events observed, severity=low, outcome=pending.",,
535dc3f4-6873-4d2e-b863-15fca12740cd,2712094b-af85-494c-98b3-9540c7dee64e,24057638-491b-453f-9cde-056c2991b92f,medium,warned,"Synthetic case for presentation: 2 events observed, severity=medium, outcome=warned.",2f356b8c-6c88-4551-b57c-4a818304e333,"2026-09-04 15:27:00"
5cd9f652-0c73-4628-8650-711d55f9e406,2712094b-af85-494c-98b3-9540c7dee64e,90c99344-2cf9-44fd-bea4-0d5f45f62455,high,score_penalized,"Synthetic case for presentation: 3 events observed, severity=high, outcome=score_penalized.",90b1b286-043f-4b76-92e4-23c74608f5ea,"2026-09-05 15:36:00"
2b83c9eb-4450-4dd8-9c57-4585a6dddeda,d52ef8e5-d810-4f14-bd9f-f203f1f107a1,c2b2bd08-5bd8-4ae5-ae81-2d4b980d21b5,low,pending,"Synthetic case for presentation: 1 events observed, severity=low, outcome=pending.",,
c1b5e5bc-e4f1-4450-b233-2d4749fc8210,d52ef8e5-d810-4f14-bd9f-f203f1f107a1,e65d0130-d969-4e7a-93d3-f2abf1c7dade,medium,warned,"Synthetic case for presentation: 2 events observed, severity=medium, outcome=warned.",4e446244-efb3-4289-818d-dc402386feaa,"2026-09-04 15:09:00"
1c41d469-8951-44b1-ae0d-5c31c0cc183d,d52ef8e5-d810-4f14-bd9f-f203f1f107a1,17c6cddf-83c1-4b7e-a4d4-527844eff3bc,high,score_penalized,"Synthetic case for presentation: 3 events observed, severity=high, outcome=score_penalized.",4e446244-efb3-4289-818d-dc402386feaa,"2026-09-05 15:18:00"
2f8ee0e0-aae7-4393-b4e6-b43f9c65b35f,d52ef8e5-d810-4f14-bd9f-f203f1f107a1,bf1617f9-2e3d-4fdf-b1a9-5cea870bb342,low,pending,"Synthetic case for presentation: 1 events observed, severity=low, outcome=pending.",,
e9de1de8-ebab-43c3-811e-733705082bbd,d52ef8e5-d810-4f14-bd9f-f203f1f107a1,b9cba548-443d-4c99-9d52-dbdda87eeb4d,high,score_penalized,"Synthetic case for presentation: 2 events observed, severity=high, outcome=score_penalized.",90b1b286-043f-4b76-92e4-23c74608f5ea,"2026-09-07 15:36:00"
b4cdf228-48ca-4c22-84db-bb435823a79f,c77a8e5d-25d6-424b-b196-a48f29958bc5,9a93c303-8f96-46dc-80a8-c59ea398da1b,high,score_penalized,"Synthetic case for presentation: 3 events observed, severity=high, outcome=score_penalized.",90b1b286-043f-4b76-92e4-23c74608f5ea,"2026-09-05 15:00:00"
60ac2036-19cf-4835-a1b1-ae7189ba162c,c77a8e5d-25d6-424b-b196-a48f29958bc5,e69d14e4-1870-404d-b5f5-96dd914ce1f3,low,pending,"Synthetic case for presentation: 1 events observed, severity=low, outcome=pending.",,
38fe1798-dc14-43a9-8b61-46050db069b3,c77a8e5d-25d6-424b-b196-a48f29958bc5,681158f0-8811-4dc6-b927-6e57d094e55c,high,score_penalized,"Synthetic case for presentation: 2 events observed, severity=high, outcome=score_penalized.",a4b3986e-97cd-4b57-8d92-dc6cdf1285d8,"2026-09-07 15:18:00"
d50c22b0-a6c1-412e-96df-9330ee66a83e,c77a8e5d-25d6-424b-b196-a48f29958bc5,bac825fc-1963-466b-b59f-05bd6a6c1672,high,score_penalized,"Synthetic case for presentation: 3 events observed, severity=high, outcome=score_penalized.",a4b3986e-97cd-4b57-8d92-dc6cdf1285d8,"2026-09-08 15:27:00"
e49b7773-21c4-47db-903f-ee6c754bb9f9,c77a8e5d-25d6-424b-b196-a48f29958bc5,a253697c-d5e1-4906-bd15-f86d54c98ea8,low,pending,"Synthetic case for presentation: 1 events observed, severity=low, outcome=pending.",,
1d3c07b5-af05-4e01-be23-f7443e4b3b12,cf9f3409-6c8b-4122-8948-5cb2286de82f,a2711c6b-ac2b-42c1-83d3-c93e39f12aca,high,score_penalized,"Synthetic case for presentation: 2 events observed, severity=high, outcome=score_penalized.",90b1b286-043f-4b76-92e4-23c74608f5ea,"2026-09-07 15:00:00"
2c35623d-4d4e-4c25-a342-079aa26387a0,cf9f3409-6c8b-4122-8948-5cb2286de82f,2ad4308f-f05b-43b1-9f31-7a70ff59db58,high,score_penalized,"Synthetic case for presentation: 3 events observed, severity=high, outcome=score_penalized.",78ebf395-c3ec-4ce3-961c-b8f21705216a,"2026-09-08 15:09:00"
2d682a12-9215-4ffc-bb9e-958a9606552c,cf9f3409-6c8b-4122-8948-5cb2286de82f,91e222cf-d3d6-4e41-bed0-4f48267ec566,low,pending,"Synthetic case for presentation: 1 events observed, severity=low, outcome=pending.",,
f8710734-6781-46e5-8bac-460733e8a4af,cf9f3409-6c8b-4122-8948-5cb2286de82f,4488668d-c03d-4e85-bee2-74d7190947b9,medium,warned,"Synthetic case for presentation: 2 events observed, severity=medium, outcome=warned.",78ebf395-c3ec-4ce3-961c-b8f21705216a,"2026-09-10 15:27:00"
f91f39a0-82c7-4a95-a5cd-0f04aa0760a0,cf9f3409-6c8b-4122-8948-5cb2286de82f,d0a9ba57-11a2-4f1b-90cd-a25e3feda50e,high,score_penalized,"Synthetic case for presentation: 3 events observed, severity=high, outcome=score_penalized.",90b1b286-043f-4b76-92e4-23c74608f5ea,"2026-09-11 15:36:00"
a05b294b-f505-4349-b3b7-33090d1074dd,7f4ea757-5cd2-4312-8e7e-8a554a46f5b3,9837898a-da6b-4512-b344-8a7735781204,low,pending,"Synthetic case for presentation: 1 events observed, severity=low, outcome=pending.",,
eb8198ff-4a63-45f6-b901-88502e6955ce,7f4ea757-5cd2-4312-8e7e-8a554a46f5b3,3fa99f1b-ad11-4773-9277-ca52e1a41e61,medium,warned,"Synthetic case for presentation: 2 events observed, severity=medium, outcome=warned.",500f75d9-917b-4ff8-b7ed-1c06de7179e8,"2026-09-10 15:09:00"
c92dcbed-71a9-41bb-b4e5-9cc4c897a9f2,7f4ea757-5cd2-4312-8e7e-8a554a46f5b3,77b4f2c3-091c-4e56-a788-6d026f720652,high,score_penalized,"Synthetic case for presentation: 3 events observed, severity=high, outcome=score_penalized.",500f75d9-917b-4ff8-b7ed-1c06de7179e8,"2026-09-11 15:18:00"
65c201ba-901e-4099-86f7-b8facd5d29e9,7f4ea757-5cd2-4312-8e7e-8a554a46f5b3,1607d8f3-338b-4840-92d5-6471dc78f2d3,high,score_penalized,"Synthetic case for presentation: 1 events observed, severity=high, outcome=score_penalized.",500f75d9-917b-4ff8-b7ed-1c06de7179e8,"2026-09-12 15:27:00"
3c3d1a30-ecd3-4738-a5c4-aa6b601f6909,7f4ea757-5cd2-4312-8e7e-8a554a46f5b3,b64f5153-9e6a-495f-9224-1946faa65685,medium,warned,"Synthetic case for presentation: 2 events observed, severity=medium, outcome=warned.",90b1b286-043f-4b76-92e4-23c74608f5ea,"2026-09-13 15:36:00"
0309fe11-cecb-47de-b187-d586dedbe07b,36c85cb3-6894-4fdd-9bce-367ff370b81c,cf448170-51ef-4c8a-b8a9-13d2ae615782,high,score_penalized,"Synthetic case for presentation: 3 events observed, severity=high, outcome=score_penalized.",90b1b286-043f-4b76-92e4-23c74608f5ea,"2026-09-11 15:00:00"
4086690d-b7b1-4ece-a987-a6771c632ffe,36c85cb3-6894-4fdd-9bce-367ff370b81c,3359ad91-8934-43b7-b4a0-73cad8d08d85,high,score_penalized,"Synthetic case for presentation: 1 events observed, severity=high, outcome=score_penalized.",12e43907-caa4-4235-9299-4599f0c35cb0,"2026-09-12 15:09:00"
98590d93-491e-4d06-a6b4-42aadb18374c,36c85cb3-6894-4fdd-9bce-367ff370b81c,d6194695-d3e3-4959-8f2c-f0df5ff9411e,medium,warned,"Synthetic case for presentation: 2 events observed, severity=medium, outcome=warned.",12e43907-caa4-4235-9299-4599f0c35cb0,"2026-09-13 15:18:00"
1509aa20-2025-45c6-bed5-9d278094a5e8,36c85cb3-6894-4fdd-9bce-367ff370b81c,e9bad4db-61e9-44a3-afd6-d2847a8dd5db,critical,invalidated,"Synthetic case for presentation: 3 events observed, severity=critical, outcome=invalidated.",12e43907-caa4-4235-9299-4599f0c35cb0,"2026-09-14 15:27:00"
a1a63b16-8238-42da-9ea6-1c76f5e1dc21,36c85cb3-6894-4fdd-9bce-367ff370b81c,c85ed832-dddb-4e33-b62e-729ad28c0f44,low,pending,"Synthetic case for presentation: 1 events observed, severity=low, outcome=pending.",,
b9ee2f9a-c209-4a77-8e5a-0d84a89be9af,d3e7fe62-33e3-4a0a-9c02-910d53918177,215dd3f4-53db-417e-92cd-94dd9b978f38,medium,warned,"Synthetic case for presentation: 2 events observed, severity=medium, outcome=warned.",90b1b286-043f-4b76-92e4-23c74608f5ea,"2026-09-13 15:00:00"
1f67190c-db5b-404b-9e18-6a52020f5b01,d3e7fe62-33e3-4a0a-9c02-910d53918177,11dee9c6-03bd-48d1-bb16-8d08e62347f8,critical,invalidated,"Synthetic case for presentation: 3 events observed, severity=critical, outcome=invalidated.",079e2141-c634-4845-821e-ad9d549cca9a,"2026-09-14 15:09:00"
e6876515-5144-4d62-9ac5-52a2859f0ce6,d3e7fe62-33e3-4a0a-9c02-910d53918177,fa9d79b6-ca1a-42ac-890b-8f598db89fd4,low,pending,"Synthetic case for presentation: 1 events observed, severity=low, outcome=pending.",,
d87a6362-a6dd-4bab-9be1-f7bc34767693,d3e7fe62-33e3-4a0a-9c02-910d53918177,786ec0a8-9bae-4df8-933f-08eaa44eca13,medium,warned,"Synthetic case for presentation: 2 events observed, severity=medium, outcome=warned.",079e2141-c634-4845-821e-ad9d549cca9a,"2026-09-16 15:27:00"
3bf72ef1-498c-47de-bd02-d8bce4d65307,d3e7fe62-33e3-4a0a-9c02-910d53918177,58f42619-70ee-4b31-b199-f15a8fd12aff,high,score_penalized,"Synthetic case for presentation: 3 events observed, severity=high, outcome=score_penalized.",90b1b286-043f-4b76-92e4-23c74608f5ea,"2026-09-17 15:36:00"
e2c8a7ce-de65-4f16-b633-0c508cfef4bd,e658455d-d008-4279-b62c-238276b96725,38840722-cd51-407a-bd28-51fee3c0b11b,low,pending,"Synthetic case for presentation: 1 events observed, severity=low, outcome=pending.",,
c769ee51-0231-4486-a2fe-e39a21ed18a3,e658455d-d008-4279-b62c-238276b96725,9aa5ce8f-5e8a-4f73-9b6c-55cb2a15f3bd,medium,warned,"Synthetic case for presentation: 2 events observed, severity=medium, outcome=warned.",90e14fab-b408-49fc-a857-134499ca3146,"2026-09-16 15:09:00"
173faaf5-b7b4-4060-b3d9-95d29524f323,e658455d-d008-4279-b62c-238276b96725,deb43eee-8660-41cc-910c-133cc2d3c417,high,score_penalized,"Synthetic case for presentation: 3 events observed, severity=high, outcome=score_penalized.",90e14fab-b408-49fc-a857-134499ca3146,"2026-09-17 15:18:00"
a1e51ffc-446e-42e4-bc84-5498ed04c996,e658455d-d008-4279-b62c-238276b96725,d4343c7e-6835-471d-85ee-46facd4cea60,low,pending,"Synthetic case for presentation: 1 events observed, severity=low, outcome=pending.",,
766d7275-dcf8-43b2-b9fd-91b505059a5e,e658455d-d008-4279-b62c-238276b96725,d59ec089-e89f-4ac8-952d-f205d1bce343,high,score_penalized,"Synthetic case for presentation: 2 events observed, severity=high, outcome=score_penalized.",90b1b286-043f-4b76-92e4-23c74608f5ea,"2026-09-19 15:36:00"
69b0a38e-af8c-45ad-92c1-d6c976a71fe4,dd66e80c-439d-4a7b-bb0d-ef12732c2951,a338d6f9-a3e7-440a-b2be-3ac5821cfad8,high,score_penalized,"Synthetic case for presentation: 3 events observed, severity=high, outcome=score_penalized.",90b1b286-043f-4b76-92e4-23c74608f5ea,"2026-09-17 15:00:00"
f43f952d-0bbb-41f0-8764-4440f8f9d333,dd66e80c-439d-4a7b-bb0d-ef12732c2951,cde815d3-9ceb-4301-8fad-45a5a6fe4a92,low,pending,"Synthetic case for presentation: 1 events observed, severity=low, outcome=pending.",,
2a613e83-7bd5-4b9d-9691-68cff5f4b0f7,dd66e80c-439d-4a7b-bb0d-ef12732c2951,4463bb3b-77a5-4a50-b503-3dfd960765bb,high,score_penalized,"Synthetic case for presentation: 2 events observed, severity=high, outcome=score_penalized.",11ac14d8-9376-4ab8-983e-7e365648ed82,"2026-09-19 15:18:00"
1aeafe4c-14d9-4092-8a73-3bd961bac796,dd66e80c-439d-4a7b-bb0d-ef12732c2951,77c6d95f-9988-4a15-840b-bc3ab4f67b13,high,score_penalized,"Synthetic case for presentation: 3 events observed, severity=high, outcome=score_penalized.",11ac14d8-9376-4ab8-983e-7e365648ed82,"2026-08-26 15:27:00"
a30a49f3-a549-4b39-959d-e1df6fb91aa0,dd66e80c-439d-4a7b-bb0d-ef12732c2951,d09e8b9b-0173-4b1a-bda9-162809663693,low,pending,"Synthetic case for presentation: 1 events observed, severity=low, outcome=pending.",,
946fe57e-13e2-4acc-a36c-b3304c875d37,e14b7221-42aa-49ff-a288-48fe70a8e075,e90fce81-5e4f-40ef-8286-4ac84679c47e,high,score_penalized,"Synthetic case for presentation: 2 events observed, severity=high, outcome=score_penalized.",90b1b286-043f-4b76-92e4-23c74608f5ea,"2026-09-19 15:00:00"
ffd88195-8512-41d4-b217-ce076c6b59e9,e14b7221-42aa-49ff-a288-48fe70a8e075,9825d995-b9c5-4f73-a4ea-7e94387267c4,high,score_penalized,"Synthetic case for presentation: 3 events observed, severity=high, outcome=score_penalized.",090595ca-9ee6-4225-9187-8de668b759bd,"2026-08-26 15:09:00"
2dc6e526-87cc-4720-838d-94126b29c7a5,e14b7221-42aa-49ff-a288-48fe70a8e075,e1d58e70-723b-48c9-bf95-1f85888bac98,low,pending,"Synthetic case for presentation: 1 events observed, severity=low, outcome=pending.",,
eaf4a3ed-ad91-4afb-996a-e88b01b82cba,e14b7221-42aa-49ff-a288-48fe70a8e075,45766f47-580f-410d-9c0e-979eb975a83b,medium,warned,"Synthetic case for presentation: 2 events observed, severity=medium, outcome=warned.",090595ca-9ee6-4225-9187-8de668b759bd,"2026-08-28 15:27:00"
f354f2dd-81cc-4a39-b085-1773cfe5007b,e14b7221-42aa-49ff-a288-48fe70a8e075,23477b07-5a93-45fc-91cc-5df9fed07ded,high,score_penalized,"Synthetic case for presentation: 3 events observed, severity=high, outcome=score_penalized.",90b1b286-043f-4b76-92e4-23c74608f5ea,"2026-08-29 15:36:00"
c3fc4af8-f07c-4116-957e-c0634f87eefc,d638fc2f-0cc2-4374-9d53-5e8b225119e3,eaeeea81-fee5-4bfe-b47a-65a592a1c468,low,pending,"Synthetic case for presentation: 1 events observed, severity=low, outcome=pending.",,
190e6494-b034-413a-befd-9c8124b796d8,d638fc2f-0cc2-4374-9d53-5e8b225119e3,7cbd439c-b9ce-4177-a719-d7680a2010ed,medium,warned,"Synthetic case for presentation: 2 events observed, severity=medium, outcome=warned.",15061739-fdae-4d1f-a5e7-bc66306e59ef,"2026-08-28 15:09:00"
bac29a41-5ea2-474f-b642-847c2cbd9693,d638fc2f-0cc2-4374-9d53-5e8b225119e3,c324ada6-6a12-421c-bd24-b11f3ef8a535,high,score_penalized,"Synthetic case for presentation: 3 events observed, severity=high, outcome=score_penalized.",15061739-fdae-4d1f-a5e7-bc66306e59ef,"2026-08-29 15:18:00"
afc0c574-ea86-4b5a-b27f-2e66ac762f2c,d638fc2f-0cc2-4374-9d53-5e8b225119e3,68462c6a-1473-485a-b4e0-9d9f910d6842,high,score_penalized,"Synthetic case for presentation: 1 events observed, severity=high, outcome=score_penalized.",15061739-fdae-4d1f-a5e7-bc66306e59ef,"2026-08-30 15:27:00"
aeb1e686-a29e-48c1-9449-a2ab5b127115,d638fc2f-0cc2-4374-9d53-5e8b225119e3,6cbbd2a8-3b8c-458f-a1c8-752e664a643f,medium,warned,"Synthetic case for presentation: 2 events observed, severity=medium, outcome=warned.",90b1b286-043f-4b76-92e4-23c74608f5ea,"2026-08-31 15:36:00"
f8a001b4-1772-49b6-b9a1-3c8b39617a13,e553cb62-5f2f-4d43-bf8f-f061d52cb3cf,7fa5d931-ac08-4c68-9c9b-6508d3eab194,high,score_penalized,"Synthetic case for presentation: 3 events observed, severity=high, outcome=score_penalized.",90b1b286-043f-4b76-92e4-23c74608f5ea,"2026-08-29 15:00:00"
cbfc8d93-7e7d-4d57-9ff7-fa23cb76e3bc,e553cb62-5f2f-4d43-bf8f-f061d52cb3cf,6c9f507e-0803-48d8-93d8-9528cfc8aaa3,high,score_penalized,"Synthetic case for presentation: 1 events observed, severity=high, outcome=score_penalized.",8d7276f0-ef95-46ac-bdae-8e62a711336b,"2026-08-30 15:09:00"
71038801-e2f2-44ab-93ac-8718b129f12e,e553cb62-5f2f-4d43-bf8f-f061d52cb3cf,97d85240-ec46-438b-a848-709fb5be4eef,medium,warned,"Synthetic case for presentation: 2 events observed, severity=medium, outcome=warned.",8d7276f0-ef95-46ac-bdae-8e62a711336b,"2026-08-31 15:18:00"
a337b8e2-96ca-4afb-b5ab-531a6fcf2b4d,e553cb62-5f2f-4d43-bf8f-f061d52cb3cf,2c02e046-1571-45c8-9952-5055e8be2947,critical,invalidated,"Synthetic case for presentation: 3 events observed, severity=critical, outcome=invalidated.",8d7276f0-ef95-46ac-bdae-8e62a711336b,"2026-09-01 15:27:00"
c1b78b5b-1511-46db-a52c-73a9f48dac6a,e553cb62-5f2f-4d43-bf8f-f061d52cb3cf,034ca072-0a91-42d9-9396-1178d79b5011,low,pending,"Synthetic case for presentation: 1 events observed, severity=low, outcome=pending.",,
aa26a99b-ed31-4917-9ef6-6614e0505a42,03739a35-2a35-4e82-ba78-bdc0f35de338,0708dd24-6d07-479d-8372-976781c27906,medium,warned,"Synthetic case for presentation: 2 events observed, severity=medium, outcome=warned.",90b1b286-043f-4b76-92e4-23c74608f5ea,"2026-08-31 15:00:00"
8fa270ef-deb4-44cb-bf47-8583cae697bc,03739a35-2a35-4e82-ba78-bdc0f35de338,c50fafce-a287-4a78-aac0-71c91bfc8d25,critical,invalidated,"Synthetic case for presentation: 3 events observed, severity=critical, outcome=invalidated.",6a5daf8c-78c0-4eac-b448-0db6be6b1889,"2026-09-01 15:09:00"
b9022509-3601-4b85-9db6-4ab12fac752d,03739a35-2a35-4e82-ba78-bdc0f35de338,6f5934fb-1b80-4bc3-9c6e-4008e610666c,low,pending,"Synthetic case for presentation: 1 events observed, severity=low, outcome=pending.",,
ac7d0f2e-782a-44df-b183-1f6ca5d78566,03739a35-2a35-4e82-ba78-bdc0f35de338,bbee8ecd-1d12-4d01-b418-5f7862f00dfd,medium,warned,"Synthetic case for presentation: 2 events observed, severity=medium, outcome=warned.",6a5daf8c-78c0-4eac-b448-0db6be6b1889,"2026-09-03 15:27:00"
421bfd97-a787-492c-9ab5-8f920dd4773c,03739a35-2a35-4e82-ba78-bdc0f35de338,9a66cd37-91cd-4e48-b5dd-6375aa02b87c,high,score_penalized,"Synthetic case for presentation: 3 events observed, severity=high, outcome=score_penalized.",90b1b286-043f-4b76-92e4-23c74608f5ea,"2026-09-04 15:36:00"
c1c7e044-bcb5-4514-9fcf-9c311f32686f,d2754449-984a-4bbb-929c-76cec9d91283,fdfc8d43-54d9-4aa7-bf13-89d834d14352,low,pending,"Synthetic case for presentation: 1 events observed, severity=low, outcome=pending.",,
262fb923-24b6-4412-afa9-daa9469598ee,d2754449-984a-4bbb-929c-76cec9d91283,052ea7c2-123e-4af7-9de5-b50c724e89e4,medium,warned,"Synthetic case for presentation: 2 events observed, severity=medium, outcome=warned.",dab9636f-31dc-49c5-8a61-3580b7f20fbf,"2026-09-03 15:09:00"
b52a8245-7bb2-4dcb-bf0e-0928af6f4027,d2754449-984a-4bbb-929c-76cec9d91283,5492c71f-7e2d-48e8-b549-9860d2463cf4,high,score_penalized,"Synthetic case for presentation: 3 events observed, severity=high, outcome=score_penalized.",dab9636f-31dc-49c5-8a61-3580b7f20fbf,"2026-09-04 15:18:00"
fe247cb4-902d-422e-bde8-1b4092b6bf4d,d2754449-984a-4bbb-929c-76cec9d91283,e330b90d-e61c-46fe-8b5b-e5ac26ced936,low,pending,"Synthetic case for presentation: 1 events observed, severity=low, outcome=pending.",,
7def596f-a6e0-4e8b-9654-ec47c39e5a10,d2754449-984a-4bbb-929c-76cec9d91283,d278526e-ad62-4e9e-9273-eb959d3f315d,high,score_penalized,"Synthetic case for presentation: 2 events observed, severity=high, outcome=score_penalized.",90b1b286-043f-4b76-92e4-23c74608f5ea,"2026-09-06 15:36:00"
77378916-4a7d-4013-9366-10fe2f8b1d57,e47dea8a-b97a-4659-851b-274a8a30c8e9,b27272f0-e43d-4fb3-bc9c-14a142efbd6d,high,score_penalized,"Synthetic case for presentation: 3 events observed, severity=high, outcome=score_penalized.",90b1b286-043f-4b76-92e4-23c74608f5ea,"2026-09-04 15:00:00"
1a253a18-4c2d-40b8-8da8-da5a520f9ca8,e47dea8a-b97a-4659-851b-274a8a30c8e9,6bfcbee5-93e8-4a12-9908-2e2399605642,low,pending,"Synthetic case for presentation: 1 events observed, severity=low, outcome=pending.",,
2243c0c1-9103-4e20-9337-7e6d804448ee,e47dea8a-b97a-4659-851b-274a8a30c8e9,cdb64054-b627-4703-89d1-fbd6850dda25,high,score_penalized,"Synthetic case for presentation: 2 events observed, severity=high, outcome=score_penalized.",dcbc9c04-4d3b-410f-9169-f671de827bec,"2026-09-06 15:18:00"
559841de-ed36-48d0-a3e2-d6454c99f1b7,e47dea8a-b97a-4659-851b-274a8a30c8e9,3a4014c1-9498-4a79-b1db-fcbb19656e35,high,score_penalized,"Synthetic case for presentation: 3 events observed, severity=high, outcome=score_penalized.",dcbc9c04-4d3b-410f-9169-f671de827bec,"2026-09-07 15:27:00"
8866d78f-e168-49d7-9dd3-566f8bee65c9,e47dea8a-b97a-4659-851b-274a8a30c8e9,7524de1b-d711-4432-98e1-15a8779afe29,low,pending,"Synthetic case for presentation: 1 events observed, severity=low, outcome=pending.",,
9432db47-cc08-47e7-b40d-b7ee7486392c,b9bac23e-c5f9-45dc-882b-052992431721,19a9e080-eea9-435f-9cc2-0d767ab09193,high,score_penalized,"Synthetic case for presentation: 2 events observed, severity=high, outcome=score_penalized.",90b1b286-043f-4b76-92e4-23c74608f5ea,"2026-09-06 15:00:00"
6382c99b-e5ac-4b43-8477-1c448123c291,b9bac23e-c5f9-45dc-882b-052992431721,34959f14-325f-4d7e-baf3-361e05517870,high,score_penalized,"Synthetic case for presentation: 3 events observed, severity=high, outcome=score_penalized.",8f288020-84b5-4ab5-8612-b2f41f937deb,"2026-09-07 15:09:00"
fa1d19bb-caa0-483a-b02a-bf605e84b423,b9bac23e-c5f9-45dc-882b-052992431721,154fad09-cc36-412f-8f9e-89a150cd134f,low,pending,"Synthetic case for presentation: 1 events observed, severity=low, outcome=pending.",,
6766e774-f7d8-49cd-9dec-d0c6a56f0bf5,b9bac23e-c5f9-45dc-882b-052992431721,cfe6205f-ae7e-4c69-bc91-60e57ed02eb2,medium,warned,"Synthetic case for presentation: 2 events observed, severity=medium, outcome=warned.",8f288020-84b5-4ab5-8612-b2f41f937deb,"2026-09-09 15:27:00"
239fba62-680a-4d71-8ce9-1656fb2af721,b9bac23e-c5f9-45dc-882b-052992431721,10bb116f-c203-4c45-96bd-2b8b91a9b8ec,high,score_penalized,"Synthetic case for presentation: 3 events observed, severity=high, outcome=score_penalized.",90b1b286-043f-4b76-92e4-23c74608f5ea,"2026-09-10 15:36:00"
1617ab3f-2aed-4e9a-b75d-f59f6c261d15,c51a3232-976b-4880-b8ce-9f9636a18d93,cd02770e-60dd-436d-b18b-ece7ece633cd,low,pending,"Synthetic case for presentation: 1 events observed, severity=low, outcome=pending.",,
1441938f-f326-4db8-b352-6717ffa8adff,c51a3232-976b-4880-b8ce-9f9636a18d93,1e70646b-f284-4df6-974c-51fe14184ad5,medium,warned,"Synthetic case for presentation: 2 events observed, severity=medium, outcome=warned.",4c44ac16-d278-4934-bff0-08c3b436d005,"2026-09-09 15:09:00"
3d009b6e-5df2-40c6-be58-d77d425d0de3,c51a3232-976b-4880-b8ce-9f9636a18d93,d5143ee0-8066-440d-ba01-7db1661d74d8,high,score_penalized,"Synthetic case for presentation: 3 events observed, severity=high, outcome=score_penalized.",4c44ac16-d278-4934-bff0-08c3b436d005,"2026-09-10 15:18:00"
95c5042e-71a8-47f2-ba66-43e025947bbe,c51a3232-976b-4880-b8ce-9f9636a18d93,284781b4-6852-4cb4-8f0c-fc5213c71108,high,score_penalized,"Synthetic case for presentation: 1 events observed, severity=high, outcome=score_penalized.",4c44ac16-d278-4934-bff0-08c3b436d005,"2026-09-11 15:27:00"
31f90662-1ae0-4cc0-a08d-212eef28e1e9,c51a3232-976b-4880-b8ce-9f9636a18d93,68bf2e6a-fde2-4b02-8428-fa161ee50fe2,medium,warned,"Synthetic case for presentation: 2 events observed, severity=medium, outcome=warned.",90b1b286-043f-4b76-92e4-23c74608f5ea,"2026-09-12 15:36:00"
808b1f80-9ff5-4e22-8952-c3515ed7d8b1,75b0b037-4851-4653-8be5-9e962a43e99b,0bb87de7-dfdd-4f46-968c-8b25625cd3f1,high,score_penalized,"Synthetic case for presentation: 3 events observed, severity=high, outcome=score_penalized.",90b1b286-043f-4b76-92e4-23c74608f5ea,"2026-09-10 15:00:00"
8e188c28-56b1-40fd-be8a-e4040a7a9a09,75b0b037-4851-4653-8be5-9e962a43e99b,75ecb226-f805-4057-90da-bdc06b7181d7,high,score_penalized,"Synthetic case for presentation: 1 events observed, severity=high, outcome=score_penalized.",72a68af1-ab6c-482c-8a93-b2f012cad691,"2026-09-11 15:09:00"
ab87d84b-8b94-4080-9eba-e9bfe986f233,75b0b037-4851-4653-8be5-9e962a43e99b,f58276c9-7cc5-48a7-b6b1-be6150ae740d,medium,warned,"Synthetic case for presentation: 2 events observed, severity=medium, outcome=warned.",72a68af1-ab6c-482c-8a93-b2f012cad691,"2026-09-12 15:18:00"
f163f1cd-8565-4583-9d9a-d7ff52a71eb4,75b0b037-4851-4653-8be5-9e962a43e99b,b9ab2807-aca3-47bd-b260-af2e2f8233bf,critical,invalidated,"Synthetic case for presentation: 3 events observed, severity=critical, outcome=invalidated.",72a68af1-ab6c-482c-8a93-b2f012cad691,"2026-09-13 15:27:00"
06340277-bead-461d-a52a-8130cb9a0baa,75b0b037-4851-4653-8be5-9e962a43e99b,2b27ba58-a160-4760-b77b-c13a5661360f,low,pending,"Synthetic case for presentation: 1 events observed, severity=low, outcome=pending.",,
9ef027be-71cc-4cd5-88d5-f2cc4b37cd71,74b0414b-a17a-489e-a760-05c679e06ef8,688f6c74-a507-415a-a9a7-f68d68394315,medium,warned,"Synthetic case for presentation: 2 events observed, severity=medium, outcome=warned.",90b1b286-043f-4b76-92e4-23c74608f5ea,"2026-09-12 15:00:00"
fe3fc141-2758-4476-b159-b2b85bd9275a,74b0414b-a17a-489e-a760-05c679e06ef8,e19405f7-c809-40c5-a269-a8d69565b2f5,critical,invalidated,"Synthetic case for presentation: 3 events observed, severity=critical, outcome=invalidated.",9514dca2-e4aa-44df-82f0-4dd0ae4b90bc,"2026-09-13 15:09:00"
9a584b1a-7dfb-4cc2-8f14-6e5d93111b50,74b0414b-a17a-489e-a760-05c679e06ef8,1efbb43b-32c1-4257-9bcd-76999140d707,low,pending,"Synthetic case for presentation: 1 events observed, severity=low, outcome=pending.",,
2f46b1a2-b792-4400-9a65-bb033b157d9b,74b0414b-a17a-489e-a760-05c679e06ef8,93767507-9e8e-47b2-9d33-811e3910900d,medium,warned,"Synthetic case for presentation: 2 events observed, severity=medium, outcome=warned.",9514dca2-e4aa-44df-82f0-4dd0ae4b90bc,"2026-09-15 15:27:00"
61bd6ae8-208d-4990-831e-d4403647ff65,74b0414b-a17a-489e-a760-05c679e06ef8,8ba8b309-848d-4bc9-a6ac-1ae288b95741,high,score_penalized,"Synthetic case for presentation: 3 events observed, severity=high, outcome=score_penalized.",90b1b286-043f-4b76-92e4-23c74608f5ea,"2026-09-16 15:36:00"
688d0f9c-cbf7-45d9-a143-5c7362902ffe,fc9f11ec-1be0-4fd3-942e-0f46d27434d8,08719e92-936a-43df-b67c-0f2f716b0c22,low,pending,"Synthetic case for presentation: 1 events observed, severity=low, outcome=pending.",,
06fb04ee-0525-4a68-8c21-d03539c5c420,fc9f11ec-1be0-4fd3-942e-0f46d27434d8,e5e4a518-3a36-47e1-8e41-9a79f39a80a5,medium,warned,"Synthetic case for presentation: 2 events observed, severity=medium, outcome=warned.",c3368488-cb09-4ddd-834b-4cc70db0c6b6,"2026-09-15 15:09:00"
db77e5b0-04d1-4935-933c-cf20e41a390e,fc9f11ec-1be0-4fd3-942e-0f46d27434d8,3dcb2b0e-d99f-44ca-b15f-26a925b61570,high,score_penalized,"Synthetic case for presentation: 3 events observed, severity=high, outcome=score_penalized.",c3368488-cb09-4ddd-834b-4cc70db0c6b6,"2026-09-16 15:18:00"
9c97ea8d-8817-4c58-9dd0-0593f4172e03,fc9f11ec-1be0-4fd3-942e-0f46d27434d8,ae43fafa-c04e-45cb-b97e-6836ddbecd47,low,pending,"Synthetic case for presentation: 1 events observed, severity=low, outcome=pending.",,
28e00397-4666-42ba-83ce-39a99b1f03b7,fc9f11ec-1be0-4fd3-942e-0f46d27434d8,82f0cf88-6fa8-4984-95e3-f6f16c7bb01d,high,score_penalized,"Synthetic case for presentation: 2 events observed, severity=high, outcome=score_penalized.",90b1b286-043f-4b76-92e4-23c74608f5ea,"2026-09-18 15:36:00"
4f94a021-33f7-4952-ab96-c69f9cd2082a,0dbd404f-88ee-4b02-a246-0a1d87d2843f,bcbd0115-b1b0-4fe0-8795-fe224108a151,high,score_penalized,"Synthetic case for presentation: 3 events observed, severity=high, outcome=score_penalized.",90b1b286-043f-4b76-92e4-23c74608f5ea,"2026-09-16 15:00:00"
6d289733-894e-43db-a5b9-28d6c0f8152d,0dbd404f-88ee-4b02-a246-0a1d87d2843f,8b16a4f6-1e6b-4036-9f11-f48927a475fa,low,pending,"Synthetic case for presentation: 1 events observed, severity=low, outcome=pending.",,
cd8f68a2-1ee1-484f-9e96-8ef30bb38057,0dbd404f-88ee-4b02-a246-0a1d87d2843f,54a6913d-a4ec-4ee8-9e6d-b9089a18e91c,high,score_penalized,"Synthetic case for presentation: 2 events observed, severity=high, outcome=score_penalized.",dcdb19cf-4d62-4c9d-85ba-a52737d557a7,"2026-09-18 15:18:00"
595d4a69-bc2b-4cc8-ae63-87972620e9d1,0dbd404f-88ee-4b02-a246-0a1d87d2843f,ac00672f-cf5f-4b8b-b1b8-b40d74db8533,high,score_penalized,"Synthetic case for presentation: 3 events observed, severity=high, outcome=score_penalized.",dcdb19cf-4d62-4c9d-85ba-a52737d557a7,"2026-09-19 15:27:00"
eaee9561-2268-4abd-a6e9-9b2d295001da,0dbd404f-88ee-4b02-a246-0a1d87d2843f,f4b904f8-cebe-491e-9d56-aa6c6a579731,low,pending,"Synthetic case for presentation: 1 events observed, severity=low, outcome=pending.",,
41209a41-0cb6-4791-bd15-1ec00542f79d,50c7c087-3881-4be2-a5f0-0c2eac08d25f,d16b2a1f-f850-4b31-9a30-31fed8d634e3,high,score_penalized,"Synthetic case for presentation: 2 events observed, severity=high, outcome=score_penalized.",90b1b286-043f-4b76-92e4-23c74608f5ea,"2026-09-18 15:00:00"
f847a0d0-92b5-4b08-af52-7c4dac6d0e1f,50c7c087-3881-4be2-a5f0-0c2eac08d25f,e8b2aa85-8697-4e78-9df7-7e6df93ed925,high,score_penalized,"Synthetic case for presentation: 3 events observed, severity=high, outcome=score_penalized.",6502c8c8-7a6e-4419-aa03-a938712cac1c,"2026-09-19 15:09:00"
6a9f7a7f-efba-4ca5-9be4-bf80858b47b8,50c7c087-3881-4be2-a5f0-0c2eac08d25f,d7680c61-ca9b-4dd5-bc89-29ec814a83e5,low,pending,"Synthetic case for presentation: 1 events observed, severity=low, outcome=pending.",,
cec569b8-65ee-43bb-8977-80cbbb8acba6,50c7c087-3881-4be2-a5f0-0c2eac08d25f,8f0ba98f-05ba-419a-8fdd-a43284a503e9,medium,warned,"Synthetic case for presentation: 2 events observed, severity=medium, outcome=warned.",6502c8c8-7a6e-4419-aa03-a938712cac1c,"2026-08-27 15:27:00"
4900ddf2-1fe8-4cd2-a124-28a11f28e4f9,50c7c087-3881-4be2-a5f0-0c2eac08d25f,0daad751-53ec-4673-b363-710bb4a70c70,high,score_penalized,"Synthetic case for presentation: 3 events observed, severity=high, outcome=score_penalized.",90b1b286-043f-4b76-92e4-23c74608f5ea,"2026-08-28 15:36:00"
cc83c127-8ff3-43eb-b23e-209161b6dbeb,6abb8f98-482f-458f-9c88-a77eb1816ab9,72acc876-22ea-4c01-8b6b-8745e5f1f303,low,pending,"Synthetic case for presentation: 1 events observed, severity=low, outcome=pending.",,
16814d41-e88c-4b6f-ad62-5e3768026d40,6abb8f98-482f-458f-9c88-a77eb1816ab9,0fd10346-6192-48d4-be80-e9e5168cc4ec,medium,warned,"Synthetic case for presentation: 2 events observed, severity=medium, outcome=warned.",53ed5075-5193-4f0f-8d9e-465de9b34160,"2026-08-27 15:09:00"
7bbb23ed-bb41-4c37-876e-c19c65f3c3ea,6abb8f98-482f-458f-9c88-a77eb1816ab9,687f7d45-b47f-4342-82ad-9e9761992a54,high,score_penalized,"Synthetic case for presentation: 3 events observed, severity=high, outcome=score_penalized.",53ed5075-5193-4f0f-8d9e-465de9b34160,"2026-08-28 15:18:00"
4de3f7a7-f20b-4be1-96e9-4403924616ea,6abb8f98-482f-458f-9c88-a77eb1816ab9,4f8bb9fb-c1e6-4a56-95f3-0403a78cf749,high,score_penalized,"Synthetic case for presentation: 1 events observed, severity=high, outcome=score_penalized.",53ed5075-5193-4f0f-8d9e-465de9b34160,"2026-08-29 15:27:00"
fb388d37-ee6d-4c99-85bd-b839eb061545,6abb8f98-482f-458f-9c88-a77eb1816ab9,eccaed6b-9aa9-44b4-b986-321be59b92c3,medium,warned,"Synthetic case for presentation: 2 events observed, severity=medium, outcome=warned.",90b1b286-043f-4b76-92e4-23c74608f5ea,"2026-08-30 15:36:00"
e20b582a-ad93-478f-8a86-7f703d386584,75e8f37b-3cac-4077-9ac1-d1d02bfe1ac1,33ad7757-0b6d-4c9a-9565-d13b31ff2e31,high,score_penalized,"Synthetic case for presentation: 3 events observed, severity=high, outcome=score_penalized.",90b1b286-043f-4b76-92e4-23c74608f5ea,"2026-08-28 15:00:00"
a8d53512-ba0e-4832-ab2b-9b3e6cbae363,75e8f37b-3cac-4077-9ac1-d1d02bfe1ac1,b6aa537b-382e-4aff-a3fc-243e9461ed91,high,score_penalized,"Synthetic case for presentation: 1 events observed, severity=high, outcome=score_penalized.",4bdec1f5-0761-4af7-84dd-be4f693d3e2e,"2026-08-29 15:09:00"
51c89635-52fb-4588-8ebc-9f638fcd3d5a,75e8f37b-3cac-4077-9ac1-d1d02bfe1ac1,13c439e4-3616-4234-ba68-1a1325400aed,medium,warned,"Synthetic case for presentation: 2 events observed, severity=medium, outcome=warned.",4bdec1f5-0761-4af7-84dd-be4f693d3e2e,"2026-08-30 15:18:00"
2a7e2023-b875-48d0-8b6f-4283ccdd9191,75e8f37b-3cac-4077-9ac1-d1d02bfe1ac1,e19d0a1f-16f3-4dd3-9f30-ceb5e9844357,critical,invalidated,"Synthetic case for presentation: 3 events observed, severity=critical, outcome=invalidated.",4bdec1f5-0761-4af7-84dd-be4f693d3e2e,"2026-08-31 15:27:00"
a2eeef95-9d36-4695-94e5-a810c3aeae3e,75e8f37b-3cac-4077-9ac1-d1d02bfe1ac1,dfc321e5-ef4b-44c7-8432-3a5eac7f65b8,low,pending,"Synthetic case for presentation: 1 events observed, severity=low, outcome=pending.",,
d77f17bc-d736-4082-a499-afceb547c985,90f74d1d-0df2-469d-a536-fba5e7090c2f,84dea0d9-c0e2-4a20-9dbc-f76d1736455d,medium,warned,"Synthetic case for presentation: 2 events observed, severity=medium, outcome=warned.",90b1b286-043f-4b76-92e4-23c74608f5ea,"2026-08-30 15:00:00"
1d27bf8e-0f99-4171-94c0-1b7f5aafbe86,90f74d1d-0df2-469d-a536-fba5e7090c2f,4901e2dc-1da4-49f1-b86a-932af98bd48c,critical,invalidated,"Synthetic case for presentation: 3 events observed, severity=critical, outcome=invalidated.",f568ee94-92d9-4047-8700-1fc1fec0fd11,"2026-08-31 15:09:00"
ceefcb30-138e-49c4-a6fb-b31353059186,90f74d1d-0df2-469d-a536-fba5e7090c2f,c902d667-393c-4258-8299-7a6157d8e6d1,low,pending,"Synthetic case for presentation: 1 events observed, severity=low, outcome=pending.",,
fb966a6e-6a8f-4a2d-ac51-058aec59c422,90f74d1d-0df2-469d-a536-fba5e7090c2f,e6d2f6ae-39a9-416f-b562-716d548a5ea8,medium,warned,"Synthetic case for presentation: 2 events observed, severity=medium, outcome=warned.",f568ee94-92d9-4047-8700-1fc1fec0fd11,"2026-09-02 15:27:00"
947146c9-161a-4f4c-bf48-dc0b3c7cb6fa,90f74d1d-0df2-469d-a536-fba5e7090c2f,5d3bdc01-4ad3-4f04-8e21-5602b7dd8d6d,high,score_penalized,"Synthetic case for presentation: 3 events observed, severity=high, outcome=score_penalized.",90b1b286-043f-4b76-92e4-23c74608f5ea,"2026-09-03 15:36:00"
1e6df185-3275-4197-9977-99ba610b691c,989986f9-0789-4bff-aec8-8311a40f3530,623dd77b-dea6-4329-8554-b32b8a305192,low,pending,"Synthetic case for presentation: 1 events observed, severity=low, outcome=pending.",,
7b29cb5c-d26a-455f-ba80-5521c53df2df,989986f9-0789-4bff-aec8-8311a40f3530,ae39eece-ba70-45db-9fb8-dbe7b531ba07,medium,warned,"Synthetic case for presentation: 2 events observed, severity=medium, outcome=warned.",f911a8d8-6078-49b3-8a99-8a8751393da8,"2026-09-02 15:09:00"
672fb82b-0ab6-40ea-9fb2-fd5325ea0f27,989986f9-0789-4bff-aec8-8311a40f3530,54cc69d7-6eb0-485b-b24e-6fce30b2709c,high,score_penalized,"Synthetic case for presentation: 3 events observed, severity=high, outcome=score_penalized.",f911a8d8-6078-49b3-8a99-8a8751393da8,"2026-09-03 15:18:00"
c1c840cf-6404-492c-82f4-82ba38ca1934,989986f9-0789-4bff-aec8-8311a40f3530,f4a62497-545f-4671-864c-454f19dc38e5,low,pending,"Synthetic case for presentation: 1 events observed, severity=low, outcome=pending.",,
e9d823ce-34c6-4208-a563-6e7f3bd90b82,989986f9-0789-4bff-aec8-8311a40f3530,cc1b2564-4c3f-4500-b679-03cd3504852e,high,score_penalized,"Synthetic case for presentation: 2 events observed, severity=high, outcome=score_penalized.",90b1b286-043f-4b76-92e4-23c74608f5ea,"2026-09-05 15:36:00"
6a889a53-a172-4036-ab2f-b7cecce6ea31,3b0411f8-b7b2-4182-aa73-54d28827a0a9,cda21c2a-e760-4ac7-ad59-f765a9a09e90,high,score_penalized,"Synthetic case for presentation: 3 events observed, severity=high, outcome=score_penalized.",90b1b286-043f-4b76-92e4-23c74608f5ea,"2026-09-03 15:00:00"
49569c14-6639-4687-bf4a-68da182c6832,3b0411f8-b7b2-4182-aa73-54d28827a0a9,c14478d1-7923-481c-9725-3c64bbca98be,low,pending,"Synthetic case for presentation: 1 events observed, severity=low, outcome=pending.",,
2ca66bf3-fddb-4b8b-9e0f-6284d8bd2ef3,3b0411f8-b7b2-4182-aa73-54d28827a0a9,7a85f295-64aa-45b5-8ec9-62fdb820305a,high,score_penalized,"Synthetic case for presentation: 2 events observed, severity=high, outcome=score_penalized.",6dd3edf1-e61c-4267-a00b-bc8a2fc9c8ba,"2026-09-05 15:18:00"
1569db78-a8c3-4275-89dc-b3df678055d7,3b0411f8-b7b2-4182-aa73-54d28827a0a9,e8cc30a5-bba3-4995-b5b8-12ea13c3ad02,high,score_penalized,"Synthetic case for presentation: 3 events observed, severity=high, outcome=score_penalized.",6dd3edf1-e61c-4267-a00b-bc8a2fc9c8ba,"2026-09-06 15:27:00"
3a76e6d9-f41d-498d-8c78-9a3a705f7df4,3b0411f8-b7b2-4182-aa73-54d28827a0a9,c7baa111-01cb-40b8-aac7-c5d0f68ca7a4,low,pending,"Synthetic case for presentation: 1 events observed, severity=low, outcome=pending.",,
4186fc45-dca6-40d9-85f9-e345272788a9,ed435bb2-c36e-462b-81f0-837df50cb502,877f8387-a435-484c-804e-29cec0087af9,high,score_penalized,"Synthetic case for presentation: 2 events observed, severity=high, outcome=score_penalized.",90b1b286-043f-4b76-92e4-23c74608f5ea,"2026-09-05 15:00:00"
6c4e0571-d51e-46d9-b0ba-04c9b6f5f657,ed435bb2-c36e-462b-81f0-837df50cb502,96b39052-fec5-425b-bdfb-a2d6820afcc8,high,score_penalized,"Synthetic case for presentation: 3 events observed, severity=high, outcome=score_penalized.",cd235096-0ffc-4723-9877-22ad32c6ded7,"2026-09-06 15:09:00"
9297dbc0-fcda-4447-be26-07b5bfe62067,ed435bb2-c36e-462b-81f0-837df50cb502,c2e7902e-e10d-470a-b4ae-d22978b31f0e,low,pending,"Synthetic case for presentation: 1 events observed, severity=low, outcome=pending.",,
a6a1d120-fe04-40fc-b60b-52c211ce80b3,ed435bb2-c36e-462b-81f0-837df50cb502,4fb12882-8ec4-4458-8742-5d54416756e5,medium,warned,"Synthetic case for presentation: 2 events observed, severity=medium, outcome=warned.",cd235096-0ffc-4723-9877-22ad32c6ded7,"2026-09-08 15:27:00"
8139b518-5926-4cd0-b199-98dbf9f4a1b1,ed435bb2-c36e-462b-81f0-837df50cb502,2242a957-644c-4660-bae5-0fa405f481a2,high,score_penalized,"Synthetic case for presentation: 3 events observed, severity=high, outcome=score_penalized.",90b1b286-043f-4b76-92e4-23c74608f5ea,"2026-09-09 15:36:00"
578a9ce0-f244-46e1-9faa-b8c4705c53d8,479017ff-17a6-47be-ab65-51316c2643db,7c98964f-eff0-4448-87ad-7c44d388e374,low,pending,"Synthetic case for presentation: 1 events observed, severity=low, outcome=pending.",,
f8007a9d-9d53-49fd-9695-10edbc721fab,479017ff-17a6-47be-ab65-51316c2643db,1bd3dc53-4728-4a85-b33d-ff4a4350595c,medium,warned,"Synthetic case for presentation: 2 events observed, severity=medium, outcome=warned.",bc02c58d-adcb-4834-aacb-a75b04eadbdd,"2026-09-08 15:09:00"
5362ae38-5af1-4d0a-9d83-601a93c22059,479017ff-17a6-47be-ab65-51316c2643db,86d96e1e-276e-45a4-9cc3-2c52bbc28fc5,high,score_penalized,"Synthetic case for presentation: 3 events observed, severity=high, outcome=score_penalized.",bc02c58d-adcb-4834-aacb-a75b04eadbdd,"2026-09-09 15:18:00"
bcefaff2-1f29-46e9-bb5f-ff2b4df9e5f8,479017ff-17a6-47be-ab65-51316c2643db,d69cd038-4c85-4081-8d76-093f0515db83,high,score_penalized,"Synthetic case for presentation: 1 events observed, severity=high, outcome=score_penalized.",bc02c58d-adcb-4834-aacb-a75b04eadbdd,"2026-09-10 15:27:00"
17b9b53e-2a5e-4d9a-987e-7a6a46d00608,479017ff-17a6-47be-ab65-51316c2643db,cff6532a-e845-425a-8f62-24dca487b46d,medium,warned,"Synthetic case for presentation: 2 events observed, severity=medium, outcome=warned.",90b1b286-043f-4b76-92e4-23c74608f5ea,"2026-09-11 15:36:00"
450802f2-8a91-4cc9-afce-4ebf85a9932f,6bcba7c2-705f-4533-915b-1873b2626d84,a6c894b6-3e35-4274-be6b-5928c81b0f86,high,score_penalized,"Synthetic case for presentation: 3 events observed, severity=high, outcome=score_penalized.",90b1b286-043f-4b76-92e4-23c74608f5ea,"2026-09-09 15:00:00"
3385ff69-3fa9-415b-8a74-73f67a01fb66,6bcba7c2-705f-4533-915b-1873b2626d84,52471f13-973b-4131-a895-fe50419aeb0e,high,score_penalized,"Synthetic case for presentation: 1 events observed, severity=high, outcome=score_penalized.",751f813b-8b92-411f-9156-9892bb693abd,"2026-09-10 15:09:00"
d4b771af-925f-4ac0-af4b-20b3373c67a2,6bcba7c2-705f-4533-915b-1873b2626d84,5a1b4544-3d08-49aa-8804-248dff089a0d,medium,warned,"Synthetic case for presentation: 2 events observed, severity=medium, outcome=warned.",751f813b-8b92-411f-9156-9892bb693abd,"2026-09-11 15:18:00"
4c194077-dc6e-4365-af0f-5b2a0fcbf23f,6bcba7c2-705f-4533-915b-1873b2626d84,57399dfc-51bd-480f-b8d1-52ccff63326e,critical,invalidated,"Synthetic case for presentation: 3 events observed, severity=critical, outcome=invalidated.",751f813b-8b92-411f-9156-9892bb693abd,"2026-09-12 15:27:00"
3a21a553-d180-46f4-ab5b-4ade77ce07b9,6bcba7c2-705f-4533-915b-1873b2626d84,5c7ecf5e-a951-4b3a-8e4a-76890c2f284b,low,pending,"Synthetic case for presentation: 1 events observed, severity=low, outcome=pending.",,
96048b92-630a-44f4-add8-9693bca43adc,a5648238-2a64-46e8-95e1-6a9c27eee574,6f358575-4610-46fe-b9a1-e46b09e8e360,medium,warned,"Synthetic case for presentation: 2 events observed, severity=medium, outcome=warned.",90b1b286-043f-4b76-92e4-23c74608f5ea,"2026-09-11 15:00:00"
daba2814-c8f4-44bc-8e0f-e5d488ba2aa9,a5648238-2a64-46e8-95e1-6a9c27eee574,40e6f525-18fc-4eb1-8d28-61ee33290295,critical,invalidated,"Synthetic case for presentation: 3 events observed, severity=critical, outcome=invalidated.",7e2d729b-94f8-44a5-a0ba-880c1a1ce6fe,"2026-09-12 15:09:00"
4f62f49a-b1ae-45b1-94c4-7d6ee5dfb8eb,a5648238-2a64-46e8-95e1-6a9c27eee574,6884012b-8727-41bc-aed7-5e1d0c7e6843,low,pending,"Synthetic case for presentation: 1 events observed, severity=low, outcome=pending.",,
065a3e03-5cca-4550-a9ad-9ac78a7f6da2,a5648238-2a64-46e8-95e1-6a9c27eee574,9cacd713-8b78-4322-a901-061fdefd29b4,medium,warned,"Synthetic case for presentation: 2 events observed, severity=medium, outcome=warned.",7e2d729b-94f8-44a5-a0ba-880c1a1ce6fe,"2026-09-14 15:27:00"
05cd1dcd-8788-486f-a1ab-de08f13cf590,a5648238-2a64-46e8-95e1-6a9c27eee574,c904d657-e3d6-455c-b8e6-e0d24a6d2cdf,high,score_penalized,"Synthetic case for presentation: 3 events observed, severity=high, outcome=score_penalized.",90b1b286-043f-4b76-92e4-23c74608f5ea,"2026-09-15 15:36:00"
7ee90f41-1a3c-4e01-8cf9-0489af821bb0,9c9e54c5-7686-49c7-9bb4-5da2ad04e81b,5920407c-a7cd-4825-baee-9023e17df767,low,pending,"Synthetic case for presentation: 1 events observed, severity=low, outcome=pending.",,
55cd55bb-eae6-4615-9342-bd5e5ae76771,9c9e54c5-7686-49c7-9bb4-5da2ad04e81b,e8850110-430d-48d1-a919-b064b95ee96f,medium,warned,"Synthetic case for presentation: 2 events observed, severity=medium, outcome=warned.",6a4d7026-8934-4020-9f80-71d62ef5bd7d,"2026-09-14 15:09:00"
da6444e2-9aac-4a13-97a3-77fddb0362dc,9c9e54c5-7686-49c7-9bb4-5da2ad04e81b,eaa399cd-040c-4c78-9f8e-c95e955ccfa3,high,score_penalized,"Synthetic case for presentation: 3 events observed, severity=high, outcome=score_penalized.",6a4d7026-8934-4020-9f80-71d62ef5bd7d,"2026-09-15 15:18:00"
bfa3ef51-4239-4333-972f-8988d2520cd3,9c9e54c5-7686-49c7-9bb4-5da2ad04e81b,43d922a7-4c47-4440-bebf-3634552d92c9,low,pending,"Synthetic case for presentation: 1 events observed, severity=low, outcome=pending.",,
9fec9b33-b835-41a1-9484-c4c03c72c59e,9c9e54c5-7686-49c7-9bb4-5da2ad04e81b,26efe787-5bb5-4c1c-9e5d-04f48ab50496,high,score_penalized,"Synthetic case for presentation: 2 events observed, severity=high, outcome=score_penalized.",90b1b286-043f-4b76-92e4-23c74608f5ea,"2026-09-17 15:36:00"
e2cbaa69-d6d5-4c77-aa98-fbf01f58fc42,2fed948e-2883-42b5-870a-1af64fa26e17,3adc2461-6f41-497f-b31d-4bcbca551a10,high,score_penalized,"Synthetic case for presentation: 3 events observed, severity=high, outcome=score_penalized.",90b1b286-043f-4b76-92e4-23c74608f5ea,"2026-09-15 15:00:00"
f569b596-f29c-401a-8a1a-66aec58d9e8f,2fed948e-2883-42b5-870a-1af64fa26e17,a561277b-930c-4251-a71f-faaf7885fb4f,low,pending,"Synthetic case for presentation: 1 events observed, severity=low, outcome=pending.",,
e1f1b5a6-b44d-471d-b726-c49bb28846ae,2fed948e-2883-42b5-870a-1af64fa26e17,acd3998b-567c-48da-a33b-cf04833c4ac9,high,score_penalized,"Synthetic case for presentation: 2 events observed, severity=high, outcome=score_penalized.",e3342191-d2a3-4d70-9f17-536344f70536,"2026-09-17 15:18:00"
51be9056-0acf-43dc-90c0-97418ca215f1,2fed948e-2883-42b5-870a-1af64fa26e17,f568b0ae-6f39-4e0e-903d-b6f696bae31e,high,score_penalized,"Synthetic case for presentation: 3 events observed, severity=high, outcome=score_penalized.",e3342191-d2a3-4d70-9f17-536344f70536,"2026-09-18 15:27:00"
0c9081ce-8207-4ff1-b641-8a8c68ba2582,2fed948e-2883-42b5-870a-1af64fa26e17,aa91e34c-93e3-4a84-bae4-343f5320c0e8,low,pending,"Synthetic case for presentation: 1 events observed, severity=low, outcome=pending.",,
30cc76d3-f4eb-439e-a059-bda445d81e1c,135f0799-e524-47a6-85c9-a178b08534e3,6d4151c4-627c-497c-93bb-e08c0c5f4daf,high,score_penalized,"Synthetic case for presentation: 2 events observed, severity=high, outcome=score_penalized.",90b1b286-043f-4b76-92e4-23c74608f5ea,"2026-09-17 15:00:00"
3a89fae0-a682-4225-b944-53da165c0d16,135f0799-e524-47a6-85c9-a178b08534e3,62de298d-3a7e-4916-8a2d-2b89ebe64a85,high,score_penalized,"Synthetic case for presentation: 3 events observed, severity=high, outcome=score_penalized.",a7f7deae-1544-486b-9df4-60693138e332,"2026-09-18 15:09:00"
7e14da17-2fd9-48f5-9be5-6c9b1a60e574,135f0799-e524-47a6-85c9-a178b08534e3,4be192d5-0522-4ec0-8c30-0638b79c815b,low,pending,"Synthetic case for presentation: 1 events observed, severity=low, outcome=pending.",,
7e19776f-b76b-484f-b933-ca4a8136204d,135f0799-e524-47a6-85c9-a178b08534e3,2d7abc5a-b39f-4dc0-9d3c-99488f3e7856,medium,warned,"Synthetic case for presentation: 2 events observed, severity=medium, outcome=warned.",a7f7deae-1544-486b-9df4-60693138e332,"2026-08-26 15:27:00"
81ce7764-f506-4082-b868-73ce0482e400,135f0799-e524-47a6-85c9-a178b08534e3,0201a6fe-e2e8-48a4-b8b7-5954871aced9,high,score_penalized,"Synthetic case for presentation: 3 events observed, severity=high, outcome=score_penalized.",90b1b286-043f-4b76-92e4-23c74608f5ea,"2026-08-27 15:36:00"
bae3774d-0b55-4fa0-a122-27b6cd84cfae,8b550cb9-0a0a-42f0-aa8f-d42276b3bc4c,e871f2bd-1068-4560-84c9-b9f72d6848d6,low,pending,"Synthetic case for presentation: 1 events observed, severity=low, outcome=pending.",,
1fd23bc0-b352-4338-bf4a-93d8e5e10afa,8b550cb9-0a0a-42f0-aa8f-d42276b3bc4c,425febbe-deba-43af-ad20-e27859562e43,medium,warned,"Synthetic case for presentation: 2 events observed, severity=medium, outcome=warned.",dcb798b9-1fc3-4615-b000-2fe99bed8a85,"2026-08-26 15:09:00"
8428cca4-e7c6-483f-b4d3-8bc593295739,8b550cb9-0a0a-42f0-aa8f-d42276b3bc4c,547a6584-01f1-477f-8b30-ca674b5bdcab,high,score_penalized,"Synthetic case for presentation: 3 events observed, severity=high, outcome=score_penalized.",dcb798b9-1fc3-4615-b000-2fe99bed8a85,"2026-08-27 15:18:00"
599e559a-2ea4-4367-9a8b-18a628371edf,8b550cb9-0a0a-42f0-aa8f-d42276b3bc4c,264347a6-9b33-456f-bd25-90d4c83fb0d8,high,score_penalized,"Synthetic case for presentation: 1 events observed, severity=high, outcome=score_penalized.",dcb798b9-1fc3-4615-b000-2fe99bed8a85,"2026-08-28 15:27:00"
69d4cb56-fc2c-4c64-825c-3a2409aba8ae,8b550cb9-0a0a-42f0-aa8f-d42276b3bc4c,7bd72a97-bf73-46e7-a1fd-48e302cbbb60,medium,warned,"Synthetic case for presentation: 2 events observed, severity=medium, outcome=warned.",90b1b286-043f-4b76-92e4-23c74608f5ea,"2026-08-29 15:36:00"
2e702aa0-68e6-4a98-a308-07faac78d8ec,443fd6f4-fa70-4242-82fe-78aaacda2d77,3a5674e0-a1be-4280-8b22-a1a264f917ed,high,score_penalized,"Synthetic case for presentation: 3 events observed, severity=high, outcome=score_penalized.",90b1b286-043f-4b76-92e4-23c74608f5ea,"2026-08-27 15:00:00"
90649c37-0320-4881-a562-152e5bf92268,443fd6f4-fa70-4242-82fe-78aaacda2d77,aae31381-53e3-4422-ad72-6ab7e89cbbca,high,score_penalized,"Synthetic case for presentation: 1 events observed, severity=high, outcome=score_penalized.",53ee9b85-78a8-4fdf-87c2-ced275cce37b,"2026-08-28 15:09:00"
460b5eef-f53c-4370-bae9-9c11e3514c00,443fd6f4-fa70-4242-82fe-78aaacda2d77,f1c2a36c-fee9-4475-861a-3fbc53dd950a,medium,warned,"Synthetic case for presentation: 2 events observed, severity=medium, outcome=warned.",53ee9b85-78a8-4fdf-87c2-ced275cce37b,"2026-08-29 15:18:00"
723a1330-38c8-4c51-ba83-f4f2344a4520,443fd6f4-fa70-4242-82fe-78aaacda2d77,382fc32d-b300-41c1-a73a-6c6bf1a18360,critical,invalidated,"Synthetic case for presentation: 3 events observed, severity=critical, outcome=invalidated.",53ee9b85-78a8-4fdf-87c2-ced275cce37b,"2026-08-30 15:27:00"
eaa19979-90fe-4ba7-9fa7-6cbc4de2adbd,443fd6f4-fa70-4242-82fe-78aaacda2d77,e49e894b-b553-4c77-8a62-9227780a2a93,low,pending,"Synthetic case for presentation: 1 events observed, severity=low, outcome=pending.",,
57d29b37-475d-4b35-a563-ffaade95ee4b,d36ef136-479f-4516-a3f9-d0fa64d6ea20,9220534a-1785-43f4-94f4-bf7d47e94c58,medium,warned,"Synthetic case for presentation: 2 events observed, severity=medium, outcome=warned.",90b1b286-043f-4b76-92e4-23c74608f5ea,"2026-08-29 15:00:00"
21239149-9663-4a8d-91f6-60e155c7a678,d36ef136-479f-4516-a3f9-d0fa64d6ea20,13d2ebc1-81c3-4ce7-aa83-02c2bcd018bd,critical,invalidated,"Synthetic case for presentation: 3 events observed, severity=critical, outcome=invalidated.",76937f13-84b9-4516-9136-5caf862de22a,"2026-08-30 15:09:00"
fea8ea49-f4ff-44a0-a79a-3094ceb27a32,d36ef136-479f-4516-a3f9-d0fa64d6ea20,571d90f3-5c9b-4975-88be-e15f087838fd,low,pending,"Synthetic case for presentation: 1 events observed, severity=low, outcome=pending.",,
fd7f1304-c6aa-4d7d-bb49-8df559f56d6a,d36ef136-479f-4516-a3f9-d0fa64d6ea20,2c81523a-aa97-4d5e-b1a3-9b21befb07f1,medium,warned,"Synthetic case for presentation: 2 events observed, severity=medium, outcome=warned.",76937f13-84b9-4516-9136-5caf862de22a,"2026-09-01 15:27:00"
b0a41d4f-88ec-4042-b193-caca7d4b083d,d36ef136-479f-4516-a3f9-d0fa64d6ea20,8f559342-82a9-499c-8bda-2b996bbed6ec,high,score_penalized,"Synthetic case for presentation: 3 events observed, severity=high, outcome=score_penalized.",90b1b286-043f-4b76-92e4-23c74608f5ea,"2026-09-02 15:36:00"
326a83bd-2725-4914-94e7-13d34047fcbd,8be1e09f-0c65-4614-93e4-8bbf506b09ea,8af6b44f-aae4-48f3-bfe2-b378afd50575,low,pending,"Synthetic case for presentation: 1 events observed, severity=low, outcome=pending.",,
355f4b6e-7856-4fcd-8005-d3a21c02a95f,8be1e09f-0c65-4614-93e4-8bbf506b09ea,dc9e0c0d-7429-45e2-bf33-e2d9ca9a92db,medium,warned,"Synthetic case for presentation: 2 events observed, severity=medium, outcome=warned.",4114b9a4-ea70-4059-9ebd-bd7bd64741ad,"2026-09-01 15:09:00"
21a942d8-9e2b-449d-9df0-aa42dd60b66a,8be1e09f-0c65-4614-93e4-8bbf506b09ea,84992771-eb53-438c-a4d1-13a21986cef5,high,score_penalized,"Synthetic case for presentation: 3 events observed, severity=high, outcome=score_penalized.",4114b9a4-ea70-4059-9ebd-bd7bd64741ad,"2026-09-02 15:18:00"
b632c7d2-6463-492b-a40a-99f765956295,8be1e09f-0c65-4614-93e4-8bbf506b09ea,df96f758-914f-4e81-a1d6-dcd8fff73240,low,pending,"Synthetic case for presentation: 1 events observed, severity=low, outcome=pending.",,
9dc7e04b-6c91-4b2c-8777-33443421227e,8be1e09f-0c65-4614-93e4-8bbf506b09ea,7a44a4dc-1d7b-4104-a8ee-eddd0139245a,high,score_penalized,"Synthetic case for presentation: 2 events observed, severity=high, outcome=score_penalized.",90b1b286-043f-4b76-92e4-23c74608f5ea,"2026-09-04 15:36:00"
5f80224e-93c7-483a-845f-5157c1a8ff5f,e249e08e-266b-447c-bb86-9da4cf724435,b77cb189-d957-40ed-97b4-2bf1bfcde7d1,high,score_penalized,"Synthetic case for presentation: 3 events observed, severity=high, outcome=score_penalized.",90b1b286-043f-4b76-92e4-23c74608f5ea,"2026-09-02 15:00:00"
c8fde651-c42c-4819-b303-c2c20596a6be,e249e08e-266b-447c-bb86-9da4cf724435,1dfd4e3c-0050-432b-a540-a8a5a3ab9266,low,pending,"Synthetic case for presentation: 1 events observed, severity=low, outcome=pending.",,
5d4fb06d-827f-4433-9944-416873dedfad,e249e08e-266b-447c-bb86-9da4cf724435,373ed79d-6cb6-4ef2-9023-2114421fd559,high,score_penalized,"Synthetic case for presentation: 2 events observed, severity=high, outcome=score_penalized.",725afb4f-8349-425a-80fe-dc93344b36a9,"2026-09-04 15:18:00"
da60191f-8449-4aa9-b1b2-0142ae49ce87,e249e08e-266b-447c-bb86-9da4cf724435,5a5c3927-e23e-4fac-8ff3-f1add6fb46d7,high,score_penalized,"Synthetic case for presentation: 3 events observed, severity=high, outcome=score_penalized.",725afb4f-8349-425a-80fe-dc93344b36a9,"2026-09-05 15:27:00"
efe5d14a-f3b2-414a-80e0-567ac694db3e,e249e08e-266b-447c-bb86-9da4cf724435,bcdf545c-eac2-4b16-9cc2-0ef2ddbcc05e,low,pending,"Synthetic case for presentation: 1 events observed, severity=low, outcome=pending.",,
f891976a-aee6-4b0d-b40b-501fd6c28ae4,b1e7ad1f-6ee6-4c80-a368-31c9d9e0d3a2,4492e3ba-c60e-4c67-9bfd-1826d02a7a1b,high,score_penalized,"Synthetic case for presentation: 2 events observed, severity=high, outcome=score_penalized.",90b1b286-043f-4b76-92e4-23c74608f5ea,"2026-09-04 15:00:00"
d34a7402-0151-45a3-9441-79fb582aa002,b1e7ad1f-6ee6-4c80-a368-31c9d9e0d3a2,0ea477a3-ed5b-4412-864f-33277f0e4645,high,score_penalized,"Synthetic case for presentation: 3 events observed, severity=high, outcome=score_penalized.",9a52731e-504f-40cd-8f25-1c8aa910210a,"2026-09-05 15:09:00"
3383adaf-fe27-4e5f-9ce1-12421d26599e,b1e7ad1f-6ee6-4c80-a368-31c9d9e0d3a2,f9f01807-8da2-4f5a-8847-b42d15d1945b,low,pending,"Synthetic case for presentation: 1 events observed, severity=low, outcome=pending.",,
2f14fde8-a0e5-47bf-9b6a-6a381b6966b1,b1e7ad1f-6ee6-4c80-a368-31c9d9e0d3a2,3a2025c0-931e-41e8-b475-1471bf559991,medium,warned,"Synthetic case for presentation: 2 events observed, severity=medium, outcome=warned.",9a52731e-504f-40cd-8f25-1c8aa910210a,"2026-09-07 15:27:00"
9d75a6c5-1535-45a7-9c91-8666630f486b,b1e7ad1f-6ee6-4c80-a368-31c9d9e0d3a2,b0f68bc2-ec96-4163-a21b-3e76e4d6a219,high,score_penalized,"Synthetic case for presentation: 3 events observed, severity=high, outcome=score_penalized.",90b1b286-043f-4b76-92e4-23c74608f5ea,"2026-09-08 15:36:00"
b523d37a-705b-4599-bfc6-814e42d10b8b,68c7e0e0-6b39-4f8b-ad05-0a3b2bd859b8,503d9aa5-4d7a-4f28-8c7d-82093c35ee8c,low,pending,"Synthetic case for presentation: 1 events observed, severity=low, outcome=pending.",,
5b619acd-e6df-49a3-8999-d3debd563acc,68c7e0e0-6b39-4f8b-ad05-0a3b2bd859b8,db68a2d8-d9a1-4a54-b3d1-6c72ea4242dd,medium,warned,"Synthetic case for presentation: 2 events observed, severity=medium, outcome=warned.",bed9aba5-5a1a-46e8-bcb2-e9675f4aba4a,"2026-09-07 15:09:00"
b74b3228-1cc2-45b3-90a1-27950d539b9e,68c7e0e0-6b39-4f8b-ad05-0a3b2bd859b8,2e318f90-913c-4dd9-9198-175e357a9659,high,score_penalized,"Synthetic case for presentation: 3 events observed, severity=high, outcome=score_penalized.",bed9aba5-5a1a-46e8-bcb2-e9675f4aba4a,"2026-09-08 15:18:00"
76fba3f6-0fd8-49d9-8131-6ddedad45779,68c7e0e0-6b39-4f8b-ad05-0a3b2bd859b8,2db3b8f9-7df7-4c20-bd1b-c4808288947a,high,score_penalized,"Synthetic case for presentation: 1 events observed, severity=high, outcome=score_penalized.",bed9aba5-5a1a-46e8-bcb2-e9675f4aba4a,"2026-09-09 15:27:00"
f3a984e0-0a19-4c17-8238-7b4f1e38ef17,68c7e0e0-6b39-4f8b-ad05-0a3b2bd859b8,72edf252-324f-448d-87ef-18b35c685ee8,medium,warned,"Synthetic case for presentation: 2 events observed, severity=medium, outcome=warned.",90b1b286-043f-4b76-92e4-23c74608f5ea,"2026-09-10 15:36:00"
12a7fa6b-5b75-428e-ac61-1142bccb6c6b,f886f4cf-df08-414d-997e-1e5fd455853e,a467fe6a-bb52-469a-861a-5d5739657f8d,high,score_penalized,"Synthetic case for presentation: 3 events observed, severity=high, outcome=score_penalized.",90b1b286-043f-4b76-92e4-23c74608f5ea,"2026-09-08 15:00:00"
aeb2b32e-ee0e-44d5-b530-36d4be24070c,f886f4cf-df08-414d-997e-1e5fd455853e,91865171-f3a4-4728-8d61-e12bbf73f6b6,high,score_penalized,"Synthetic case for presentation: 1 events observed, severity=high, outcome=score_penalized.",5fde69ca-8e21-4f4c-9d08-907464cf2175,"2026-09-09 15:09:00"
a17d4d8f-8878-438b-a191-a3ec9d10c634,f886f4cf-df08-414d-997e-1e5fd455853e,6b12ed57-d356-4efe-98d1-e4028f174b5d,medium,warned,"Synthetic case for presentation: 2 events observed, severity=medium, outcome=warned.",5fde69ca-8e21-4f4c-9d08-907464cf2175,"2026-09-10 15:18:00"
1fadbc05-e243-49a2-b5e1-2560bd7829e2,f886f4cf-df08-414d-997e-1e5fd455853e,f97e51e7-e522-4493-909f-6c2594573f79,critical,invalidated,"Synthetic case for presentation: 3 events observed, severity=critical, outcome=invalidated.",5fde69ca-8e21-4f4c-9d08-907464cf2175,"2026-09-11 15:27:00"
cc5f7d23-a346-4747-9e53-3cf34beff20b,f886f4cf-df08-414d-997e-1e5fd455853e,b87cce12-66c1-40ff-941e-5def8d79684d,low,pending,"Synthetic case for presentation: 1 events observed, severity=low, outcome=pending.",,
7e66dacc-9d92-443d-8d7a-d1da880c55dd,df6933f6-ebf1-46a5-840d-e67306638509,dd1afa33-c63d-4df4-ad01-044c6aa4bce4,medium,warned,"Synthetic case for presentation: 2 events observed, severity=medium, outcome=warned.",90b1b286-043f-4b76-92e4-23c74608f5ea,"2026-09-10 15:00:00"
070b4305-0a91-4ab8-91ae-47bdff6ff541,df6933f6-ebf1-46a5-840d-e67306638509,b96dcf6d-7a86-44fc-b79b-6b90d7af74bd,critical,invalidated,"Synthetic case for presentation: 3 events observed, severity=critical, outcome=invalidated.",9a82c4f2-465d-436d-a938-6099b3abff44,"2026-09-11 15:09:00"
db7036c1-2dee-4355-b2f4-f60280d7cb87,df6933f6-ebf1-46a5-840d-e67306638509,743f97fa-289d-4316-8044-fa5b5c20cf15,low,pending,"Synthetic case for presentation: 1 events observed, severity=low, outcome=pending.",,
38add8d7-4b2d-4252-8752-05f38deacd9d,df6933f6-ebf1-46a5-840d-e67306638509,54457d5b-b062-4d3e-8adc-334e169ac939,medium,warned,"Synthetic case for presentation: 2 events observed, severity=medium, outcome=warned.",9a82c4f2-465d-436d-a938-6099b3abff44,"2026-09-13 15:27:00"
57d41bbd-f596-426f-9dde-c7324e22d4b8,df6933f6-ebf1-46a5-840d-e67306638509,5b12e5fb-8a26-4042-8f1b-1f7821d4478f,high,score_penalized,"Synthetic case for presentation: 3 events observed, severity=high, outcome=score_penalized.",90b1b286-043f-4b76-92e4-23c74608f5ea,"2026-09-14 15:36:00"
f05ab078-159b-4117-a107-b73355d905df,59f8eb3a-b685-49e6-92e9-f5d700832d18,da7485b2-fc6c-407e-87a3-f609ee836a15,low,pending,"Synthetic case for presentation: 1 events observed, severity=low, outcome=pending.",,
2d5bc15b-8998-4da4-9d67-3dd52571f3b6,59f8eb3a-b685-49e6-92e9-f5d700832d18,09947134-b02a-4e1d-98c0-7425ec02dff3,medium,warned,"Synthetic case for presentation: 2 events observed, severity=medium, outcome=warned.",ddb38983-3f63-4242-a02d-e52204ad34fd,"2026-09-13 15:09:00"
4e4d73c8-d201-4b72-994a-4a8c518d0440,59f8eb3a-b685-49e6-92e9-f5d700832d18,0ac48f93-f410-42c0-8be0-affc9cc97c8b,high,score_penalized,"Synthetic case for presentation: 3 events observed, severity=high, outcome=score_penalized.",ddb38983-3f63-4242-a02d-e52204ad34fd,"2026-09-14 15:18:00"
451f1604-80f5-4602-921c-95fd04543b47,59f8eb3a-b685-49e6-92e9-f5d700832d18,4e3295fc-c640-4822-9361-c27a0411fcf1,low,pending,"Synthetic case for presentation: 1 events observed, severity=low, outcome=pending.",,
b99316ac-138f-450f-bf87-e397fa2aef6e,59f8eb3a-b685-49e6-92e9-f5d700832d18,baac066e-d9bc-49f5-900a-b5ae586c4a2b,high,score_penalized,"Synthetic case for presentation: 2 events observed, severity=high, outcome=score_penalized.",90b1b286-043f-4b76-92e4-23c74608f5ea,"2026-09-16 15:36:00"
6e23cdcb-57cd-4d3d-ac0f-ee0c8dbc3312,69b0bec1-438e-4670-b26c-73320d9cde75,93873041-4e51-45da-ad5b-4afde5db6974,high,score_penalized,"Synthetic case for presentation: 3 events observed, severity=high, outcome=score_penalized.",90b1b286-043f-4b76-92e4-23c74608f5ea,"2026-09-14 15:00:00"
016f1cd2-7e53-4561-b592-a597e4189dd3,69b0bec1-438e-4670-b26c-73320d9cde75,b4e8b578-490c-47e9-972c-d99d279ff150,low,pending,"Synthetic case for presentation: 1 events observed, severity=low, outcome=pending.",,
c5b2a03c-e898-4846-bed0-159defeee16a,69b0bec1-438e-4670-b26c-73320d9cde75,a3a7a64c-c624-4cdd-af2d-8e871a21edd6,high,score_penalized,"Synthetic case for presentation: 2 events observed, severity=high, outcome=score_penalized.",595e340f-7a37-4fca-855c-3bb967ac8e46,"2026-09-16 15:18:00"
ef14c8a2-d9ad-4d02-adbd-de525d126dc7,69b0bec1-438e-4670-b26c-73320d9cde75,2286ddd1-4bba-4f89-8ebe-c66abf513fb9,high,score_penalized,"Synthetic case for presentation: 3 events observed, severity=high, outcome=score_penalized.",595e340f-7a37-4fca-855c-3bb967ac8e46,"2026-09-17 15:27:00"
f30bf2c2-508a-4118-ba20-e96ce4cf181c,69b0bec1-438e-4670-b26c-73320d9cde75,6c495481-0489-46d7-aff2-6add5fdb40b3,low,pending,"Synthetic case for presentation: 1 events observed, severity=low, outcome=pending.",,
eb3cb1a9-963f-4ef5-9583-054e5357911f,28b6040f-0923-4065-a4cc-3ca628aa0573,31ec147c-2f96-4783-b776-f7fd95d0cf4e,high,score_penalized,"Synthetic case for presentation: 2 events observed, severity=high, outcome=score_penalized.",90b1b286-043f-4b76-92e4-23c74608f5ea,"2026-09-16 15:00:00"
92ee37b7-0ae5-4416-a133-3ecaddf80227,28b6040f-0923-4065-a4cc-3ca628aa0573,83a44bd8-e9be-4239-a27f-433b7f2c1d7d,high,score_penalized,"Synthetic case for presentation: 3 events observed, severity=high, outcome=score_penalized.",3ad5ae5d-6be2-426f-809f-1150ff08aaa7,"2026-09-17 15:09:00"
b3bbef5d-3ad7-40a6-a04c-9e21239002a7,28b6040f-0923-4065-a4cc-3ca628aa0573,581afc2c-a8fa-433b-91e8-f0577c1d3537,low,pending,"Synthetic case for presentation: 1 events observed, severity=low, outcome=pending.",,
d7c05127-aa99-4ce7-8aa8-89edba2e6971,28b6040f-0923-4065-a4cc-3ca628aa0573,d139efb7-7671-4972-8f15-95e076e6bb4d,medium,warned,"Synthetic case for presentation: 2 events observed, severity=medium, outcome=warned.",3ad5ae5d-6be2-426f-809f-1150ff08aaa7,"2026-09-19 15:27:00"
8f2706d7-118c-4fd3-931f-746a12b2c528,28b6040f-0923-4065-a4cc-3ca628aa0573,ff832bb9-3414-4616-8024-7a1c1224b8da,high,score_penalized,"Synthetic case for presentation: 3 events observed, severity=high, outcome=score_penalized.",90b1b286-043f-4b76-92e4-23c74608f5ea,"2026-08-26 15:36:00"
19e73475-e680-4e9e-8d55-95150e9fed4f,a4f7fbeb-d353-4548-bad2-30a6e44a7715,8abd1270-0ea8-427e-a260-a5a8dcbe3cc4,low,pending,"Synthetic case for presentation: 1 events observed, severity=low, outcome=pending.",,
eafd8350-b2eb-4640-9fea-5e06fbb55796,a4f7fbeb-d353-4548-bad2-30a6e44a7715,3af27149-f3ce-49dd-8c60-0f5b95eef5e6,medium,warned,"Synthetic case for presentation: 2 events observed, severity=medium, outcome=warned.",c0215cce-ee68-4f82-88de-936e54683e50,"2026-09-19 15:09:00"
18338764-63b2-42a0-b19e-46b6252c6407,a4f7fbeb-d353-4548-bad2-30a6e44a7715,a66d5d83-b3d4-4f47-82d8-25ed6c3c1507,high,score_penalized,"Synthetic case for presentation: 3 events observed, severity=high, outcome=score_penalized.",c0215cce-ee68-4f82-88de-936e54683e50,"2026-08-26 15:18:00"
50b99229-0afe-4181-b840-7b4cea282ab0,a4f7fbeb-d353-4548-bad2-30a6e44a7715,56d1d163-9f77-4b25-94d7-98ce2e257611,high,score_penalized,"Synthetic case for presentation: 1 events observed, severity=high, outcome=score_penalized.",c0215cce-ee68-4f82-88de-936e54683e50,"2026-08-27 15:27:00"
731fd5b6-fd39-4020-983b-82d5933fb1ec,a4f7fbeb-d353-4548-bad2-30a6e44a7715,b6b6556c-e3bc-4314-ba91-8f0803cc665e,medium,warned,"Synthetic case for presentation: 2 events observed, severity=medium, outcome=warned.",90b1b286-043f-4b76-92e4-23c74608f5ea,"2026-08-28 15:36:00"
57689f94-bf37-4e1a-b1a4-70d69e3212fb,c3c6d55d-0c39-43e0-8816-a347330df2f7,6ad9bee9-de5a-4e22-ba74-0311cc948ab7,high,score_penalized,"Synthetic case for presentation: 3 events observed, severity=high, outcome=score_penalized.",90b1b286-043f-4b76-92e4-23c74608f5ea,"2026-08-26 15:00:00"
d7d15dce-945e-4284-b2d3-e80cd11779c8,c3c6d55d-0c39-43e0-8816-a347330df2f7,aa6bd93b-e534-4848-9e27-c62d0a6aecfe,high,score_penalized,"Synthetic case for presentation: 1 events observed, severity=high, outcome=score_penalized.",0c3076bc-d1a2-47f3-8ef1-8dcba12670ae,"2026-08-27 15:09:00"
c804306d-2a0e-4200-800e-61662a3573a0,c3c6d55d-0c39-43e0-8816-a347330df2f7,0d45d296-b7e6-4ab5-b561-033346dc3c79,medium,warned,"Synthetic case for presentation: 2 events observed, severity=medium, outcome=warned.",0c3076bc-d1a2-47f3-8ef1-8dcba12670ae,"2026-08-28 15:18:00"
a7938c8a-fb49-4e9a-aab6-0f5888f788a1,c3c6d55d-0c39-43e0-8816-a347330df2f7,1d1411d0-655d-4d0a-93c6-d470222be7a2,critical,invalidated,"Synthetic case for presentation: 3 events observed, severity=critical, outcome=invalidated.",0c3076bc-d1a2-47f3-8ef1-8dcba12670ae,"2026-08-29 15:27:00"
b9bd04b6-4757-4e1d-9754-efc992509d0e,c3c6d55d-0c39-43e0-8816-a347330df2f7,2bc81684-3657-45a2-acea-82d557db3c90,low,pending,"Synthetic case for presentation: 1 events observed, severity=low, outcome=pending.",,
eeef4b98-c6bd-46c0-8d23-f7e9a64b97c8,d7590b63-0d38-4d8b-a569-f76b3bee884e,6ffecf86-0bc4-46b7-9ce8-0f2c48048271,medium,warned,"Synthetic case for presentation: 2 events observed, severity=medium, outcome=warned.",90b1b286-043f-4b76-92e4-23c74608f5ea,"2026-08-28 15:00:00"
cce7b861-f905-4636-8fa5-eab7a31d9da6,d7590b63-0d38-4d8b-a569-f76b3bee884e,9704a068-98a1-4f12-b0fe-51b32fe3095f,critical,invalidated,"Synthetic case for presentation: 3 events observed, severity=critical, outcome=invalidated.",12583f2c-1cd4-4173-a3d2-c1a05252c056,"2026-08-29 15:09:00"
5f96c2f3-08c2-4047-9630-aa3b0b0308ca,d7590b63-0d38-4d8b-a569-f76b3bee884e,a91ddf7b-a470-42fc-b094-11a50c871dc9,low,pending,"Synthetic case for presentation: 1 events observed, severity=low, outcome=pending.",,
b16e1830-ad12-4d47-82c4-1ccf65cc8ce9,d7590b63-0d38-4d8b-a569-f76b3bee884e,3543b863-edd1-45b3-bf81-8945858d4659,medium,warned,"Synthetic case for presentation: 2 events observed, severity=medium, outcome=warned.",12583f2c-1cd4-4173-a3d2-c1a05252c056,"2026-08-31 15:27:00"
566a3aab-1047-4991-a0e3-f8482c1112da,d7590b63-0d38-4d8b-a569-f76b3bee884e,b4af2850-58df-4e25-8f78-fb871df28379,high,score_penalized,"Synthetic case for presentation: 3 events observed, severity=high, outcome=score_penalized.",90b1b286-043f-4b76-92e4-23c74608f5ea,"2026-09-01 15:36:00"
1c0c4d43-c469-4a0b-a981-16d99344e931,d5a76fda-6dfa-4f8b-847a-be1cf91be7dd,17bf9713-3ae0-4f82-8b67-3e4a9db09f27,low,pending,"Synthetic case for presentation: 1 events observed, severity=low, outcome=pending.",,
7b72f0b6-d24f-4fee-abca-09bcd037a633,d5a76fda-6dfa-4f8b-847a-be1cf91be7dd,0583d4b7-b6a8-4841-88a3-689aed7e97a0,medium,warned,"Synthetic case for presentation: 2 events observed, severity=medium, outcome=warned.",c2cf6647-9661-415d-b7c6-b88151d84eb3,"2026-08-31 15:09:00"
1ecd39b1-edd7-4058-9ddc-c88c90fa6137,d5a76fda-6dfa-4f8b-847a-be1cf91be7dd,15f8def5-2ce4-47c2-b192-2f9c6d36c3ba,high,score_penalized,"Synthetic case for presentation: 3 events observed, severity=high, outcome=score_penalized.",c2cf6647-9661-415d-b7c6-b88151d84eb3,"2026-09-01 15:18:00"
7b86abb9-4c01-4ecc-ae4e-a165ca816ba2,d5a76fda-6dfa-4f8b-847a-be1cf91be7dd,56f7a69a-3b4a-4ee0-a1f5-714842ab305c,low,pending,"Synthetic case for presentation: 1 events observed, severity=low, outcome=pending.",,
c73d9a16-e39a-4a49-a315-d669f48e9cd8,d5a76fda-6dfa-4f8b-847a-be1cf91be7dd,1b341fdd-1656-468e-aa71-810809144ddd,high,score_penalized,"Synthetic case for presentation: 2 events observed, severity=high, outcome=score_penalized.",90b1b286-043f-4b76-92e4-23c74608f5ea,"2026-09-03 15:36:00"
5312a3e2-8ef7-491f-af5c-064a56a0c47c,4c0ae864-c845-48bf-8edd-c181fc3c8295,bf6972cb-f993-4df8-811f-a12236b0d750,high,score_penalized,"Synthetic case for presentation: 3 events observed, severity=high, outcome=score_penalized.",90b1b286-043f-4b76-92e4-23c74608f5ea,"2026-09-01 15:00:00"
c07b1492-ba1c-4630-829b-a372d6d9103d,4c0ae864-c845-48bf-8edd-c181fc3c8295,e9af21c7-e1de-4496-b189-729acea7607e,low,pending,"Synthetic case for presentation: 1 events observed, severity=low, outcome=pending.",,
0cf24fd7-f918-44be-b44f-418b4ce236f8,4c0ae864-c845-48bf-8edd-c181fc3c8295,6bb0b3e4-0716-441e-988f-52f17f63a62f,high,score_penalized,"Synthetic case for presentation: 2 events observed, severity=high, outcome=score_penalized.",427a3c7e-a67b-4256-b95d-609f72186ad5,"2026-09-03 15:18:00"
0293c9e4-de35-4724-bae4-ca2a0509e1c2,4c0ae864-c845-48bf-8edd-c181fc3c8295,6ae49653-6a83-4f6a-9682-21bee529acf5,high,score_penalized,"Synthetic case for presentation: 3 events observed, severity=high, outcome=score_penalized.",427a3c7e-a67b-4256-b95d-609f72186ad5,"2026-09-04 15:27:00"
b13fcaed-c5e0-43fd-a4a6-de1232714346,4c0ae864-c845-48bf-8edd-c181fc3c8295,59748228-5b67-4efd-b1f3-6b586b1109bd,low,pending,"Synthetic case for presentation: 1 events observed, severity=low, outcome=pending.",,
567be5f8-e23e-48db-b995-a584c5d9afd6,11a0e234-ef2d-4e85-8ff3-74d5308b34ad,f5a10abb-cf64-4ba1-88d5-b6ec2742ec8b,high,score_penalized,"Synthetic case for presentation: 2 events observed, severity=high, outcome=score_penalized.",90b1b286-043f-4b76-92e4-23c74608f5ea,"2026-09-03 15:00:00"
24ef0122-c61a-434a-88f3-527b74200d65,11a0e234-ef2d-4e85-8ff3-74d5308b34ad,e6a5e155-c5a9-4dbc-852a-d3ea29949691,high,score_penalized,"Synthetic case for presentation: 3 events observed, severity=high, outcome=score_penalized.",dff61441-3bd1-4936-92d8-6001635337b4,"2026-09-04 15:09:00"
44176e4e-a2d5-4590-98e9-1d3054304a75,11a0e234-ef2d-4e85-8ff3-74d5308b34ad,9cb075b7-230a-4bd0-a408-eea8c0649a4f,low,pending,"Synthetic case for presentation: 1 events observed, severity=low, outcome=pending.",,
98ab4ccc-13d0-4d54-ac12-1891025fdaaf,11a0e234-ef2d-4e85-8ff3-74d5308b34ad,c4cffad4-c2e5-4b6e-8b66-4bf0544bf19a,medium,warned,"Synthetic case for presentation: 2 events observed, severity=medium, outcome=warned.",dff61441-3bd1-4936-92d8-6001635337b4,"2026-09-06 15:27:00"
523d85f8-e759-4fb8-831b-9a80098e3c5e,11a0e234-ef2d-4e85-8ff3-74d5308b34ad,fb0cfffb-e973-4e14-9036-6abae9e9fe0c,high,score_penalized,"Synthetic case for presentation: 3 events observed, severity=high, outcome=score_penalized.",90b1b286-043f-4b76-92e4-23c74608f5ea,"2026-09-07 15:36:00"
90178447-dce5-4bf9-b490-8e16f7d317f2,5bd13117-9097-4dbe-8740-f52c1ec5bc4d,36a28087-ed4a-43a4-81d0-3e1b5f727219,low,pending,"Synthetic case for presentation: 1 events observed, severity=low, outcome=pending.",,
3cc4ed8e-5b72-42ea-8585-9d74de1c7e81,5bd13117-9097-4dbe-8740-f52c1ec5bc4d,3dd54b18-14b0-4154-98d6-af0669f0be7f,medium,warned,"Synthetic case for presentation: 2 events observed, severity=medium, outcome=warned.",0021a9b3-92fb-41a4-9a35-9c14ed5ea3b2,"2026-09-06 15:09:00"
54f4b145-1459-4fb2-9839-3b46bbf75bd2,5bd13117-9097-4dbe-8740-f52c1ec5bc4d,ddbb4b7c-05d3-4966-b9f2-a081a5262a7d,high,score_penalized,"Synthetic case for presentation: 3 events observed, severity=high, outcome=score_penalized.",0021a9b3-92fb-41a4-9a35-9c14ed5ea3b2,"2026-09-07 15:18:00"
d321bbf6-89e2-48cd-8a2c-c7ea7bd1ae68,5bd13117-9097-4dbe-8740-f52c1ec5bc4d,963accb1-7ce4-4662-a3c3-fb27fe60b973,high,score_penalized,"Synthetic case for presentation: 1 events observed, severity=high, outcome=score_penalized.",0021a9b3-92fb-41a4-9a35-9c14ed5ea3b2,"2026-09-08 15:27:00"
fdf0bc65-c9ce-4b8e-83ea-ef88bc8053cf,5bd13117-9097-4dbe-8740-f52c1ec5bc4d,da150e66-b986-4e9a-807b-bd11c3bd486a,medium,warned,"Synthetic case for presentation: 2 events observed, severity=medium, outcome=warned.",90b1b286-043f-4b76-92e4-23c74608f5ea,"2026-09-09 15:36:00"
736ec788-4b45-45d5-bdd8-40d3ead1a409,009f72b3-703a-459d-bb1c-ab9018fb092f,0f4cc287-534a-42ec-99d4-f4112ec3dd40,high,score_penalized,"Synthetic case for presentation: 3 events observed, severity=high, outcome=score_penalized.",90b1b286-043f-4b76-92e4-23c74608f5ea,"2026-09-07 15:00:00"
3824a266-4670-473a-ac98-60dfba318cf5,009f72b3-703a-459d-bb1c-ab9018fb092f,2d0a04ce-027a-40e7-95ad-f7e8482d1f27,high,score_penalized,"Synthetic case for presentation: 1 events observed, severity=high, outcome=score_penalized.",941f5d21-88b6-4edb-b45c-ded54d82672b,"2026-09-08 15:09:00"
166ef138-b028-4e5d-942d-b6fff52791ad,009f72b3-703a-459d-bb1c-ab9018fb092f,1e58e370-3bf1-4b65-a501-8d2d7b5ccc89,medium,warned,"Synthetic case for presentation: 2 events observed, severity=medium, outcome=warned.",941f5d21-88b6-4edb-b45c-ded54d82672b,"2026-09-09 15:18:00"
699b246a-4639-4036-a3b2-88be72e11ad7,009f72b3-703a-459d-bb1c-ab9018fb092f,d81421b6-53f1-4aa9-85c2-4ce4ac612fea,critical,invalidated,"Synthetic case for presentation: 3 events observed, severity=critical, outcome=invalidated.",941f5d21-88b6-4edb-b45c-ded54d82672b,"2026-09-10 15:27:00"
f4ad6db8-9beb-41bc-9d64-de0cd4e4c6b5,009f72b3-703a-459d-bb1c-ab9018fb092f,ebafeb54-9a9e-41a5-8608-a96dc4e8d279,low,pending,"Synthetic case for presentation: 1 events observed, severity=low, outcome=pending.",,
91a98ce2-134e-42ea-a6c6-279f1a815218,d2ac5590-67c4-4b9e-8953-6103a6938779,fffdabff-df72-4916-941b-79bb46327767,medium,warned,"Synthetic case for presentation: 2 events observed, severity=medium, outcome=warned.",90b1b286-043f-4b76-92e4-23c74608f5ea,"2026-09-09 15:00:00"
3fee0b57-aadb-44fb-b0d1-82b37b44eb85,d2ac5590-67c4-4b9e-8953-6103a6938779,bcf613bd-ae4a-4ada-97d2-04579109c568,critical,invalidated,"Synthetic case for presentation: 3 events observed, severity=critical, outcome=invalidated.",cce8296d-910a-4fd5-aac2-3f4e9b8ff7b7,"2026-09-10 15:09:00"
818e8282-5bff-4d8c-8e09-7891f95f1463,d2ac5590-67c4-4b9e-8953-6103a6938779,922f7daf-ede8-470f-b5e1-f37ad7e55b1e,low,pending,"Synthetic case for presentation: 1 events observed, severity=low, outcome=pending.",,
d2aad6f7-4f5e-48ad-b2dd-114385dedaa4,d2ac5590-67c4-4b9e-8953-6103a6938779,34e53711-67f5-43fd-8ae1-81322e081a55,medium,warned,"Synthetic case for presentation: 2 events observed, severity=medium, outcome=warned.",cce8296d-910a-4fd5-aac2-3f4e9b8ff7b7,"2026-09-12 15:27:00"
0f76fa54-abde-4ff2-970a-7ae4d0c4abe6,d2ac5590-67c4-4b9e-8953-6103a6938779,5576fc0d-c274-41de-8d0d-a8e72155bbb5,high,score_penalized,"Synthetic case for presentation: 3 events observed, severity=high, outcome=score_penalized.",90b1b286-043f-4b76-92e4-23c74608f5ea,"2026-09-13 15:36:00"
f6fb0aa7-f5c5-4bbb-834c-80bbde47ffc1,47db0c7c-f64d-4bd0-8f1a-aed70a01fdcd,c954cf02-edb1-461f-b34a-a0c1a70886ab,low,pending,"Synthetic case for presentation: 1 events observed, severity=low, outcome=pending.",,
81ea0f00-bbc1-408e-af24-8a92d89873bf,47db0c7c-f64d-4bd0-8f1a-aed70a01fdcd,e7d80799-15b7-4460-b74f-8f6a26d7c673,medium,warned,"Synthetic case for presentation: 2 events observed, severity=medium, outcome=warned.",ad3dc058-0e38-4742-ba4e-fde6644e1edc,"2026-09-12 15:09:00"
07e11a08-176c-4b12-aaa3-88059f4abad1,47db0c7c-f64d-4bd0-8f1a-aed70a01fdcd,de5f75c9-a612-47a0-96b3-180ff3e77c13,high,score_penalized,"Synthetic case for presentation: 3 events observed, severity=high, outcome=score_penalized.",ad3dc058-0e38-4742-ba4e-fde6644e1edc,"2026-09-13 15:18:00"
88777693-0f13-4edf-b07c-725fd4586673,47db0c7c-f64d-4bd0-8f1a-aed70a01fdcd,13c716e9-f2de-420a-a6ed-5a75d2414eaf,low,pending,"Synthetic case for presentation: 1 events observed, severity=low, outcome=pending.",,
1e2afa8d-e0c5-41e3-98db-77e79b8ec52e,47db0c7c-f64d-4bd0-8f1a-aed70a01fdcd,59a5b7c3-d9d3-4c6d-a57a-91ff05886103,high,score_penalized,"Synthetic case for presentation: 2 events observed, severity=high, outcome=score_penalized.",90b1b286-043f-4b76-92e4-23c74608f5ea,"2026-09-15 15:36:00"
374f4b23-e216-4a29-a7b4-c19f48bb0d2a,70344077-3392-4d03-803d-b899aea3088b,5da99b28-fe97-45bc-84fe-57eceb2a34c4,high,score_penalized,"Synthetic case for presentation: 3 events observed, severity=high, outcome=score_penalized.",90b1b286-043f-4b76-92e4-23c74608f5ea,"2026-09-13 15:00:00"
87be40cd-830b-4080-86d5-8928d67f14d4,70344077-3392-4d03-803d-b899aea3088b,d7dcf613-b468-48e6-a195-ac65348cc7da,low,pending,"Synthetic case for presentation: 1 events observed, severity=low, outcome=pending.",,
29d00d4d-db90-4752-b98b-1c789178ca46,70344077-3392-4d03-803d-b899aea3088b,8bf4b1ce-145e-4664-8b8b-3f968b432b9d,high,score_penalized,"Synthetic case for presentation: 2 events observed, severity=high, outcome=score_penalized.",2e0896be-8667-48aa-8308-821127fb304d,"2026-09-15 15:18:00"
a0f2e45e-3b6d-4b7b-94dc-51171fa5cf99,70344077-3392-4d03-803d-b899aea3088b,1796a4f2-0cca-4d19-9d3d-f26339f3054d,high,score_penalized,"Synthetic case for presentation: 3 events observed, severity=high, outcome=score_penalized.",2e0896be-8667-48aa-8308-821127fb304d,"2026-09-16 15:27:00"
3afb06fd-2c6d-440f-a5e7-0564f9c94210,70344077-3392-4d03-803d-b899aea3088b,1f809d6a-4da3-4aed-885a-3445e31699d5,low,pending,"Synthetic case for presentation: 1 events observed, severity=low, outcome=pending.",,
82024c6d-ba6c-411d-9411-99ff70f1e9d6,97a29022-5289-4d5a-a8e1-1013dcde046a,559d4a27-6e79-4ac6-b29f-1b313f9882b2,high,score_penalized,"Synthetic case for presentation: 2 events observed, severity=high, outcome=score_penalized.",90b1b286-043f-4b76-92e4-23c74608f5ea,"2026-09-15 15:00:00"
76e0650f-5ed6-49f0-af02-1b8f4cef0392,97a29022-5289-4d5a-a8e1-1013dcde046a,30dd13a1-354d-481e-8844-1338b1cfb667,high,score_penalized,"Synthetic case for presentation: 3 events observed, severity=high, outcome=score_penalized.",3e56ec6f-ccc2-4265-926c-3aadeb5a89df,"2026-09-16 15:09:00"
8ac0265d-9248-4e12-9d11-12a5357083f0,97a29022-5289-4d5a-a8e1-1013dcde046a,c1ca511f-1938-4829-a5fd-1aa277396cc4,low,pending,"Synthetic case for presentation: 1 events observed, severity=low, outcome=pending.",,
2f4f849b-bcb7-4107-a0c5-da9ccc4a4c83,97a29022-5289-4d5a-a8e1-1013dcde046a,2ff0abf2-d27f-4770-8445-be3594a5acb7,medium,warned,"Synthetic case for presentation: 2 events observed, severity=medium, outcome=warned.",3e56ec6f-ccc2-4265-926c-3aadeb5a89df,"2026-09-18 15:27:00"
0a00fdf4-0121-4651-b891-c450dd369439,97a29022-5289-4d5a-a8e1-1013dcde046a,b63d70f6-3ecb-44a6-b1cb-5b119a54afe1,high,score_penalized,"Synthetic case for presentation: 3 events observed, severity=high, outcome=score_penalized.",90b1b286-043f-4b76-92e4-23c74608f5ea,"2026-09-19 15:36:00"
9af8160e-88b5-4dda-976a-1deb15b0f99a,5f160446-40a5-4398-8286-0b5bb6952d6d,e91f1394-02a2-4990-bb1e-a88b226cc919,low,pending,"Synthetic case for presentation: 1 events observed, severity=low, outcome=pending.",,
ddb8b875-a844-4f52-8c03-4840fe206964,5f160446-40a5-4398-8286-0b5bb6952d6d,c98ee758-a8da-4df5-b75f-0e62ffbeb24a,medium,warned,"Synthetic case for presentation: 2 events observed, severity=medium, outcome=warned.",2dd83db1-15b6-4e5d-b899-72b08fac0bdc,"2026-09-18 15:09:00"
42523cd6-c0c9-4758-87bf-a226c38ec9cf,5f160446-40a5-4398-8286-0b5bb6952d6d,09db6328-4463-4f3a-9d28-d602814769a5,high,score_penalized,"Synthetic case for presentation: 3 events observed, severity=high, outcome=score_penalized.",2dd83db1-15b6-4e5d-b899-72b08fac0bdc,"2026-09-19 15:18:00"
f6d9359e-96df-4a82-9419-35a30f0bb849,5f160446-40a5-4398-8286-0b5bb6952d6d,5fa94977-efab-4571-9711-09785e8ed4d8,high,score_penalized,"Synthetic case for presentation: 1 events observed, severity=high, outcome=score_penalized.",2dd83db1-15b6-4e5d-b899-72b08fac0bdc,"2026-08-26 15:27:00"
2e78210f-9939-4272-b93b-c1827b52fff9,5f160446-40a5-4398-8286-0b5bb6952d6d,48ebe9e5-f3c8-4537-82de-70a107a058a1,medium,warned,"Synthetic case for presentation: 2 events observed, severity=medium, outcome=warned.",90b1b286-043f-4b76-92e4-23c74608f5ea,"2026-08-27 15:36:00"
f4f8d06a-b328-42cd-a4ce-0f9bebd50a68,ebd703d4-2d51-41e2-b075-2d9a90399b6f,99504f62-20ce-40c9-8ade-b72a6670d4ff,high,score_penalized,"Synthetic case for presentation: 3 events observed, severity=high, outcome=score_penalized.",90b1b286-043f-4b76-92e4-23c74608f5ea,"2026-09-19 15:00:00"
742ac771-3f61-4ed4-b4fd-a334c28db123,ebd703d4-2d51-41e2-b075-2d9a90399b6f,1479539a-fa39-4558-8654-543987e11233,high,score_penalized,"Synthetic case for presentation: 1 events observed, severity=high, outcome=score_penalized.",569e8a32-ac1e-4829-8b1b-6d2e12f5c690,"2026-08-26 15:09:00"
f00ba3b0-079f-4b16-b27c-9c94f60362e8,ebd703d4-2d51-41e2-b075-2d9a90399b6f,b80fa7e4-b278-4fec-b6ea-c4a5425021f0,medium,warned,"Synthetic case for presentation: 2 events observed, severity=medium, outcome=warned.",569e8a32-ac1e-4829-8b1b-6d2e12f5c690,"2026-08-27 15:18:00"
710891f8-c4a5-4782-9072-f24b47a0b30d,ebd703d4-2d51-41e2-b075-2d9a90399b6f,80f04951-2917-42ef-a290-5491fc3c8d94,critical,invalidated,"Synthetic case for presentation: 3 events observed, severity=critical, outcome=invalidated.",569e8a32-ac1e-4829-8b1b-6d2e12f5c690,"2026-08-28 15:27:00"
20145843-e75d-49ff-8ac0-ce483b026e2a,ebd703d4-2d51-41e2-b075-2d9a90399b6f,8eeff3bf-5afd-4d14-bb01-6a29a887983f,low,pending,"Synthetic case for presentation: 1 events observed, severity=low, outcome=pending.",,
ebca1de1-5699-4668-b32f-95b2dfd3677a,fcb2db70-ec9f-445c-8584-cc4cd847a1ae,47f065f2-3119-4dfa-919a-19e39b7031eb,medium,warned,"Synthetic case for presentation: 2 events observed, severity=medium, outcome=warned.",90b1b286-043f-4b76-92e4-23c74608f5ea,"2026-08-27 15:00:00"
1fd9d532-6b08-4dfd-85b6-5437faeff082,fcb2db70-ec9f-445c-8584-cc4cd847a1ae,2b0cf8a1-5c92-4127-8e65-d9cd66cba151,critical,invalidated,"Synthetic case for presentation: 3 events observed, severity=critical, outcome=invalidated.",0bdd48dd-ef8d-4e5f-853a-1eb09c2f19af,"2026-08-28 15:09:00"
7b960061-1e46-4f04-92cc-b3b2fd565d5c,fcb2db70-ec9f-445c-8584-cc4cd847a1ae,07e1fa10-db65-404b-9c2f-487c46b18ff7,low,pending,"Synthetic case for presentation: 1 events observed, severity=low, outcome=pending.",,
cbf09902-031b-4d4d-8df9-4fdff7c144ba,fcb2db70-ec9f-445c-8584-cc4cd847a1ae,b9d5f45a-2f98-4d2b-8f82-82326f703907,medium,warned,"Synthetic case for presentation: 2 events observed, severity=medium, outcome=warned.",0bdd48dd-ef8d-4e5f-853a-1eb09c2f19af,"2026-08-30 15:27:00"
53230dbd-4ca6-46d2-81b3-26184bb7a7e5,fcb2db70-ec9f-445c-8584-cc4cd847a1ae,ce500394-1f6f-46f6-a65f-d144ea6ffe0f,high,score_penalized,"Synthetic case for presentation: 3 events observed, severity=high, outcome=score_penalized.",90b1b286-043f-4b76-92e4-23c74608f5ea,"2026-08-31 15:36:00"
44b76d94-ae49-4cf9-abdb-3d78069ef24d,fd3ee81e-70ab-46c8-ab6f-d76ff590e215,9a5a9e1f-782a-47ca-932b-b37a9abe8d9d,low,pending,"Synthetic case for presentation: 1 events observed, severity=low, outcome=pending.",,
9a4fc81a-bd9f-4308-8782-ee3c62b5e6b6,fd3ee81e-70ab-46c8-ab6f-d76ff590e215,a3ff87c6-8b47-4868-aeca-880424e054c1,medium,warned,"Synthetic case for presentation: 2 events observed, severity=medium, outcome=warned.",9a3d6b1e-ea0d-41e9-afd7-e6e0f0428be4,"2026-08-30 15:09:00"
3227555d-275d-4c9c-9e1d-87b29c261028,fd3ee81e-70ab-46c8-ab6f-d76ff590e215,8ca10164-480b-4e2d-9da0-ee1a7a5bccbf,high,score_penalized,"Synthetic case for presentation: 3 events observed, severity=high, outcome=score_penalized.",9a3d6b1e-ea0d-41e9-afd7-e6e0f0428be4,"2026-08-31 15:18:00"
efc58406-5fed-41af-84ef-113533b0fdb7,fd3ee81e-70ab-46c8-ab6f-d76ff590e215,874ba40e-471a-4aa8-be35-ad1f2fe88b9b,low,pending,"Synthetic case for presentation: 1 events observed, severity=low, outcome=pending.",,
39d2a6cb-676b-42aa-8c77-c4d133139e88,fd3ee81e-70ab-46c8-ab6f-d76ff590e215,e4803571-53df-451c-99b2-600ff262b386,high,score_penalized,"Synthetic case for presentation: 2 events observed, severity=high, outcome=score_penalized.",90b1b286-043f-4b76-92e4-23c74608f5ea,"2026-09-02 15:36:00"
7a69221b-709b-401c-b6d8-fc82934ba0ca,ca9f35f7-ec6a-4168-8c59-ca1b4600c5d1,b2e93614-f22f-421e-b6bc-56714546c128,high,score_penalized,"Synthetic case for presentation: 3 events observed, severity=high, outcome=score_penalized.",90b1b286-043f-4b76-92e4-23c74608f5ea,"2026-08-31 15:00:00"
cc7cb30c-2f97-461e-8df9-72f8b2c255e6,ca9f35f7-ec6a-4168-8c59-ca1b4600c5d1,98042ab2-3a6b-4e5d-b9fe-a5fcd631fb74,low,pending,"Synthetic case for presentation: 1 events observed, severity=low, outcome=pending.",,
6c14ba49-722f-4e2e-aeb9-8461f97b2e90,ca9f35f7-ec6a-4168-8c59-ca1b4600c5d1,716ac48c-b873-4169-9997-091c7fa4f50b,high,score_penalized,"Synthetic case for presentation: 2 events observed, severity=high, outcome=score_penalized.",e5f35766-847a-430f-bbe9-16667362c149,"2026-09-02 15:18:00"
5ae811db-8a36-4cc9-be44-8cd47a00b149,ca9f35f7-ec6a-4168-8c59-ca1b4600c5d1,c63e561e-b398-4546-9b2c-f55d26610b78,high,score_penalized,"Synthetic case for presentation: 3 events observed, severity=high, outcome=score_penalized.",e5f35766-847a-430f-bbe9-16667362c149,"2026-09-03 15:27:00"
3d3c846a-b275-48ba-85ec-bded25a9f6a9,ca9f35f7-ec6a-4168-8c59-ca1b4600c5d1,06f725d2-cc1a-4c20-8fbc-e6e3f5318fc7,low,pending,"Synthetic case for presentation: 1 events observed, severity=low, outcome=pending.",,
810949c0-391f-45c5-ab63-1e16cd237e00,e2178f7e-b4d2-4678-991d-7d98a1d547aa,b2229751-97ca-4188-8293-a15294d12b33,high,score_penalized,"Synthetic case for presentation: 2 events observed, severity=high, outcome=score_penalized.",90b1b286-043f-4b76-92e4-23c74608f5ea,"2026-09-02 15:00:00"
519c11b9-7644-4fff-9685-bc4b92d02180,e2178f7e-b4d2-4678-991d-7d98a1d547aa,9ec5697d-e4c7-41dc-86a4-9d021d1d82fb,high,score_penalized,"Synthetic case for presentation: 3 events observed, severity=high, outcome=score_penalized.",2b879564-3115-4a35-8757-cf6ada2dc75a,"2026-09-03 15:09:00"
8c34723c-b004-49c5-be4e-f64f6974c490,e2178f7e-b4d2-4678-991d-7d98a1d547aa,c4572ce9-0998-4226-b3c1-31511aa6209b,low,pending,"Synthetic case for presentation: 1 events observed, severity=low, outcome=pending.",,
0e57d815-4709-4165-8b3d-ca0b273ca2aa,e2178f7e-b4d2-4678-991d-7d98a1d547aa,185b0e4d-50a1-4376-9341-6c1ca6922a71,medium,warned,"Synthetic case for presentation: 2 events observed, severity=medium, outcome=warned.",2b879564-3115-4a35-8757-cf6ada2dc75a,"2026-09-05 15:27:00"
230d9f40-36ce-4e1f-b7f4-fa0ec7fc5679,e2178f7e-b4d2-4678-991d-7d98a1d547aa,91e32a2b-724f-4c84-a7be-b180e9b52263,high,score_penalized,"Synthetic case for presentation: 3 events observed, severity=high, outcome=score_penalized.",90b1b286-043f-4b76-92e4-23c74608f5ea,"2026-09-06 15:36:00"
2091632b-ab10-48c7-862f-91b04cebedf0,057e4909-dc9e-4d48-8b63-32c940945fd6,3cf6d79f-48e4-4092-bff1-b50e181c8f32,low,pending,"Synthetic case for presentation: 1 events observed, severity=low, outcome=pending.",,
882eef9c-4def-4c8a-bb02-7484e80ed485,057e4909-dc9e-4d48-8b63-32c940945fd6,db5f12b5-80f9-47f6-aeba-aed7a6cd618a,medium,warned,"Synthetic case for presentation: 2 events observed, severity=medium, outcome=warned.",b5a0d994-400c-4b85-bc77-eb176560f805,"2026-09-05 15:09:00"
fefa2a9d-e3b3-41e0-b914-33d2632e948d,057e4909-dc9e-4d48-8b63-32c940945fd6,a69ae476-a151-4449-8eea-c8674e71ee52,high,score_penalized,"Synthetic case for presentation: 3 events observed, severity=high, outcome=score_penalized.",b5a0d994-400c-4b85-bc77-eb176560f805,"2026-09-06 15:18:00"
8415ff7a-27f1-4d0c-9069-7eef7365db44,057e4909-dc9e-4d48-8b63-32c940945fd6,a9ae9e05-9e83-406b-b60e-fcbce4912bc2,high,score_penalized,"Synthetic case for presentation: 1 events observed, severity=high, outcome=score_penalized.",b5a0d994-400c-4b85-bc77-eb176560f805,"2026-09-07 15:27:00"
98b8bd02-f5b7-4ad6-9f70-82f66ce1d556,057e4909-dc9e-4d48-8b63-32c940945fd6,06d9dc21-f843-4b9c-83e3-cccfdd6d7021,medium,warned,"Synthetic case for presentation: 2 events observed, severity=medium, outcome=warned.",90b1b286-043f-4b76-92e4-23c74608f5ea,"2026-09-08 15:36:00"
9e026102-daee-402e-a37d-9f7debea9dde,58296419-522a-43d6-afc7-621e7840cbc2,3a593843-07ab-44c8-b1e2-85bf75799ae0,high,score_penalized,"Synthetic case for presentation: 3 events observed, severity=high, outcome=score_penalized.",90b1b286-043f-4b76-92e4-23c74608f5ea,"2026-09-06 15:00:00"
3f02b806-7577-4f4a-88b7-c0afa13efd51,58296419-522a-43d6-afc7-621e7840cbc2,1e33327d-26db-4736-b210-2713424c7240,high,score_penalized,"Synthetic case for presentation: 1 events observed, severity=high, outcome=score_penalized.",797c4d35-87e6-476d-8bdc-3e3e71d0d039,"2026-09-07 15:09:00"
f9a14158-ae48-40c8-8896-17a9e0b635f5,58296419-522a-43d6-afc7-621e7840cbc2,6656fcab-4927-4391-b7ec-0e48014ccf5b,medium,warned,"Synthetic case for presentation: 2 events observed, severity=medium, outcome=warned.",797c4d35-87e6-476d-8bdc-3e3e71d0d039,"2026-09-08 15:18:00"
7883553c-6a97-47ba-a88d-b12fb44e6f63,58296419-522a-43d6-afc7-621e7840cbc2,11951a4f-63ad-46a5-9db0-a42a8c5cb636,critical,invalidated,"Synthetic case for presentation: 3 events observed, severity=critical, outcome=invalidated.",797c4d35-87e6-476d-8bdc-3e3e71d0d039,"2026-09-09 15:27:00"
d2fdb2b0-f849-4b7e-ac88-6d15ccdb40b8,58296419-522a-43d6-afc7-621e7840cbc2,089804c6-19c7-4b2b-afe3-03c08409d0f6,low,pending,"Synthetic case for presentation: 1 events observed, severity=low, outcome=pending.",,
749fabfb-bd74-45ca-b25d-51d53a128a77,aad89578-2bdb-443e-a3c4-9215e7eb4163,344a96a0-9162-459b-92c9-311d89f3e60d,medium,warned,"Synthetic case for presentation: 2 events observed, severity=medium, outcome=warned.",90b1b286-043f-4b76-92e4-23c74608f5ea,"2026-09-08 15:00:00"
55bbde3c-4e7e-4027-8ff7-8b3620df9556,aad89578-2bdb-443e-a3c4-9215e7eb4163,ba1f3f2e-1dc3-4be1-abed-189b9851efd2,critical,invalidated,"Synthetic case for presentation: 3 events observed, severity=critical, outcome=invalidated.",2c170801-ef8e-47b0-9f75-cc955bb6d76a,"2026-09-09 15:09:00"
466009e1-1179-4a1a-a520-37af23d5612f,aad89578-2bdb-443e-a3c4-9215e7eb4163,9c3aeca0-4f04-41d4-baee-5613a69175e0,low,pending,"Synthetic case for presentation: 1 events observed, severity=low, outcome=pending.",,
ac0b4c89-4f69-481f-90b7-7091a12abb91,aad89578-2bdb-443e-a3c4-9215e7eb4163,12f158d2-e3b9-490f-a6ef-4e56400e3505,medium,warned,"Synthetic case for presentation: 2 events observed, severity=medium, outcome=warned.",2c170801-ef8e-47b0-9f75-cc955bb6d76a,"2026-09-11 15:27:00"
dc4fdf87-d090-4ae8-b1f1-19a14c2ff260,aad89578-2bdb-443e-a3c4-9215e7eb4163,1ac41d90-c61a-47f5-a16d-32565200fdae,high,score_penalized,"Synthetic case for presentation: 3 events observed, severity=high, outcome=score_penalized.",90b1b286-043f-4b76-92e4-23c74608f5ea,"2026-09-12 15:36:00"
1a1884a5-6703-4991-bc7c-a8d62f05d93e,f9b2d0f6-6bef-4b85-a159-78e9bab73002,ff286a18-7454-4913-847d-f40377d9c69b,low,pending,"Synthetic case for presentation: 1 events observed, severity=low, outcome=pending.",,
ab8be253-1984-4ed0-ac10-2b7471b6a877,f9b2d0f6-6bef-4b85-a159-78e9bab73002,5389a148-b6ef-45d3-a409-2d1663915812,medium,warned,"Synthetic case for presentation: 2 events observed, severity=medium, outcome=warned.",6ccf1efe-33cc-4b16-83c9-ca1767b080fc,"2026-09-11 15:09:00"
9abd74af-bdd9-47e0-a24b-4525dddb212f,f9b2d0f6-6bef-4b85-a159-78e9bab73002,2934e836-21f9-48c3-bf08-3f4bbea139d7,high,score_penalized,"Synthetic case for presentation: 3 events observed, severity=high, outcome=score_penalized.",6ccf1efe-33cc-4b16-83c9-ca1767b080fc,"2026-09-12 15:18:00"
d0ca5d58-b39d-4716-a536-20eca36e72ff,f9b2d0f6-6bef-4b85-a159-78e9bab73002,faf84e3d-51a0-439c-871c-686492950d0a,low,pending,"Synthetic case for presentation: 1 events observed, severity=low, outcome=pending.",,
ec5e877d-0959-405d-9779-1115daa59a2a,f9b2d0f6-6bef-4b85-a159-78e9bab73002,cd2def61-f829-4dd5-ada2-4d3b396e336a,high,score_penalized,"Synthetic case for presentation: 2 events observed, severity=high, outcome=score_penalized.",90b1b286-043f-4b76-92e4-23c74608f5ea,"2026-09-14 15:36:00"
3acb3eca-35f4-4cab-b5a6-151bf17f7f8b,146974b6-f6c9-4950-b9df-1c69e2be6604,6e2a46e0-c0e4-4278-890e-76b3a46a1605,high,score_penalized,"Synthetic case for presentation: 3 events observed, severity=high, outcome=score_penalized.",90b1b286-043f-4b76-92e4-23c74608f5ea,"2026-09-12 15:00:00"
2a891c73-6070-4578-971b-014e9109d14d,146974b6-f6c9-4950-b9df-1c69e2be6604,cc1b309e-4593-43e0-b480-de22281a5ee0,low,pending,"Synthetic case for presentation: 1 events observed, severity=low, outcome=pending.",,
e3e38cc8-5748-4084-bffa-f6f34df11df7,146974b6-f6c9-4950-b9df-1c69e2be6604,76233c66-0d4f-4d86-9a54-2a68a665f6da,high,score_penalized,"Synthetic case for presentation: 2 events observed, severity=high, outcome=score_penalized.",17444177-c4ae-4f69-af57-a78b7eacae78,"2026-09-14 15:18:00"
4ec0d30d-9598-441d-8ecc-6ccf8aa756ef,146974b6-f6c9-4950-b9df-1c69e2be6604,deccdfb0-0008-40a7-af92-a63f9b4df0d3,high,score_penalized,"Synthetic case for presentation: 3 events observed, severity=high, outcome=score_penalized.",17444177-c4ae-4f69-af57-a78b7eacae78,"2026-09-15 15:27:00"
2385df98-650b-49bd-b2ea-9de3b8a8848f,146974b6-f6c9-4950-b9df-1c69e2be6604,090c7a12-115a-4501-8a21-e8248ba3016f,low,pending,"Synthetic case for presentation: 1 events observed, severity=low, outcome=pending.",,
9f1cb4f1-10da-4e04-874c-197fcdcd2461,4f1a82a1-7e06-4479-96e6-b3ea00f1acd5,d5292165-f10e-4420-888b-9cba4693fe08,high,score_penalized,"Synthetic case for presentation: 2 events observed, severity=high, outcome=score_penalized.",90b1b286-043f-4b76-92e4-23c74608f5ea,"2026-09-14 15:00:00"
f1cce9e1-ef70-4ee8-87f5-947ddaac9fd7,4f1a82a1-7e06-4479-96e6-b3ea00f1acd5,488f7012-2d36-45b8-9570-92d8de7bd8f2,high,score_penalized,"Synthetic case for presentation: 3 events observed, severity=high, outcome=score_penalized.",f5b59b19-a850-4729-bd5e-fae48d817646,"2026-09-15 15:09:00"
d1fcd2e9-3982-4112-821c-b4d279446f3e,4f1a82a1-7e06-4479-96e6-b3ea00f1acd5,65e73ca6-fce9-41f2-a209-06046abde915,low,pending,"Synthetic case for presentation: 1 events observed, severity=low, outcome=pending.",,
4b3c4c89-20e5-45d0-8127-1ca6b68fd78a,4f1a82a1-7e06-4479-96e6-b3ea00f1acd5,95d44131-00fa-4429-963d-e4487538bfb3,medium,warned,"Synthetic case for presentation: 2 events observed, severity=medium, outcome=warned.",f5b59b19-a850-4729-bd5e-fae48d817646,"2026-09-17 15:27:00"
44cd6e99-2281-416c-a06d-d515fa57c8b7,4f1a82a1-7e06-4479-96e6-b3ea00f1acd5,b4705dec-31c0-4e55-a17e-ef81c2e53c2d,high,score_penalized,"Synthetic case for presentation: 3 events observed, severity=high, outcome=score_penalized.",90b1b286-043f-4b76-92e4-23c74608f5ea,"2026-09-18 15:36:00"
24cc09d6-16d7-48f6-b8c2-c761a42380fd,4bf4020d-e023-4231-9607-334bbc649a6e,ef837039-eb9e-46f7-98c8-cf34a75e8c98,low,pending,"Synthetic case for presentation: 1 events observed, severity=low, outcome=pending.",,
f643ca38-8cb7-4ca5-9ab9-1c86abfa92b3,4bf4020d-e023-4231-9607-334bbc649a6e,1ac495bb-c10e-4543-b364-268ce0b60064,medium,warned,"Synthetic case for presentation: 2 events observed, severity=medium, outcome=warned.",cd8fb403-e1f5-4681-989b-d90c1fe1a3cd,"2026-09-17 15:09:00"
d1e9c614-27c3-4460-9f66-bc7a666dcdc0,4bf4020d-e023-4231-9607-334bbc649a6e,fd81949d-e5a1-403d-8b1e-aeaf33c41aa2,high,score_penalized,"Synthetic case for presentation: 3 events observed, severity=high, outcome=score_penalized.",cd8fb403-e1f5-4681-989b-d90c1fe1a3cd,"2026-09-18 15:18:00"
25aa4517-7a29-4b60-bb96-081b8f0d6d6a,4bf4020d-e023-4231-9607-334bbc649a6e,23506ae8-2ad9-463e-b704-fcd8f063b32e,high,score_penalized,"Synthetic case for presentation: 1 events observed, severity=high, outcome=score_penalized.",cd8fb403-e1f5-4681-989b-d90c1fe1a3cd,"2026-09-19 15:27:00"
d41cf4a3-11ba-4582-94df-607ae2fe025f,4bf4020d-e023-4231-9607-334bbc649a6e,de5f7ee1-96d0-442b-8ad2-ab04433df97a,medium,warned,"Synthetic case for presentation: 2 events observed, severity=medium, outcome=warned.",90b1b286-043f-4b76-92e4-23c74608f5ea,"2026-08-26 15:36:00"
f9a07721-713e-4fdb-9223-3f8c16e3fe13,288c5100-acd3-4355-8ba9-2e3da24d39c1,a556d838-3169-41d7-b84e-c8fc91f50a80,high,score_penalized,"Synthetic case for presentation: 3 events observed, severity=high, outcome=score_penalized.",90b1b286-043f-4b76-92e4-23c74608f5ea,"2026-09-18 15:00:00"
7c1063c0-cb8d-4c46-ad0b-cf7c79962c82,288c5100-acd3-4355-8ba9-2e3da24d39c1,b4adc770-caee-4c1c-b9f4-e152cf52c3ad,high,score_penalized,"Synthetic case for presentation: 1 events observed, severity=high, outcome=score_penalized.",347dda36-f2fa-4603-b1a8-043465b89b6e,"2026-09-19 15:09:00"
60192790-5d14-4153-aa48-d7cd9937ef65,288c5100-acd3-4355-8ba9-2e3da24d39c1,d7ff0716-c11b-4cef-9b7b-0456fe125b86,medium,warned,"Synthetic case for presentation: 2 events observed, severity=medium, outcome=warned.",347dda36-f2fa-4603-b1a8-043465b89b6e,"2026-08-26 15:18:00"
77ec6871-aa21-4fba-888e-6bacabc5b0e4,288c5100-acd3-4355-8ba9-2e3da24d39c1,4d4633eb-596d-442b-af9c-63ed21438e25,critical,invalidated,"Synthetic case for presentation: 3 events observed, severity=critical, outcome=invalidated.",347dda36-f2fa-4603-b1a8-043465b89b6e,"2026-08-27 15:27:00"
054465d8-0709-4562-a515-83d91c9e2b73,288c5100-acd3-4355-8ba9-2e3da24d39c1,1a6b7065-1aed-4545-b20c-8811c19defb2,low,pending,"Synthetic case for presentation: 1 events observed, severity=low, outcome=pending.",,
b973ca98-5069-4696-960e-450366511e05,22b6b2bc-2672-4303-8de4-b042921de556,9a767a4f-f464-49af-845b-8f1fd16bcce7,medium,warned,"Synthetic case for presentation: 2 events observed, severity=medium, outcome=warned.",90b1b286-043f-4b76-92e4-23c74608f5ea,"2026-08-26 15:00:00"
74813ed2-eb3f-4b41-9f4f-f94de86aa7e9,22b6b2bc-2672-4303-8de4-b042921de556,8639dc4e-4b1c-43c1-85fd-a47650c43f38,critical,invalidated,"Synthetic case for presentation: 3 events observed, severity=critical, outcome=invalidated.",0f1452f5-72d6-4bd9-8454-8a4b1b33ff8b,"2026-08-27 15:09:00"
2e7f3678-6a40-47dc-ab2e-233b0b75bf18,22b6b2bc-2672-4303-8de4-b042921de556,1a157656-96a8-44b8-891b-f2d3de5f0d1c,low,pending,"Synthetic case for presentation: 1 events observed, severity=low, outcome=pending.",,
b9d7cb9c-014d-44c4-a06e-a76b200ab26b,22b6b2bc-2672-4303-8de4-b042921de556,82b1173e-9a13-43a8-87ce-a568cb14e641,medium,warned,"Synthetic case for presentation: 2 events observed, severity=medium, outcome=warned.",0f1452f5-72d6-4bd9-8454-8a4b1b33ff8b,"2026-08-29 15:27:00"
32c31fa2-2a5f-4836-909a-77f653b2bd5f,22b6b2bc-2672-4303-8de4-b042921de556,ae1bd6b5-5ea5-4d24-989e-22258d4a9e29,high,score_penalized,"Synthetic case for presentation: 3 events observed, severity=high, outcome=score_penalized.",90b1b286-043f-4b76-92e4-23c74608f5ea,"2026-08-30 15:36:00"
84038ef3-4738-4951-8e63-cce8be6a7516,ebf5eb47-52af-48bd-acba-fd3c39756c13,dd1b96b4-3a8c-41a0-a78b-834b78e5d9b1,low,pending,"Synthetic case for presentation: 1 events observed, severity=low, outcome=pending.",,
5b60d09b-a841-4868-b89c-f0ec37fe3328,ebf5eb47-52af-48bd-acba-fd3c39756c13,27815277-d7c4-4920-ae28-9d515aa4d752,medium,warned,"Synthetic case for presentation: 2 events observed, severity=medium, outcome=warned.",65730975-e87e-4afa-9c0f-a710ebb82f75,"2026-08-29 15:09:00"
b56806ce-2d03-4ce9-bcd5-65771f9f631b,ebf5eb47-52af-48bd-acba-fd3c39756c13,21de305d-f26f-41b3-ab7a-4af76a9c9b67,high,score_penalized,"Synthetic case for presentation: 3 events observed, severity=high, outcome=score_penalized.",65730975-e87e-4afa-9c0f-a710ebb82f75,"2026-08-30 15:18:00"
b2c102af-f18b-4048-a988-4b12ccfa267d,ebf5eb47-52af-48bd-acba-fd3c39756c13,d675c052-db78-4456-b2f8-9c964ae69bb7,low,pending,"Synthetic case for presentation: 1 events observed, severity=low, outcome=pending.",,
da311d92-8733-4cc4-b6b1-ceb239d5bd59,ebf5eb47-52af-48bd-acba-fd3c39756c13,fb4f3335-a9af-49c5-897b-53a6bb31d9b4,high,score_penalized,"Synthetic case for presentation: 2 events observed, severity=high, outcome=score_penalized.",90b1b286-043f-4b76-92e4-23c74608f5ea,"2026-09-01 15:36:00"
bb8b6754-2a13-4e9b-8505-8efc6c03f9af,22d4467e-c0a8-47a2-82b1-b5b7f6b35a7d,445a3794-4983-4b7d-b849-59152aa613c3,high,score_penalized,"Synthetic case for presentation: 3 events observed, severity=high, outcome=score_penalized.",90b1b286-043f-4b76-92e4-23c74608f5ea,"2026-08-30 15:00:00"
122177ea-cfe4-4dab-bea8-39e09b780e30,22d4467e-c0a8-47a2-82b1-b5b7f6b35a7d,612c9379-36ac-4de1-bb5a-e40920e2c91c,low,pending,"Synthetic case for presentation: 1 events observed, severity=low, outcome=pending.",,
bf22e4fc-047b-494f-96d7-22370cded85b,22d4467e-c0a8-47a2-82b1-b5b7f6b35a7d,8d4376e3-77bf-49f5-baa2-3221ea00750a,high,score_penalized,"Synthetic case for presentation: 2 events observed, severity=high, outcome=score_penalized.",a1255d23-c722-4dae-9b2c-2d3b4633951c,"2026-09-01 15:18:00"
8dbe4d2c-a8e6-4d1b-b3a3-347ced605ebe,22d4467e-c0a8-47a2-82b1-b5b7f6b35a7d,698e6dfc-63f6-4566-8431-e47fb0c19dd8,high,score_penalized,"Synthetic case for presentation: 3 events observed, severity=high, outcome=score_penalized.",a1255d23-c722-4dae-9b2c-2d3b4633951c,"2026-09-02 15:27:00"
df366d77-0432-4bd3-a51c-1f001b8d46d8,22d4467e-c0a8-47a2-82b1-b5b7f6b35a7d,8da5f664-7bb3-45c1-94c5-f80de63ce70a,low,pending,"Synthetic case for presentation: 1 events observed, severity=low, outcome=pending.",,
40c373fa-600f-4170-8073-fad47706bdbf,8df884cd-5c5b-4d96-afd8-f84e03e0f904,30104780-a03e-4bfd-a760-cce00222511a,high,score_penalized,"Synthetic case for presentation: 2 events observed, severity=high, outcome=score_penalized.",90b1b286-043f-4b76-92e4-23c74608f5ea,"2026-09-01 15:00:00"
21431ce3-9c2c-496a-a738-9154a9ebc9bc,8df884cd-5c5b-4d96-afd8-f84e03e0f904,5c3195d2-4acc-403c-a85c-e24671c597e5,high,score_penalized,"Synthetic case for presentation: 3 events observed, severity=high, outcome=score_penalized.",09690f7f-aeb9-45d4-829d-fa314d5250be,"2026-09-02 15:09:00"
d903de80-207f-4be0-b11c-1ca79f154e2a,8df884cd-5c5b-4d96-afd8-f84e03e0f904,ee80853e-0a66-403b-853f-0ca66831b6cc,low,pending,"Synthetic case for presentation: 1 events observed, severity=low, outcome=pending.",,
3c4db177-874e-477c-acd3-59cf4275808f,8df884cd-5c5b-4d96-afd8-f84e03e0f904,b0c67604-874d-4a18-9f44-61e38142f59e,medium,warned,"Synthetic case for presentation: 2 events observed, severity=medium, outcome=warned.",09690f7f-aeb9-45d4-829d-fa314d5250be,"2026-09-04 15:27:00"
c311735c-6517-4a69-b0bf-afb8d261358e,8df884cd-5c5b-4d96-afd8-f84e03e0f904,ab2d5a4b-f92f-4303-9202-fa6ff358bcb3,high,score_penalized,"Synthetic case for presentation: 3 events observed, severity=high, outcome=score_penalized.",90b1b286-043f-4b76-92e4-23c74608f5ea,"2026-09-05 15:36:00"
73d7faa1-def8-49c2-a484-372ff29873a6,25b3de7d-e53e-429a-af68-1b65cb80f315,ac450422-b897-4284-927a-24ba2eba2db3,low,pending,"Synthetic case for presentation: 1 events observed, severity=low, outcome=pending.",,
a337f3f5-da77-4b87-b86a-616084181252,25b3de7d-e53e-429a-af68-1b65cb80f315,c8c4b51c-5338-4fff-a7f6-ea23dc857f89,medium,warned,"Synthetic case for presentation: 2 events observed, severity=medium, outcome=warned.",c2dbcc09-6f80-4947-8573-cebe548056b4,"2026-09-04 15:09:00"
f76e5def-b42f-4ee1-9dcd-02505d78627a,25b3de7d-e53e-429a-af68-1b65cb80f315,4f42a83d-9633-487b-981c-1db1e1200e41,high,score_penalized,"Synthetic case for presentation: 3 events observed, severity=high, outcome=score_penalized.",c2dbcc09-6f80-4947-8573-cebe548056b4,"2026-09-05 15:18:00"
6814bd55-4026-41c2-b304-d5cb3c59a075,25b3de7d-e53e-429a-af68-1b65cb80f315,fdcf8143-2e5c-4bba-ad3c-370a0c47a2a3,high,score_penalized,"Synthetic case for presentation: 1 events observed, severity=high, outcome=score_penalized.",c2dbcc09-6f80-4947-8573-cebe548056b4,"2026-09-06 15:27:00"
4f8e225c-01ae-459b-bdfd-754c8f2238d3,25b3de7d-e53e-429a-af68-1b65cb80f315,02b9b15c-cea4-4c46-a862-a7f421bdabd9,medium,warned,"Synthetic case for presentation: 2 events observed, severity=medium, outcome=warned.",90b1b286-043f-4b76-92e4-23c74608f5ea,"2026-09-07 15:36:00"
4da97683-9ffa-41ea-93c8-f032e54c6da5,82929c29-e531-45ce-8f37-c65b9f55508f,2bc1cda8-2c33-4bae-b725-4e9a5d2d25dd,high,score_penalized,"Synthetic case for presentation: 3 events observed, severity=high, outcome=score_penalized.",90b1b286-043f-4b76-92e4-23c74608f5ea,"2026-09-05 15:00:00"
752a5533-9476-4a10-9d91-69e6236c7263,82929c29-e531-45ce-8f37-c65b9f55508f,905f2dac-28ab-4335-8078-3bc178a8e806,high,score_penalized,"Synthetic case for presentation: 1 events observed, severity=high, outcome=score_penalized.",ebdcdb2d-f859-4b6b-80be-40f2db2f66a9,"2026-09-06 15:09:00"
2cd2375e-beec-48a1-b2af-da90974441c5,82929c29-e531-45ce-8f37-c65b9f55508f,ec4125f0-f72f-42f0-9071-bf0fd9bf64b2,medium,warned,"Synthetic case for presentation: 2 events observed, severity=medium, outcome=warned.",ebdcdb2d-f859-4b6b-80be-40f2db2f66a9,"2026-09-07 15:18:00"
621ad6a3-d7a4-4eca-b509-4cccaae5cb2a,82929c29-e531-45ce-8f37-c65b9f55508f,aa5ef489-b680-4c30-9628-3c5cb0ba14d4,critical,invalidated,"Synthetic case for presentation: 3 events observed, severity=critical, outcome=invalidated.",ebdcdb2d-f859-4b6b-80be-40f2db2f66a9,"2026-09-08 15:27:00"
3cf1742c-4ada-421d-9879-ab0da6ea92df,82929c29-e531-45ce-8f37-c65b9f55508f,18910ae2-fb36-45d3-818b-e978879d303a,low,pending,"Synthetic case for presentation: 1 events observed, severity=low, outcome=pending.",,
cc1a3762-51ff-42d3-81a4-9ca10880898f,56affc46-c592-472a-9ff5-74121e8c6d32,bdf6e743-f264-449c-acbe-8eb66d676ec8,medium,warned,"Synthetic case for presentation: 2 events observed, severity=medium, outcome=warned.",90b1b286-043f-4b76-92e4-23c74608f5ea,"2026-09-07 15:00:00"
d5f25ef4-bce6-42b2-bacd-0ca9c07b4dc0,56affc46-c592-472a-9ff5-74121e8c6d32,53d171a8-f8cb-441c-ad21-4e68c3503b70,critical,invalidated,"Synthetic case for presentation: 3 events observed, severity=critical, outcome=invalidated.",2544a02e-ddb3-4bda-8d9d-f04e1e23ce37,"2026-09-08 15:09:00"
8160e3dc-a5f7-41a8-b13e-4b0f806329ee,56affc46-c592-472a-9ff5-74121e8c6d32,2d6590e1-0e4c-41a5-b77e-267bf62c0da1,low,pending,"Synthetic case for presentation: 1 events observed, severity=low, outcome=pending.",,
d03c02dd-9a85-437b-ba5d-f695d48ca5a4,56affc46-c592-472a-9ff5-74121e8c6d32,e0569c84-ca01-4a80-ba31-673c7755dd47,medium,warned,"Synthetic case for presentation: 2 events observed, severity=medium, outcome=warned.",2544a02e-ddb3-4bda-8d9d-f04e1e23ce37,"2026-09-10 15:27:00"
1512bc27-1b6a-474a-aeaf-a9cd57d348fb,56affc46-c592-472a-9ff5-74121e8c6d32,63167ac6-39d5-4ee1-98c6-84486a3d1324,high,score_penalized,"Synthetic case for presentation: 3 events observed, severity=high, outcome=score_penalized.",90b1b286-043f-4b76-92e4-23c74608f5ea,"2026-09-11 15:36:00"
2524c0ac-d0c5-4e12-9a7d-4cff1e36311f,197e62f1-a6bf-4d47-a72e-35beb25388a6,823352af-e47a-40d6-a376-54f45cab25c5,low,pending,"Synthetic case for presentation: 1 events observed, severity=low, outcome=pending.",,
ca53f206-73c7-491d-b1b6-e741c378b6db,197e62f1-a6bf-4d47-a72e-35beb25388a6,551dd8d7-356d-49f1-baa8-9c256e76f64f,medium,warned,"Synthetic case for presentation: 2 events observed, severity=medium, outcome=warned.",3ad43095-bef9-40a8-8a94-f55d754dcf9b,"2026-09-10 15:09:00"
4580de33-cf64-4733-a396-c087ff6832e1,197e62f1-a6bf-4d47-a72e-35beb25388a6,dde38a31-a7e1-441b-9544-b00e13d73476,high,score_penalized,"Synthetic case for presentation: 3 events observed, severity=high, outcome=score_penalized.",3ad43095-bef9-40a8-8a94-f55d754dcf9b,"2026-09-11 15:18:00"
cb56ec94-dd16-40dc-9766-bc0e47aa173e,197e62f1-a6bf-4d47-a72e-35beb25388a6,459aac54-7588-4b35-af15-03b624ca6ebf,low,pending,"Synthetic case for presentation: 1 events observed, severity=low, outcome=pending.",,
0da50421-5a46-4fdd-9567-cbdbb0d99623,197e62f1-a6bf-4d47-a72e-35beb25388a6,b00414eb-434d-493b-bd32-4b3b6a53b751,high,score_penalized,"Synthetic case for presentation: 2 events observed, severity=high, outcome=score_penalized.",90b1b286-043f-4b76-92e4-23c74608f5ea,"2026-09-13 15:36:00"
7b4ead8f-eb4d-49ac-9975-989d6762bbd9,b722f600-19ea-4240-9406-0b7e777a3974,0d62a222-1189-4c4f-8d3a-069dcae6139f,high,score_penalized,"Synthetic case for presentation: 3 events observed, severity=high, outcome=score_penalized.",90b1b286-043f-4b76-92e4-23c74608f5ea,"2026-09-11 15:00:00"
f839c6a7-5cd7-41d5-8805-0f4bc8c97881,b722f600-19ea-4240-9406-0b7e777a3974,702a389e-6ecc-4ae1-af8b-8ff18e59065f,low,pending,"Synthetic case for presentation: 1 events observed, severity=low, outcome=pending.",,
621dc57c-c8d9-4c03-a104-ae2d7da68686,b722f600-19ea-4240-9406-0b7e777a3974,97828a41-1e9b-409f-9ec8-8a69ac60384f,high,score_penalized,"Synthetic case for presentation: 2 events observed, severity=high, outcome=score_penalized.",3be9e491-cd1e-4380-bdf7-88cbc198ef59,"2026-09-13 15:18:00"
21a61450-1e09-49cd-a425-5064d78a6fa5,b722f600-19ea-4240-9406-0b7e777a3974,5193b7f1-ec61-495d-87f0-c6b9ae2d0c02,high,score_penalized,"Synthetic case for presentation: 3 events observed, severity=high, outcome=score_penalized.",3be9e491-cd1e-4380-bdf7-88cbc198ef59,"2026-09-14 15:27:00"
58e0a10d-9dad-4075-86d7-d651b7fb6007,b722f600-19ea-4240-9406-0b7e777a3974,9db3a63e-9bef-427a-9f43-60636e15c01c,low,pending,"Synthetic case for presentation: 1 events observed, severity=low, outcome=pending.",,
c6d01f83-cf60-4141-9dae-2b68bf1e5a89,b47330f0-c30f-4fc8-bbdd-729c2142ded6,eb3d0c73-2ebb-43bc-9a3a-60e7e571adcd,high,score_penalized,"Synthetic case for presentation: 2 events observed, severity=high, outcome=score_penalized.",90b1b286-043f-4b76-92e4-23c74608f5ea,"2026-09-13 15:00:00"
b13e6fac-fd68-4062-9377-2bce66b9c335,b47330f0-c30f-4fc8-bbdd-729c2142ded6,5f83da49-0a84-42e7-a5e7-07ddad6d3afa,high,score_penalized,"Synthetic case for presentation: 3 events observed, severity=high, outcome=score_penalized.",4dfad93c-955c-4635-ba03-bbf6791e54d4,"2026-09-14 15:09:00"
77765d94-af2e-43d1-a021-a740bbe8a62c,b47330f0-c30f-4fc8-bbdd-729c2142ded6,3c3f38e3-3886-4c01-a30f-b4b221aa6923,low,pending,"Synthetic case for presentation: 1 events observed, severity=low, outcome=pending.",,
2dc1902e-80a2-4f7b-a535-d7f1f36c7da8,b47330f0-c30f-4fc8-bbdd-729c2142ded6,4216528e-559f-4afa-a92b-1ff88e4c8e06,medium,warned,"Synthetic case for presentation: 2 events observed, severity=medium, outcome=warned.",4dfad93c-955c-4635-ba03-bbf6791e54d4,"2026-09-16 15:27:00"
371afe2a-c46c-45f8-8542-86191ee16f19,b47330f0-c30f-4fc8-bbdd-729c2142ded6,3c68e454-91df-410d-94da-c772f2feebc0,high,score_penalized,"Synthetic case for presentation: 3 events observed, severity=high, outcome=score_penalized.",90b1b286-043f-4b76-92e4-23c74608f5ea,"2026-09-17 15:36:00"
3c28e43a-6d26-41bc-8e03-d923d95b5d59,21e1effd-ce04-47f9-bd39-6fdce20adc50,c81903cd-7f2f-4378-8df4-238b980f18ab,low,pending,"Synthetic case for presentation: 1 events observed, severity=low, outcome=pending.",,
e94e3795-6252-485b-a65e-fba6f4c262be,21e1effd-ce04-47f9-bd39-6fdce20adc50,b070b197-cb04-4c3a-a509-8ed70b9e68c8,medium,warned,"Synthetic case for presentation: 2 events observed, severity=medium, outcome=warned.",0d1db276-f9a8-4629-b312-6ff5df54ef9c,"2026-09-16 15:09:00"
d947982c-d171-46bb-9a49-4e0ec7891b48,21e1effd-ce04-47f9-bd39-6fdce20adc50,f1fc743f-85ac-4533-bbe0-dcbbbf676fa8,high,score_penalized,"Synthetic case for presentation: 3 events observed, severity=high, outcome=score_penalized.",0d1db276-f9a8-4629-b312-6ff5df54ef9c,"2026-09-17 15:18:00"
37ff3b18-3c15-4003-a464-d40962088281,21e1effd-ce04-47f9-bd39-6fdce20adc50,6e10fa92-4655-4951-8cd2-11ba83e649ba,high,score_penalized,"Synthetic case for presentation: 1 events observed, severity=high, outcome=score_penalized.",0d1db276-f9a8-4629-b312-6ff5df54ef9c,"2026-09-18 15:27:00"
daeb9fc2-9393-43ba-9626-ea3c6071f539,21e1effd-ce04-47f9-bd39-6fdce20adc50,c3e67d74-8688-40e4-9026-ad06e149d91a,medium,warned,"Synthetic case for presentation: 2 events observed, severity=medium, outcome=warned.",90b1b286-043f-4b76-92e4-23c74608f5ea,"2026-09-19 15:36:00"
dc88fb7b-c97b-4bb0-864d-2404b250e710,adaa4c7c-5d93-4354-a56a-07fa17251b4c,7668abff-6225-4c31-bb1d-b984186bb6a8,high,score_penalized,"Synthetic case for presentation: 3 events observed, severity=high, outcome=score_penalized.",90b1b286-043f-4b76-92e4-23c74608f5ea,"2026-09-17 15:00:00"
0b3df5bd-1faf-4462-8b02-09e4004d6cfd,adaa4c7c-5d93-4354-a56a-07fa17251b4c,0631b348-2735-43d9-a3b0-b5486ab0a29a,high,score_penalized,"Synthetic case for presentation: 1 events observed, severity=high, outcome=score_penalized.",5b9d97b6-aa64-4032-8720-e4f5e2a560eb,"2026-09-18 15:09:00"
d35e615a-526d-4cf9-ab9b-3926775db5dd,adaa4c7c-5d93-4354-a56a-07fa17251b4c,ba9df2ad-14ea-4069-bd00-02dda9c28846,medium,warned,"Synthetic case for presentation: 2 events observed, severity=medium, outcome=warned.",5b9d97b6-aa64-4032-8720-e4f5e2a560eb,"2026-09-19 15:18:00"
69b2b004-fb0a-42d1-a425-ef4b1b1d36f5,adaa4c7c-5d93-4354-a56a-07fa17251b4c,03e14429-142f-4232-9b1e-c086adb7af51,critical,invalidated,"Synthetic case for presentation: 3 events observed, severity=critical, outcome=invalidated.",5b9d97b6-aa64-4032-8720-e4f5e2a560eb,"2026-08-26 15:27:00"
217f0088-8952-47c1-8577-394614d6ffb3,adaa4c7c-5d93-4354-a56a-07fa17251b4c,e85e14da-89cf-4684-8102-3b8da8fc8ec3,low,pending,"Synthetic case for presentation: 1 events observed, severity=low, outcome=pending.",,
6c415279-b48e-4741-9891-0fa56d0b1d11,afbbefca-10a7-4325-93a6-6ebb9c658b2e,b83f6ef0-6b95-4586-b346-906db844b78e,medium,warned,"Synthetic case for presentation: 2 events observed, severity=medium, outcome=warned.",90b1b286-043f-4b76-92e4-23c74608f5ea,"2026-09-19 15:00:00"
35197916-9353-414c-b1db-f151c335be44,afbbefca-10a7-4325-93a6-6ebb9c658b2e,bbbf19b2-0297-43a2-a0f1-1fe82174edcd,critical,invalidated,"Synthetic case for presentation: 3 events observed, severity=critical, outcome=invalidated.",51d39c6a-614f-47e7-8fb9-0c7ce6dd0c78,"2026-08-26 15:09:00"
f1d56664-a7b6-4a38-a6e5-17467d1463aa,afbbefca-10a7-4325-93a6-6ebb9c658b2e,3eacab6c-d45f-4dbf-906e-a2ab24678e21,low,pending,"Synthetic case for presentation: 1 events observed, severity=low, outcome=pending.",,
2db41404-b221-447c-b1dd-70a332a16f7f,afbbefca-10a7-4325-93a6-6ebb9c658b2e,17d10c63-6861-44d9-98e5-8f9a9bb95fbe,medium,warned,"Synthetic case for presentation: 2 events observed, severity=medium, outcome=warned.",51d39c6a-614f-47e7-8fb9-0c7ce6dd0c78,"2026-08-28 15:27:00"
63a1fcf5-ac2a-4733-aafb-c35a659068a4,afbbefca-10a7-4325-93a6-6ebb9c658b2e,877dc7cf-e557-47a0-b13b-b68e5fee8408,high,score_penalized,"Synthetic case for presentation: 3 events observed, severity=high, outcome=score_penalized.",90b1b286-043f-4b76-92e4-23c74608f5ea,"2026-08-29 15:36:00"
4d44965c-9747-4d22-87d2-3d91033a07a3,7a8eaff6-1750-4dd8-b26c-d74f9976f505,173a4ddc-8a48-44ba-b557-bebbfd0c2f21,low,pending,"Synthetic case for presentation: 1 events observed, severity=low, outcome=pending.",,
2c3ef707-12b6-46ae-be3e-476ce067cd15,7a8eaff6-1750-4dd8-b26c-d74f9976f505,4a5b2438-35fb-4022-a0e2-555051df8ee3,medium,warned,"Synthetic case for presentation: 2 events observed, severity=medium, outcome=warned.",183cbf94-a817-4b82-a590-ea88d724dc3c,"2026-08-28 15:09:00"
42b48f9d-95b0-498b-86e6-487d7f7020e4,7a8eaff6-1750-4dd8-b26c-d74f9976f505,8310cec7-9f96-45a6-bd1a-9e09af34fe0e,high,score_penalized,"Synthetic case for presentation: 3 events observed, severity=high, outcome=score_penalized.",183cbf94-a817-4b82-a590-ea88d724dc3c,"2026-08-29 15:18:00"
65501614-3303-490a-9ab6-c376040fa8f8,7a8eaff6-1750-4dd8-b26c-d74f9976f505,92fbf5d2-92e6-428f-8b6b-f08bdec0abcd,low,pending,"Synthetic case for presentation: 1 events observed, severity=low, outcome=pending.",,
8549c3ed-db24-4895-ac41-62705a489be6,7a8eaff6-1750-4dd8-b26c-d74f9976f505,19cb4a9e-b5ca-4d9a-8d58-30f497a06531,high,score_penalized,"Synthetic case for presentation: 2 events observed, severity=high, outcome=score_penalized.",90b1b286-043f-4b76-92e4-23c74608f5ea,"2026-08-31 15:36:00"
722588b5-5340-4dd8-8c05-e17c46bd6c62,84e3bfb5-b21a-45b6-8f5c-29f5d5c2216c,0b19b2da-08e6-4b92-a5df-fb2971477e72,high,score_penalized,"Synthetic case for presentation: 3 events observed, severity=high, outcome=score_penalized.",90b1b286-043f-4b76-92e4-23c74608f5ea,"2026-08-29 15:00:00"
58b724ec-668f-4343-a0f0-57ec81fdbc85,84e3bfb5-b21a-45b6-8f5c-29f5d5c2216c,4da1a21a-53a2-4bad-8627-7dbdb92de54e,low,pending,"Synthetic case for presentation: 1 events observed, severity=low, outcome=pending.",,
403cbdeb-c296-4f1a-8e61-2c702dc13208,84e3bfb5-b21a-45b6-8f5c-29f5d5c2216c,f6632347-d38e-4f82-9293-f2a758d5e625,high,score_penalized,"Synthetic case for presentation: 2 events observed, severity=high, outcome=score_penalized.",4b0676a3-b2aa-4f45-96ef-86cb2ab5fd90,"2026-08-31 15:18:00"
1f9ef7a0-de1d-4ede-8de9-ffefd6d33640,84e3bfb5-b21a-45b6-8f5c-29f5d5c2216c,549a8239-b420-4d4f-b2e9-adbf87763cf8,high,score_penalized,"Synthetic case for presentation: 3 events observed, severity=high, outcome=score_penalized.",4b0676a3-b2aa-4f45-96ef-86cb2ab5fd90,"2026-09-01 15:27:00"
e7f08a9b-2cc2-4678-9443-016fa422c1da,84e3bfb5-b21a-45b6-8f5c-29f5d5c2216c,e7c7c339-183e-42b9-a506-7e669ca1bdac,low,pending,"Synthetic case for presentation: 1 events observed, severity=low, outcome=pending.",,
df2ed192-1dc7-4c59-ab53-a05199edf25c,2e974ccc-bec5-4acc-b48f-d18c589af885,00806a80-6872-4362-af1b-9ea15ad81af9,high,score_penalized,"Synthetic case for presentation: 2 events observed, severity=high, outcome=score_penalized.",90b1b286-043f-4b76-92e4-23c74608f5ea,"2026-08-31 15:00:00"
9bc2f9a1-445e-4448-8c52-378dc1a0ce2a,2e974ccc-bec5-4acc-b48f-d18c589af885,fc7b5b1c-510a-4af7-a3a0-e8dffff083b2,high,score_penalized,"Synthetic case for presentation: 3 events observed, severity=high, outcome=score_penalized.",fb5a45ec-e29d-4fe4-b9ec-fb67743aef7a,"2026-09-01 15:09:00"
481e4d97-2106-4b3e-9bbf-2e01d1b22df7,2e974ccc-bec5-4acc-b48f-d18c589af885,07cbeb69-9514-4ea7-af87-8f017bc5cc9e,low,pending,"Synthetic case for presentation: 1 events observed, severity=low, outcome=pending.",,
6bd55fca-6447-43dd-85fd-2288683cd52d,2e974ccc-bec5-4acc-b48f-d18c589af885,b2b4d66c-1e2b-4d23-ae7f-bf0388337940,medium,warned,"Synthetic case for presentation: 2 events observed, severity=medium, outcome=warned.",fb5a45ec-e29d-4fe4-b9ec-fb67743aef7a,"2026-09-03 15:27:00"
384251fe-1e26-491d-a4a1-4fbbd80b5244,2e974ccc-bec5-4acc-b48f-d18c589af885,8350aa8c-6e71-4016-99fa-4448fd5b3834,high,score_penalized,"Synthetic case for presentation: 3 events observed, severity=high, outcome=score_penalized.",90b1b286-043f-4b76-92e4-23c74608f5ea,"2026-09-04 15:36:00"
92955aa5-f4f4-42b9-8282-babe4ca026d1,401a0c8a-a026-4f64-ba14-6b87ea565639,a173a395-eb18-4dfe-a94f-1cdfc448c430,low,pending,"Synthetic case for presentation: 1 events observed, severity=low, outcome=pending.",,
1fe77a6f-7454-4726-a35f-962c03a50b50,401a0c8a-a026-4f64-ba14-6b87ea565639,356eda07-731f-4df7-b49c-8bca171b0893,medium,warned,"Synthetic case for presentation: 2 events observed, severity=medium, outcome=warned.",0ab1085f-1aa9-42d0-a746-61d190693b91,"2026-09-03 15:09:00"
61151568-9e8f-4239-b875-4152eaa6d9ea,401a0c8a-a026-4f64-ba14-6b87ea565639,2168be45-1dbf-4df5-9001-9864d98c9fc5,high,score_penalized,"Synthetic case for presentation: 3 events observed, severity=high, outcome=score_penalized.",0ab1085f-1aa9-42d0-a746-61d190693b91,"2026-09-04 15:18:00"
8f8e07c5-6f72-44c0-ae8a-bab72b7bc97b,401a0c8a-a026-4f64-ba14-6b87ea565639,06b15db8-12e4-4410-99ba-d6df7f0c1d9d,high,score_penalized,"Synthetic case for presentation: 1 events observed, severity=high, outcome=score_penalized.",0ab1085f-1aa9-42d0-a746-61d190693b91,"2026-09-05 15:27:00"
9bb2549c-deda-4ad8-9a9e-28c3679f5170,401a0c8a-a026-4f64-ba14-6b87ea565639,63f35f9c-fe94-47f5-99e2-2c04482c50d9,medium,warned,"Synthetic case for presentation: 2 events observed, severity=medium, outcome=warned.",90b1b286-043f-4b76-92e4-23c74608f5ea,"2026-09-06 15:36:00"
1aa5749f-b25f-4a66-a687-8cffadb4f46b,74a10789-8253-4151-bd81-8885486a0f08,325f8f44-b6a3-4245-85a6-d380569fb2ee,high,score_penalized,"Synthetic case for presentation: 3 events observed, severity=high, outcome=score_penalized.",90b1b286-043f-4b76-92e4-23c74608f5ea,"2026-09-04 15:00:00"
eae37006-51e4-476f-a4ed-399523deb9c6,74a10789-8253-4151-bd81-8885486a0f08,cb47cac2-b042-44bb-808c-e8b6f194928c,high,score_penalized,"Synthetic case for presentation: 1 events observed, severity=high, outcome=score_penalized.",a09206e0-b8da-4645-b0ec-90557586827f,"2026-09-05 15:09:00"
391e667a-f620-4c0c-aa1c-dd4c8745be65,74a10789-8253-4151-bd81-8885486a0f08,e7a98deb-f17f-4cad-ab90-4ff2542ed4a1,medium,warned,"Synthetic case for presentation: 2 events observed, severity=medium, outcome=warned.",a09206e0-b8da-4645-b0ec-90557586827f,"2026-09-06 15:18:00"
9c2aaeff-095d-44ce-8e4e-d9f5401faec1,74a10789-8253-4151-bd81-8885486a0f08,3f01a68f-4350-4373-a3a9-f2164513dbd5,critical,invalidated,"Synthetic case for presentation: 3 events observed, severity=critical, outcome=invalidated.",a09206e0-b8da-4645-b0ec-90557586827f,"2026-09-07 15:27:00"
61c149a6-7b39-40c5-ba08-22faf4adf36e,74a10789-8253-4151-bd81-8885486a0f08,55ee2ab4-7845-42da-8dc4-2792f5c717c2,low,pending,"Synthetic case for presentation: 1 events observed, severity=low, outcome=pending.",,
f6084cea-8cf8-4c65-add2-f841a0fca146,f8929c7b-b68e-47db-bac6-34060290c98e,4ae48306-e5ba-4a96-89a9-a3828dce0373,medium,warned,"Synthetic case for presentation: 2 events observed, severity=medium, outcome=warned.",90b1b286-043f-4b76-92e4-23c74608f5ea,"2026-09-06 15:00:00"
bc505a1c-bb9f-43fd-b28f-a0d2e4a0a206,f8929c7b-b68e-47db-bac6-34060290c98e,2f98311c-c73d-41f5-b12e-66f3e6eafa62,critical,invalidated,"Synthetic case for presentation: 3 events observed, severity=critical, outcome=invalidated.",73d372c3-fcd3-4a48-9e0a-a79ee3fecd38,"2026-09-07 15:09:00"
c8434567-dc6d-4fe8-a1d5-806c04228e73,f8929c7b-b68e-47db-bac6-34060290c98e,6b031a8b-2a89-40d8-a058-584fb3a3648f,low,pending,"Synthetic case for presentation: 1 events observed, severity=low, outcome=pending.",,
bab6e2c7-517e-410b-8da4-e0535186aa99,f8929c7b-b68e-47db-bac6-34060290c98e,dfed6f89-a40d-4376-9cb9-528836fc327b,medium,warned,"Synthetic case for presentation: 2 events observed, severity=medium, outcome=warned.",73d372c3-fcd3-4a48-9e0a-a79ee3fecd38,"2026-09-09 15:27:00"
fcbe498f-580b-43bb-86f9-6a5dcec00887,f8929c7b-b68e-47db-bac6-34060290c98e,21020a73-cb3a-4f3a-ac33-0d559e432fe5,high,score_penalized,"Synthetic case for presentation: 3 events observed, severity=high, outcome=score_penalized.",90b1b286-043f-4b76-92e4-23c74608f5ea,"2026-09-10 15:36:00"
e4f78ead-0828-460b-b7f4-37197fce639e,1dc96194-7703-443d-837f-0104182215ef,7e77af00-f087-480d-b084-1550daa7c973,low,pending,"Synthetic case for presentation: 1 events observed, severity=low, outcome=pending.",,
e8c21a99-fe9c-489c-a14a-449116d6ffe5,1dc96194-7703-443d-837f-0104182215ef,0bfcadc9-4da5-4390-95f0-ffc12924a578,medium,warned,"Synthetic case for presentation: 2 events observed, severity=medium, outcome=warned.",8ecb3da4-50ac-476e-82ec-9d4fe9a4e2e1,"2026-09-09 15:09:00"
c38eb781-979c-42a2-9786-ae214f54e2cc,1dc96194-7703-443d-837f-0104182215ef,0ca6e245-201a-4fc4-85b8-7e51f2cf8a60,high,score_penalized,"Synthetic case for presentation: 3 events observed, severity=high, outcome=score_penalized.",8ecb3da4-50ac-476e-82ec-9d4fe9a4e2e1,"2026-09-10 15:18:00"
099805e6-4f08-4ff2-aae0-c0fca91060f9,1dc96194-7703-443d-837f-0104182215ef,312c75d2-30f8-4ea8-89a8-5305716b36d9,low,pending,"Synthetic case for presentation: 1 events observed, severity=low, outcome=pending.",,
06e54def-97b4-42d8-a1a0-efb3a6109915,1dc96194-7703-443d-837f-0104182215ef,e1bc4eba-c818-4ccd-be86-0efe334c3e3d,high,score_penalized,"Synthetic case for presentation: 2 events observed, severity=high, outcome=score_penalized.",90b1b286-043f-4b76-92e4-23c74608f5ea,"2026-09-12 15:36:00"
42672d3f-5778-4616-9721-0675d3a5d1fd,afbaa12e-ab80-4b04-8673-a43d6193f61e,a61e0745-e812-4329-be8f-8f531f989ad0,high,score_penalized,"Synthetic case for presentation: 3 events observed, severity=high, outcome=score_penalized.",90b1b286-043f-4b76-92e4-23c74608f5ea,"2026-09-10 15:00:00"
17497e7e-a81e-42b8-a586-f4024ca1b605,afbaa12e-ab80-4b04-8673-a43d6193f61e,813aaf00-e824-4121-95ff-dc575d2768d1,low,pending,"Synthetic case for presentation: 1 events observed, severity=low, outcome=pending.",,
61a3d8c9-c7b3-41e0-a65c-9f84221df278,afbaa12e-ab80-4b04-8673-a43d6193f61e,ea394e24-e712-42f0-81d5-15b11833db9b,high,score_penalized,"Synthetic case for presentation: 2 events observed, severity=high, outcome=score_penalized.",55bcfff3-106f-48f2-b0b3-c4a74957523b,"2026-09-12 15:18:00"
b0b14f1e-bcb8-476c-b6ed-b98ce8521ffb,afbaa12e-ab80-4b04-8673-a43d6193f61e,a8045447-5598-419b-87b5-ebbf13e1e1e1,high,score_penalized,"Synthetic case for presentation: 3 events observed, severity=high, outcome=score_penalized.",55bcfff3-106f-48f2-b0b3-c4a74957523b,"2026-09-13 15:27:00"
2a0877ac-055e-4222-adbf-5b4aabfb7f8c,afbaa12e-ab80-4b04-8673-a43d6193f61e,d0896b17-1ae3-49f7-bf4e-07d35c30df47,low,pending,"Synthetic case for presentation: 1 events observed, severity=low, outcome=pending.",,
a0483355-1e5a-4b10-99e8-0b6dd6714809,b24ca37a-1c5f-470b-a6a3-bdb950c6c669,b1144de5-7713-42b2-964c-70eb58960079,high,score_penalized,"Synthetic case for presentation: 2 events observed, severity=high, outcome=score_penalized.",90b1b286-043f-4b76-92e4-23c74608f5ea,"2026-09-12 15:00:00"
a6c3f7ed-7c4e-4e93-9d76-7754c550d1ae,b24ca37a-1c5f-470b-a6a3-bdb950c6c669,7961d09a-d1ea-48c6-b14f-e61a2738b8ec,high,score_penalized,"Synthetic case for presentation: 3 events observed, severity=high, outcome=score_penalized.",31aa9f9b-c54b-4882-be4e-8b5630c608d2,"2026-09-13 15:09:00"
9761a7f7-d1f3-4baa-ba84-648abc33af5f,b24ca37a-1c5f-470b-a6a3-bdb950c6c669,432ab93b-26b3-4fc1-884c-e9c10ee9ddc0,low,pending,"Synthetic case for presentation: 1 events observed, severity=low, outcome=pending.",,
b32744c0-a722-496d-9cbc-c61def44a852,b24ca37a-1c5f-470b-a6a3-bdb950c6c669,1a3b4b15-1759-4e48-a91f-fd860db0489e,medium,warned,"Synthetic case for presentation: 2 events observed, severity=medium, outcome=warned.",31aa9f9b-c54b-4882-be4e-8b5630c608d2,"2026-09-15 15:27:00"
8171631f-10bd-454d-9c5f-fc4494106c47,b24ca37a-1c5f-470b-a6a3-bdb950c6c669,8bb76231-0bd1-4d5d-8536-b53e28187098,high,score_penalized,"Synthetic case for presentation: 3 events observed, severity=high, outcome=score_penalized.",90b1b286-043f-4b76-92e4-23c74608f5ea,"2026-09-16 15:36:00"
1e158701-950f-4d54-89cc-3c40ab310424,5f745db8-059f-4a02-872e-a2d42ac10a6e,6b0fc8e9-c839-411f-a23e-d20e71c4038d,low,pending,"Synthetic case for presentation: 1 events observed, severity=low, outcome=pending.",,
0ffb86e2-bb09-4d0e-9c39-b3245822ccab,5f745db8-059f-4a02-872e-a2d42ac10a6e,8be06e0f-d789-4a31-a1af-0ab9965e9f80,medium,warned,"Synthetic case for presentation: 2 events observed, severity=medium, outcome=warned.",94e67178-6c77-4cfa-8385-ee7ff2b9d325,"2026-09-15 15:09:00"
e99a8d1c-6c97-4d95-934d-f0677aec1c87,5f745db8-059f-4a02-872e-a2d42ac10a6e,41ca44f4-e802-48ed-85bf-7fa55783afa4,high,score_penalized,"Synthetic case for presentation: 3 events observed, severity=high, outcome=score_penalized.",94e67178-6c77-4cfa-8385-ee7ff2b9d325,"2026-09-16 15:18:00"
cce7928a-0e5c-4a75-8dfb-133075de55bf,5f745db8-059f-4a02-872e-a2d42ac10a6e,8e27c364-0f2d-4ab8-a608-04e030f73d45,high,score_penalized,"Synthetic case for presentation: 1 events observed, severity=high, outcome=score_penalized.",94e67178-6c77-4cfa-8385-ee7ff2b9d325,"2026-09-17 15:27:00"
37421e3f-a43d-4555-81f0-b79545291325,5f745db8-059f-4a02-872e-a2d42ac10a6e,b3b89e27-df52-484b-bf9d-c5a331b90d96,medium,warned,"Synthetic case for presentation: 2 events observed, severity=medium, outcome=warned.",90b1b286-043f-4b76-92e4-23c74608f5ea,"2026-09-18 15:36:00"
37188442-ce3a-4833-90e7-ba35c6b791dd,da78f6f2-6a4a-4ed7-b0b7-2108d235d13b,b02a0efc-cc77-4cde-8ae3-f6b355750196,high,score_penalized,"Synthetic case for presentation: 3 events observed, severity=high, outcome=score_penalized.",90b1b286-043f-4b76-92e4-23c74608f5ea,"2026-09-16 15:00:00"
77d8c342-4d30-4a11-bb7c-67bf45e976a3,da78f6f2-6a4a-4ed7-b0b7-2108d235d13b,7160e1e3-9d68-4afb-9599-a6721d14df63,high,score_penalized,"Synthetic case for presentation: 1 events observed, severity=high, outcome=score_penalized.",53e696a1-b9ac-4196-af8e-1a1044ef6f8b,"2026-09-17 15:09:00"
ab330990-9de6-4469-b748-69f5e322f649,da78f6f2-6a4a-4ed7-b0b7-2108d235d13b,b42a5e90-cdd6-48eb-bd5d-986947edf324,medium,warned,"Synthetic case for presentation: 2 events observed, severity=medium, outcome=warned.",53e696a1-b9ac-4196-af8e-1a1044ef6f8b,"2026-09-18 15:18:00"
f81042da-293b-4d7b-ab2d-1a9abcc390f2,da78f6f2-6a4a-4ed7-b0b7-2108d235d13b,48c7ccca-3fe9-437c-8643-b67dcb449ca6,critical,invalidated,"Synthetic case for presentation: 3 events observed, severity=critical, outcome=invalidated.",53e696a1-b9ac-4196-af8e-1a1044ef6f8b,"2026-09-19 15:27:00"
0598e312-2f5d-4ea9-8f8c-650a53d126b9,da78f6f2-6a4a-4ed7-b0b7-2108d235d13b,7cd21221-84b3-4d9c-bed3-c51324bbc7e2,low,pending,"Synthetic case for presentation: 1 events observed, severity=low, outcome=pending.",,
4e2205ae-c9ea-41b5-a16e-4b78b0c52b56,e7faa181-7fa5-478f-983e-b826917f0448,dc424855-6730-4bde-ac61-ca44d4205728,medium,warned,"Synthetic case for presentation: 2 events observed, severity=medium, outcome=warned.",90b1b286-043f-4b76-92e4-23c74608f5ea,"2026-09-18 15:00:00"
c7f064b6-b449-4aba-90dc-73707d52f77e,e7faa181-7fa5-478f-983e-b826917f0448,b1bbfc6d-e406-407b-a7a9-ff9aef2ad6ee,critical,invalidated,"Synthetic case for presentation: 3 events observed, severity=critical, outcome=invalidated.",4a8e7ccc-4b78-4ad0-8917-844a7326b39d,"2026-09-19 15:09:00"
93ad6d7f-7743-41f0-9005-5d8355a3b33c,e7faa181-7fa5-478f-983e-b826917f0448,5df46231-6e0f-410a-b47a-7e2e516a0621,low,pending,"Synthetic case for presentation: 1 events observed, severity=low, outcome=pending.",,
85907df9-08d6-4617-9372-40a1a312b155,e7faa181-7fa5-478f-983e-b826917f0448,d6415f6f-1ed0-47fe-9c03-a6880d4934af,medium,warned,"Synthetic case for presentation: 2 events observed, severity=medium, outcome=warned.",4a8e7ccc-4b78-4ad0-8917-844a7326b39d,"2026-08-27 15:27:00"
4197779b-996d-4a48-be05-e93a85af7c32,e7faa181-7fa5-478f-983e-b826917f0448,a51cf7b3-d74c-4cae-8348-b620fc39e96f,high,score_penalized,"Synthetic case for presentation: 3 events observed, severity=high, outcome=score_penalized.",90b1b286-043f-4b76-92e4-23c74608f5ea,"2026-08-28 15:36:00"
b2a4b1ba-9fad-4cb9-b4f4-ffc1855d8ae9,bd23aaa2-eee4-45bd-9aa9-bc2095894423,bf030c6b-d4e4-41a0-82e8-077361df3a85,low,pending,"Synthetic case for presentation: 1 events observed, severity=low, outcome=pending.",,
482f6fda-22de-4546-834c-98fec898500c,bd23aaa2-eee4-45bd-9aa9-bc2095894423,4a05722a-6433-442b-85a7-5b852f107a24,medium,warned,"Synthetic case for presentation: 2 events observed, severity=medium, outcome=warned.",4e4ebefe-275b-4f08-8064-d6b7f15d11e8,"2026-08-27 15:09:00"
bb011c93-12ce-4364-a156-7e56fae652e4,bd23aaa2-eee4-45bd-9aa9-bc2095894423,5913428c-0267-40d4-b715-8b5e34cec2bb,high,score_penalized,"Synthetic case for presentation: 3 events observed, severity=high, outcome=score_penalized.",4e4ebefe-275b-4f08-8064-d6b7f15d11e8,"2026-08-28 15:18:00"
d1719d71-53b9-4265-a26f-d051d9bdb3a4,bd23aaa2-eee4-45bd-9aa9-bc2095894423,bc65d06c-128b-4f06-af3d-66806a01ef5b,low,pending,"Synthetic case for presentation: 1 events observed, severity=low, outcome=pending.",,
08bc71b7-d4bc-48ae-8322-027148679874,bd23aaa2-eee4-45bd-9aa9-bc2095894423,bf5bc4f5-5f46-466b-b2e6-645d6c7e0f92,high,score_penalized,"Synthetic case for presentation: 2 events observed, severity=high, outcome=score_penalized.",90b1b286-043f-4b76-92e4-23c74608f5ea,"2026-08-30 15:36:00"
43ad0855-b1a2-4187-8fdc-5123e241de65,f7604dbb-0048-49cf-9b43-d534d100298e,9d250ddc-b74c-47b4-9da2-492035297d78,high,score_penalized,"Synthetic case for presentation: 3 events observed, severity=high, outcome=score_penalized.",90b1b286-043f-4b76-92e4-23c74608f5ea,"2026-08-28 15:00:00"
bfffa31d-f90f-464f-a465-41522b6d9071,f7604dbb-0048-49cf-9b43-d534d100298e,cb8762c4-a4b5-49cd-80a4-38d59e2ba00b,low,pending,"Synthetic case for presentation: 1 events observed, severity=low, outcome=pending.",,
9dbc7278-c12e-4cd0-be3c-df63c56cb656,f7604dbb-0048-49cf-9b43-d534d100298e,2ab7eeb3-9ffd-4858-8c16-04860123a854,high,score_penalized,"Synthetic case for presentation: 2 events observed, severity=high, outcome=score_penalized.",6d8d84d7-6fb7-42af-baea-88ee82229f08,"2026-08-30 15:18:00"
c1095614-ac59-4147-a08b-bbd63fa4d948,f7604dbb-0048-49cf-9b43-d534d100298e,72d02b77-5415-4a64-89b1-e6021a78d56d,high,score_penalized,"Synthetic case for presentation: 3 events observed, severity=high, outcome=score_penalized.",6d8d84d7-6fb7-42af-baea-88ee82229f08,"2026-08-31 15:27:00"
88afcdd8-4632-4611-96f4-2fdb31eec97f,f7604dbb-0048-49cf-9b43-d534d100298e,215441f5-97c7-4a51-90fc-72805cd55a90,low,pending,"Synthetic case for presentation: 1 events observed, severity=low, outcome=pending.",,
4e49aeca-b0c5-40ba-84da-3a496196bc71,eb77321e-8f02-4dc9-b04a-c476e6278211,c16a8d7e-b32b-43b0-b05b-d14d354e3e82,high,score_penalized,"Synthetic case for presentation: 2 events observed, severity=high, outcome=score_penalized.",90b1b286-043f-4b76-92e4-23c74608f5ea,"2026-08-30 15:00:00"
3510e7e7-e766-4160-8881-3b0c5d1915f0,eb77321e-8f02-4dc9-b04a-c476e6278211,1d13f9fd-1511-440c-b866-494607b086af,high,score_penalized,"Synthetic case for presentation: 3 events observed, severity=high, outcome=score_penalized.",4fa32b46-1c11-471f-8b21-812cf541f9a1,"2026-08-31 15:09:00"
296eb232-eec9-485d-b130-4bd0fe6fd661,eb77321e-8f02-4dc9-b04a-c476e6278211,16d8765f-08aa-4db5-9ff9-c7b706a065b0,low,pending,"Synthetic case for presentation: 1 events observed, severity=low, outcome=pending.",,
b6c9f70c-b962-4d67-82e3-837452f4bc96,eb77321e-8f02-4dc9-b04a-c476e6278211,49115e7e-204b-48a0-ba40-a5b8829bbee9,medium,warned,"Synthetic case for presentation: 2 events observed, severity=medium, outcome=warned.",4fa32b46-1c11-471f-8b21-812cf541f9a1,"2026-09-02 15:27:00"
39c05d72-d460-4112-88fb-86defcced957,eb77321e-8f02-4dc9-b04a-c476e6278211,353ff1be-8d55-4352-a86c-25f526ef829c,high,score_penalized,"Synthetic case for presentation: 3 events observed, severity=high, outcome=score_penalized.",90b1b286-043f-4b76-92e4-23c74608f5ea,"2026-09-03 15:36:00"
935974c0-fab2-49f3-819e-fe243e38e286,8891c917-6c9f-42d4-9fb6-3e78345531aa,ae3a5965-ba45-45d3-817d-8c0fbace437d,low,pending,"Synthetic case for presentation: 1 events observed, severity=low, outcome=pending.",,
a8746c9f-f827-418a-86f0-794b62db8c7a,8891c917-6c9f-42d4-9fb6-3e78345531aa,20e4d238-2d2a-4b39-8de1-481b9b3d2f8a,medium,warned,"Synthetic case for presentation: 2 events observed, severity=medium, outcome=warned.",5d2b547f-e20f-4989-8818-66a7e6dd8489,"2026-09-02 15:09:00"
06c99daf-4b40-4b0d-b2a3-57cdd35361d4,8891c917-6c9f-42d4-9fb6-3e78345531aa,bd4281ef-46bb-4d62-a0c4-167b1323d3ee,high,score_penalized,"Synthetic case for presentation: 3 events observed, severity=high, outcome=score_penalized.",5d2b547f-e20f-4989-8818-66a7e6dd8489,"2026-09-03 15:18:00"
99bfd782-bd0a-4444-a8b6-ba8b8cd9b775,8891c917-6c9f-42d4-9fb6-3e78345531aa,8a99c2c5-ba0b-4f58-b88d-1505c105b8c8,high,score_penalized,"Synthetic case for presentation: 1 events observed, severity=high, outcome=score_penalized.",5d2b547f-e20f-4989-8818-66a7e6dd8489,"2026-09-04 15:27:00"
a7e5daee-5b10-4fff-8762-2ca746d54965,8891c917-6c9f-42d4-9fb6-3e78345531aa,8ea75cdf-721d-44d5-b907-f791a5f43d56,medium,warned,"Synthetic case for presentation: 2 events observed, severity=medium, outcome=warned.",90b1b286-043f-4b76-92e4-23c74608f5ea,"2026-09-05 15:36:00"
c9605c64-7c8a-40a7-94d4-48d954722e9f,aff8b7d6-b7a0-4ff5-a722-dfb0bc47e88b,ef426773-3acf-4d92-893b-0f8ab899e733,high,score_penalized,"Synthetic case for presentation: 3 events observed, severity=high, outcome=score_penalized.",90b1b286-043f-4b76-92e4-23c74608f5ea,"2026-09-03 15:00:00"
dae37023-0f22-410a-a6c2-cc14b982b389,aff8b7d6-b7a0-4ff5-a722-dfb0bc47e88b,e034d22f-63b2-4cee-ba76-1d682e40ef85,high,score_penalized,"Synthetic case for presentation: 1 events observed, severity=high, outcome=score_penalized.",8ed3ee58-8bcc-4a99-b5fc-8a0d6c648b0f,"2026-09-04 15:09:00"
fe660952-5941-42c5-89a5-b98e971eba20,aff8b7d6-b7a0-4ff5-a722-dfb0bc47e88b,49555493-86e9-4a8e-accb-ed90e4e60e81,medium,warned,"Synthetic case for presentation: 2 events observed, severity=medium, outcome=warned.",8ed3ee58-8bcc-4a99-b5fc-8a0d6c648b0f,"2026-09-05 15:18:00"
83eff68c-6422-4cb1-906f-3d1726ab7e84,aff8b7d6-b7a0-4ff5-a722-dfb0bc47e88b,554285ee-9e78-4c68-8952-820a39b14795,critical,invalidated,"Synthetic case for presentation: 3 events observed, severity=critical, outcome=invalidated.",8ed3ee58-8bcc-4a99-b5fc-8a0d6c648b0f,"2026-09-06 15:27:00"
137531d9-1c9e-44fd-a7bf-e312373b0ce2,aff8b7d6-b7a0-4ff5-a722-dfb0bc47e88b,f0af00df-e870-4f49-bb98-e0a253676ce3,low,pending,"Synthetic case for presentation: 1 events observed, severity=low, outcome=pending.",,
a81011b3-d72a-4142-948d-88d34f7893c0,af52ab4e-28d2-4070-b2fe-f1fb0ebb5167,fc462e2e-7e2b-4002-9e66-bd8be9a72e5b,medium,warned,"Synthetic case for presentation: 2 events observed, severity=medium, outcome=warned.",90b1b286-043f-4b76-92e4-23c74608f5ea,"2026-09-05 15:00:00"
c97198fb-d959-406d-800e-cf8038bed300,af52ab4e-28d2-4070-b2fe-f1fb0ebb5167,dfa3a171-49a4-4116-be2c-979ae2d692c5,critical,invalidated,"Synthetic case for presentation: 3 events observed, severity=critical, outcome=invalidated.",90d73e1d-c093-409f-bce2-18d12b42ad23,"2026-09-06 15:09:00"
17ec7c7c-5ab3-4cc4-ac05-b8df14d752d7,af52ab4e-28d2-4070-b2fe-f1fb0ebb5167,ca0fef9d-2c59-481f-90d8-1aede4ea2300,low,pending,"Synthetic case for presentation: 1 events observed, severity=low, outcome=pending.",,
730693f0-a0d6-429c-9e26-d5fa3113eaf8,af52ab4e-28d2-4070-b2fe-f1fb0ebb5167,7a598cef-a4fb-4a8e-8b8b-3913b180a5f0,medium,warned,"Synthetic case for presentation: 2 events observed, severity=medium, outcome=warned.",90d73e1d-c093-409f-bce2-18d12b42ad23,"2026-09-08 15:27:00"
2673c3aa-2f77-49e4-a25e-a541bc58a967,af52ab4e-28d2-4070-b2fe-f1fb0ebb5167,7a693914-8fdb-4487-b88d-ae4e90bdbf43,high,score_penalized,"Synthetic case for presentation: 3 events observed, severity=high, outcome=score_penalized.",90b1b286-043f-4b76-92e4-23c74608f5ea,"2026-09-09 15:36:00"
a4e6a178-af58-4872-8cc6-c8ee58e42e4b,bd3fab4a-54fb-4487-9652-8d65c95fc110,b2ae7955-b13b-40c6-a781-d5a07b066c50,low,pending,"Synthetic case for presentation: 1 events observed, severity=low, outcome=pending.",,
3ba867d3-81b3-4f63-8cc4-1dd5157ad787,bd3fab4a-54fb-4487-9652-8d65c95fc110,f8caebe0-059c-42a7-b381-e110376aced0,medium,warned,"Synthetic case for presentation: 2 events observed, severity=medium, outcome=warned.",9b2119a4-5389-4f7d-8d2c-9fd7b7606ca8,"2026-09-08 15:09:00"
54a19b5f-f78c-42f0-9391-477a4c0a9c17,bd3fab4a-54fb-4487-9652-8d65c95fc110,bc1cbd3f-3c33-4d97-9a50-aa3c60f0c854,high,score_penalized,"Synthetic case for presentation: 3 events observed, severity=high, outcome=score_penalized.",9b2119a4-5389-4f7d-8d2c-9fd7b7606ca8,"2026-09-09 15:18:00"
68c54b2b-7932-4300-b76b-d78bd728fde8,bd3fab4a-54fb-4487-9652-8d65c95fc110,10788729-480f-4cd5-b46a-da61b37ce58e,low,pending,"Synthetic case for presentation: 1 events observed, severity=low, outcome=pending.",,
7e0dab3b-293f-41f1-9e8a-35ea083e39ed,bd3fab4a-54fb-4487-9652-8d65c95fc110,ef048816-7950-49b9-8af7-e9eb8e7475a6,high,score_penalized,"Synthetic case for presentation: 2 events observed, severity=high, outcome=score_penalized.",90b1b286-043f-4b76-92e4-23c74608f5ea,"2026-09-11 15:36:00"
adc26ff5-492e-453d-8424-e8f46e957c04,72b267a5-94ab-456c-92cc-9e5fd3a44495,321e90d9-ba8c-40a8-b759-73c907121f03,high,score_penalized,"Synthetic case for presentation: 3 events observed, severity=high, outcome=score_penalized.",90b1b286-043f-4b76-92e4-23c74608f5ea,"2026-09-09 15:00:00"
b2114192-a34b-4460-9ea1-89795293e32a,72b267a5-94ab-456c-92cc-9e5fd3a44495,d0b19c7d-08af-40b1-802c-51ee31c39f87,low,pending,"Synthetic case for presentation: 1 events observed, severity=low, outcome=pending.",,
cc9073df-bf83-4bd9-9068-7a1bbe964993,72b267a5-94ab-456c-92cc-9e5fd3a44495,770e0a6c-9aab-48f4-b3ee-111c24ecded4,high,score_penalized,"Synthetic case for presentation: 2 events observed, severity=high, outcome=score_penalized.",cc0fe545-82f3-4eb7-af5f-740b035c367a,"2026-09-11 15:18:00"
b13909a4-9ab6-459b-9a3a-2b1b97b8fce7,72b267a5-94ab-456c-92cc-9e5fd3a44495,d2601ba3-e506-43b6-abbc-5a1702d46aee,high,score_penalized,"Synthetic case for presentation: 3 events observed, severity=high, outcome=score_penalized.",cc0fe545-82f3-4eb7-af5f-740b035c367a,"2026-09-12 15:27:00"
33de5cbc-d858-4397-a6a9-2d52617894d1,72b267a5-94ab-456c-92cc-9e5fd3a44495,16a4a67a-cb66-4872-923c-5754a2cfc541,low,pending,"Synthetic case for presentation: 1 events observed, severity=low, outcome=pending.",,
c313d984-096e-4b11-8667-8df5c323f62c,eab92104-8ef9-4c31-a1be-0ca2f4813d58,6869a77f-2c73-4dac-b050-f6aacc8ab31c,high,score_penalized,"Synthetic case for presentation: 2 events observed, severity=high, outcome=score_penalized.",90b1b286-043f-4b76-92e4-23c74608f5ea,"2026-09-11 15:00:00"
84648705-bab6-4246-9a39-94b72a02b848,eab92104-8ef9-4c31-a1be-0ca2f4813d58,77129ac0-74f4-473b-af5d-05acd475e4a5,high,score_penalized,"Synthetic case for presentation: 3 events observed, severity=high, outcome=score_penalized.",a49a668f-fdf1-4a73-9af4-5b1b56372a99,"2026-09-12 15:09:00"
81bc4030-3328-499a-868a-4f216bdf1c77,eab92104-8ef9-4c31-a1be-0ca2f4813d58,01c4149f-1e55-49ef-9831-5e157c19e141,low,pending,"Synthetic case for presentation: 1 events observed, severity=low, outcome=pending.",,
1ec71586-4e68-47ec-a1c8-1e81f3b3ed9d,eab92104-8ef9-4c31-a1be-0ca2f4813d58,d0e3ff1e-ebec-47cc-b214-8e9f25336820,medium,warned,"Synthetic case for presentation: 2 events observed, severity=medium, outcome=warned.",a49a668f-fdf1-4a73-9af4-5b1b56372a99,"2026-09-14 15:27:00"
c8399eae-7c06-49d5-8c5f-d07444cac547,eab92104-8ef9-4c31-a1be-0ca2f4813d58,d086111e-9881-401f-a1e3-cc3438940222,high,score_penalized,"Synthetic case for presentation: 3 events observed, severity=high, outcome=score_penalized.",90b1b286-043f-4b76-92e4-23c74608f5ea,"2026-09-15 15:36:00"
37e99e3a-f872-48ec-a62e-4b05103a1a1f,f90d49d4-bd1f-4594-9969-216fcdbf5e88,849baf99-7b12-4236-a99a-8a3afc500197,low,pending,"Synthetic case for presentation: 1 events observed, severity=low, outcome=pending.",,
84ce994b-d5cf-4860-a0e8-e379e95eaf6c,f90d49d4-bd1f-4594-9969-216fcdbf5e88,b521bdea-04a0-46fc-b53b-63252de98ec5,medium,warned,"Synthetic case for presentation: 2 events observed, severity=medium, outcome=warned.",2d8524a5-2de8-4344-95ce-d7f5f68a040f,"2026-09-14 15:09:00"
afe89c9b-14c0-43d5-aca6-d917c74886d9,f90d49d4-bd1f-4594-9969-216fcdbf5e88,7f87dc48-5949-4291-a569-d05b299753a0,high,score_penalized,"Synthetic case for presentation: 3 events observed, severity=high, outcome=score_penalized.",2d8524a5-2de8-4344-95ce-d7f5f68a040f,"2026-09-15 15:18:00"
50e78ee1-7499-40f4-8b22-8edd314a8db0,f90d49d4-bd1f-4594-9969-216fcdbf5e88,9d2beb30-83ab-4087-bd6b-b60dd3456cf7,high,score_penalized,"Synthetic case for presentation: 1 events observed, severity=high, outcome=score_penalized.",2d8524a5-2de8-4344-95ce-d7f5f68a040f,"2026-09-16 15:27:00"
a476748e-56ab-40de-ad24-0f8a3258e1e8,f90d49d4-bd1f-4594-9969-216fcdbf5e88,036274fb-43cb-4135-ac67-d6bfc20e6f9f,medium,warned,"Synthetic case for presentation: 2 events observed, severity=medium, outcome=warned.",90b1b286-043f-4b76-92e4-23c74608f5ea,"2026-09-17 15:36:00"
c1f6de05-1f80-4896-a03c-8d147b703a86,8455fe3b-1117-4c25-beef-479f787ef5f2,8a87e12d-2823-4814-a491-9d8be3cc5330,high,score_penalized,"Synthetic case for presentation: 3 events observed, severity=high, outcome=score_penalized.",90b1b286-043f-4b76-92e4-23c74608f5ea,"2026-09-15 15:00:00"
844e534e-f7ee-42c7-b921-1d72109e33ea,8455fe3b-1117-4c25-beef-479f787ef5f2,45180150-059f-4c2d-8714-337713ed82f9,high,score_penalized,"Synthetic case for presentation: 1 events observed, severity=high, outcome=score_penalized.",f6d30483-8c23-4e44-98d0-1ee1c77ff1a8,"2026-09-16 15:09:00"
ce5d1657-bd4b-4aed-8d29-dddbb4812fe1,8455fe3b-1117-4c25-beef-479f787ef5f2,909cbff5-306f-46d0-84bc-414b91bee76f,medium,warned,"Synthetic case for presentation: 2 events observed, severity=medium, outcome=warned.",f6d30483-8c23-4e44-98d0-1ee1c77ff1a8,"2026-09-17 15:18:00"
76559b6f-ba1e-4f20-aee2-467cd16dbcdc,8455fe3b-1117-4c25-beef-479f787ef5f2,bed70342-b412-4070-922b-7a264df67f02,critical,invalidated,"Synthetic case for presentation: 3 events observed, severity=critical, outcome=invalidated.",f6d30483-8c23-4e44-98d0-1ee1c77ff1a8,"2026-09-18 15:27:00"
1d9505a6-0132-41ed-896b-573e0db5a0aa,8455fe3b-1117-4c25-beef-479f787ef5f2,90f9f0f9-b9e8-48e8-b985-a220b9d5ff82,low,pending,"Synthetic case for presentation: 1 events observed, severity=low, outcome=pending.",,
545d335c-d87b-40ef-8056-e8271dec8dd2,94d7251c-b710-402b-94b2-480cebb1ab8e,d0fc48df-4c83-4cac-81cb-34ea7227559e,medium,warned,"Synthetic case for presentation: 2 events observed, severity=medium, outcome=warned.",90b1b286-043f-4b76-92e4-23c74608f5ea,"2026-09-17 15:00:00"
e6b8a307-e977-43e2-85ee-b77ac580e388,94d7251c-b710-402b-94b2-480cebb1ab8e,d6b807ff-8d7c-495a-8dbb-262c7b67845f,critical,invalidated,"Synthetic case for presentation: 3 events observed, severity=critical, outcome=invalidated.",dcfca71b-23f4-4769-a866-b17f525dc0f6,"2026-09-18 15:09:00"
033dd595-e8a9-42c7-9491-e577b3644be6,94d7251c-b710-402b-94b2-480cebb1ab8e,2551264b-6c68-469c-b1aa-f2e40c59e8d9,low,pending,"Synthetic case for presentation: 1 events observed, severity=low, outcome=pending.",,
ed41ce5e-fb23-4e01-8263-917053eed005,94d7251c-b710-402b-94b2-480cebb1ab8e,46d6c648-c459-431a-a56a-b28af0ddc325,medium,warned,"Synthetic case for presentation: 2 events observed, severity=medium, outcome=warned.",dcfca71b-23f4-4769-a866-b17f525dc0f6,"2026-08-26 15:27:00"
ea30882f-f307-42bb-8eb4-fe62d99df98b,94d7251c-b710-402b-94b2-480cebb1ab8e,7cca4f1a-855e-475d-89f1-2788ccb84a0c,high,score_penalized,"Synthetic case for presentation: 3 events observed, severity=high, outcome=score_penalized.",90b1b286-043f-4b76-92e4-23c74608f5ea,"2026-08-27 15:36:00"
38f03643-3f87-4ffa-8f74-4bc1581f6e64,c91b7721-08e0-4c1f-9327-b7927f7c0a33,e5f9fac1-96a2-4f3a-bb6a-4fcf42ccc222,low,pending,"Synthetic case for presentation: 1 events observed, severity=low, outcome=pending.",,
72e04a03-76de-4d22-89c4-8b3b1634d215,c91b7721-08e0-4c1f-9327-b7927f7c0a33,fb47e52c-0b43-43eb-899b-79e2299c6fc1,medium,warned,"Synthetic case for presentation: 2 events observed, severity=medium, outcome=warned.",161d9cc3-0f0d-4dc9-88e8-04cf69b15dea,"2026-08-26 15:09:00"
54d0df7e-5ceb-46a6-8730-185ad016aa81,c91b7721-08e0-4c1f-9327-b7927f7c0a33,f8b427a7-c80f-4001-a0d3-6d58da3b5c6d,high,score_penalized,"Synthetic case for presentation: 3 events observed, severity=high, outcome=score_penalized.",161d9cc3-0f0d-4dc9-88e8-04cf69b15dea,"2026-08-27 15:18:00"
65b418a4-6265-46be-8544-acf6b074c4e0,c91b7721-08e0-4c1f-9327-b7927f7c0a33,2ab54f77-ed12-4d1d-8bc1-85503a818d74,low,pending,"Synthetic case for presentation: 1 events observed, severity=low, outcome=pending.",,
f1a4a89c-cbac-4bf0-840d-20dab47d0e3d,c91b7721-08e0-4c1f-9327-b7927f7c0a33,95810883-f123-4368-8a65-3fd9ff225fca,high,score_penalized,"Synthetic case for presentation: 2 events observed, severity=high, outcome=score_penalized.",90b1b286-043f-4b76-92e4-23c74608f5ea,"2026-08-29 15:36:00"
6bf81e94-2c79-4c9c-bf2c-06120be6d9f0,5535bf6b-8645-429f-a171-b346a5505b92,8a179466-86d9-4c28-84a8-621cf26945cd,high,score_penalized,"Synthetic case for presentation: 3 events observed, severity=high, outcome=score_penalized.",90b1b286-043f-4b76-92e4-23c74608f5ea,"2026-08-27 15:00:00"
92bdfbc4-f948-4ce8-8667-73c0f49ba53e,5535bf6b-8645-429f-a171-b346a5505b92,3240fa41-9607-46ca-add4-c63efcb4f302,low,pending,"Synthetic case for presentation: 1 events observed, severity=low, outcome=pending.",,
b40432dc-cfbe-4fac-954a-ab8a9c83a701,5535bf6b-8645-429f-a171-b346a5505b92,306830f5-e498-4f4d-b7ef-c4a6c3a1dca1,high,score_penalized,"Synthetic case for presentation: 2 events observed, severity=high, outcome=score_penalized.",fc2b0198-3d14-4822-b40e-06d82096b019,"2026-08-29 15:18:00"
c7260060-3219-4cd0-8bbb-df99579a0ae6,5535bf6b-8645-429f-a171-b346a5505b92,d7d25c15-85be-440a-908c-f34174249d16,high,score_penalized,"Synthetic case for presentation: 3 events observed, severity=high, outcome=score_penalized.",fc2b0198-3d14-4822-b40e-06d82096b019,"2026-08-30 15:27:00"
c557eae4-591e-49ad-be26-1f416d98319c,5535bf6b-8645-429f-a171-b346a5505b92,a14b6ceb-d912-4cd9-9573-8ee3c5d3f645,low,pending,"Synthetic case for presentation: 1 events observed, severity=low, outcome=pending.",,
36999998-11b9-43ed-8d64-d9453159b2fe,689876c1-61de-42b8-848e-b28d26011249,2f295024-0397-48d6-b472-b560c2a6323e,high,score_penalized,"Synthetic case for presentation: 2 events observed, severity=high, outcome=score_penalized.",90b1b286-043f-4b76-92e4-23c74608f5ea,"2026-08-29 15:00:00"
e8d8b14b-9c21-44e3-a001-99013a52712a,689876c1-61de-42b8-848e-b28d26011249,c7d10a72-f0f6-4677-88b1-cc04f187bb5d,high,score_penalized,"Synthetic case for presentation: 3 events observed, severity=high, outcome=score_penalized.",6aa2b22b-9610-4ab4-82c1-613a3d349604,"2026-08-30 15:09:00"
c60363c0-779a-4f04-9a4e-bd2615e71e0d,689876c1-61de-42b8-848e-b28d26011249,4443983b-2388-4989-9317-0bbacc187af7,low,pending,"Synthetic case for presentation: 1 events observed, severity=low, outcome=pending.",,
247bf0a6-ac74-4ced-a331-9ba5db91110b,689876c1-61de-42b8-848e-b28d26011249,d145ab6e-b78f-498d-a5fd-502d422c5ed5,medium,warned,"Synthetic case for presentation: 2 events observed, severity=medium, outcome=warned.",6aa2b22b-9610-4ab4-82c1-613a3d349604,"2026-09-01 15:27:00"
b0f7d829-84b4-4a22-82ae-d09bc691f127,689876c1-61de-42b8-848e-b28d26011249,0d7e2a2b-7cd7-4983-94d3-28b2e44a6d75,high,score_penalized,"Synthetic case for presentation: 3 events observed, severity=high, outcome=score_penalized.",90b1b286-043f-4b76-92e4-23c74608f5ea,"2026-09-02 15:36:00"
a6fb2bbf-6db8-4122-b015-d4425a06ecaf,f917145f-e890-485c-82a6-c1a13b208df9,d8ef2c64-a2d9-429a-ba72-8335474072f4,low,pending,"Synthetic case for presentation: 1 events observed, severity=low, outcome=pending.",,
6cf69bc1-3a65-4b9c-b5b9-4eefa1e8e9e0,f917145f-e890-485c-82a6-c1a13b208df9,11abaf5d-fa25-4ba1-b1df-19e2a54c553f,medium,warned,"Synthetic case for presentation: 2 events observed, severity=medium, outcome=warned.",a381c363-e75b-4df8-a2fe-2105446f57d2,"2026-09-01 15:09:00"
55ce9809-ee88-40de-a471-a324d9e2f656,f917145f-e890-485c-82a6-c1a13b208df9,cdb4c967-bb2d-4172-9543-a1a55390daa8,high,score_penalized,"Synthetic case for presentation: 3 events observed, severity=high, outcome=score_penalized.",a381c363-e75b-4df8-a2fe-2105446f57d2,"2026-09-02 15:18:00"
cef2f825-a33f-455d-9ecf-ca5345f5d583,f917145f-e890-485c-82a6-c1a13b208df9,fff772d9-80ed-4455-b78f-5758536bed91,high,score_penalized,"Synthetic case for presentation: 1 events observed, severity=high, outcome=score_penalized.",a381c363-e75b-4df8-a2fe-2105446f57d2,"2026-09-03 15:27:00"
aa2e3000-7786-4bc9-b4e6-d2b41927629a,f917145f-e890-485c-82a6-c1a13b208df9,34c888a1-dbc2-4464-9561-55f2df271236,medium,warned,"Synthetic case for presentation: 2 events observed, severity=medium, outcome=warned.",90b1b286-043f-4b76-92e4-23c74608f5ea,"2026-09-04 15:36:00"
eb4d40b8-72c4-4bf8-a9a9-31835d23d8f1,8a9ec079-2c87-4120-a07a-027c9dc2b94b,f6029aed-9205-475a-a7b4-421e8114df4d,high,score_penalized,"Synthetic case for presentation: 3 events observed, severity=high, outcome=score_penalized.",90b1b286-043f-4b76-92e4-23c74608f5ea,"2026-09-02 15:00:00"
bcb0efc5-4533-4372-b34e-03eb5b422651,8a9ec079-2c87-4120-a07a-027c9dc2b94b,b085a982-fe08-4289-9b4c-eb97e25b166d,high,score_penalized,"Synthetic case for presentation: 1 events observed, severity=high, outcome=score_penalized.",c21a0e9c-65e4-4d91-b6b7-518fc7b7aa2b,"2026-09-03 15:09:00"
6e2b7429-6215-40a7-9ee7-92862634436c,8a9ec079-2c87-4120-a07a-027c9dc2b94b,a4e957a2-138c-4ab4-979b-0cc938ab9437,medium,warned,"Synthetic case for presentation: 2 events observed, severity=medium, outcome=warned.",c21a0e9c-65e4-4d91-b6b7-518fc7b7aa2b,"2026-09-04 15:18:00"
fb3b17f1-96ae-4a58-80a3-ff598e154ed7,8a9ec079-2c87-4120-a07a-027c9dc2b94b,28b28a3b-26db-428d-947b-ddbe80739618,critical,invalidated,"Synthetic case for presentation: 3 events observed, severity=critical, outcome=invalidated.",c21a0e9c-65e4-4d91-b6b7-518fc7b7aa2b,"2026-09-05 15:27:00"
810e022c-4c26-470f-9154-2e5cd667cc8c,8a9ec079-2c87-4120-a07a-027c9dc2b94b,6cca47ca-46d5-4fbb-aea8-df4911cb53a3,low,pending,"Synthetic case for presentation: 1 events observed, severity=low, outcome=pending.",,
fcbc4dc0-052b-4cb8-ad87-fa7fd54f13a5,340b8bd0-99d7-42f3-a20c-6d3f5f310783,d6309d52-aec4-49c8-b4a6-914c8793a40c,medium,warned,"Synthetic case for presentation: 2 events observed, severity=medium, outcome=warned.",90b1b286-043f-4b76-92e4-23c74608f5ea,"2026-09-04 15:00:00"
6f834621-2dd3-4601-8d7e-0b2df326b903,340b8bd0-99d7-42f3-a20c-6d3f5f310783,1ac0c4c0-c805-4d18-8d91-d492f6eb85d3,critical,invalidated,"Synthetic case for presentation: 3 events observed, severity=critical, outcome=invalidated.",dd332f6c-212d-4251-a39c-a1e71c8f5647,"2026-09-05 15:09:00"
8469a114-3fb6-4d79-9cc9-eaf3c39e5422,340b8bd0-99d7-42f3-a20c-6d3f5f310783,5a5111b9-d184-498a-915a-f96d87306f0e,low,pending,"Synthetic case for presentation: 1 events observed, severity=low, outcome=pending.",,
93bed6a4-b9a7-4767-b64c-ac31ab6ca42f,340b8bd0-99d7-42f3-a20c-6d3f5f310783,d7183314-7ffd-41db-8365-af8340c0c7d0,medium,warned,"Synthetic case for presentation: 2 events observed, severity=medium, outcome=warned.",dd332f6c-212d-4251-a39c-a1e71c8f5647,"2026-09-07 15:27:00"
765ed911-cd81-41f5-b575-f85ccaa0c40d,340b8bd0-99d7-42f3-a20c-6d3f5f310783,a05db285-3195-4af1-9960-a457b31ace04,high,score_penalized,"Synthetic case for presentation: 3 events observed, severity=high, outcome=score_penalized.",90b1b286-043f-4b76-92e4-23c74608f5ea,"2026-09-08 15:36:00"
f06ee8fd-c630-441a-bafe-7e46fc2acd0c,10207c01-621b-48b8-8a1b-f2355ff46ec3,a7e91d2f-47ea-4dbb-95d9-c95c8c7c70e8,low,pending,"Synthetic case for presentation: 1 events observed, severity=low, outcome=pending.",,
02703995-f21a-44a3-9fb4-1af1e313bd77,10207c01-621b-48b8-8a1b-f2355ff46ec3,c1633127-c4ff-4bcd-95f7-88bb1fe685da,medium,warned,"Synthetic case for presentation: 2 events observed, severity=medium, outcome=warned.",55b17f99-d7b6-4f18-a481-7e82d4a826bf,"2026-09-07 15:09:00"
bb1866f2-9a3d-4804-808c-40b7cbb93114,10207c01-621b-48b8-8a1b-f2355ff46ec3,79251698-6e92-482c-81ee-48cd95540a5c,high,score_penalized,"Synthetic case for presentation: 3 events observed, severity=high, outcome=score_penalized.",55b17f99-d7b6-4f18-a481-7e82d4a826bf,"2026-09-08 15:18:00"
41866957-bc0f-42ab-a570-027626384c83,10207c01-621b-48b8-8a1b-f2355ff46ec3,b1523fb1-495f-401e-ba7c-e3087153d756,low,pending,"Synthetic case for presentation: 1 events observed, severity=low, outcome=pending.",,
3c389e1e-61e5-4916-93ff-4854b604d3ce,10207c01-621b-48b8-8a1b-f2355ff46ec3,aa1fc9b2-f64a-45ed-a2cc-ab2af44e556b,high,score_penalized,"Synthetic case for presentation: 2 events observed, severity=high, outcome=score_penalized.",90b1b286-043f-4b76-92e4-23c74608f5ea,"2026-09-10 15:36:00"
57e3355b-63f0-4485-bb42-6d19045fb386,2030dce2-2a02-4686-8108-f6e4d92d87f4,dc8b6685-2879-4ad6-af89-875d4cc91f95,high,score_penalized,"Synthetic case for presentation: 3 events observed, severity=high, outcome=score_penalized.",90b1b286-043f-4b76-92e4-23c74608f5ea,"2026-09-08 15:00:00"
e4eb8c8f-b88c-4393-b248-28d054c5b494,2030dce2-2a02-4686-8108-f6e4d92d87f4,872b07d4-57c2-48af-b576-41a5316ef580,low,pending,"Synthetic case for presentation: 1 events observed, severity=low, outcome=pending.",,
a2b4c878-1a14-4e4d-a749-7c9ae013a393,2030dce2-2a02-4686-8108-f6e4d92d87f4,d2e2f4a1-8672-4df3-afd9-a4cb956b28d9,high,score_penalized,"Synthetic case for presentation: 2 events observed, severity=high, outcome=score_penalized.",672dbf2c-ad30-4a6e-8aed-2deeb3a8a22e,"2026-09-10 15:18:00"
eb04e843-318c-4e4a-8020-e7f9f12c1622,2030dce2-2a02-4686-8108-f6e4d92d87f4,e6655b0c-df09-4474-824a-1f3181191656,high,score_penalized,"Synthetic case for presentation: 3 events observed, severity=high, outcome=score_penalized.",672dbf2c-ad30-4a6e-8aed-2deeb3a8a22e,"2026-09-11 15:27:00"
3a627ce5-b633-409a-b110-f3c8f8921324,2030dce2-2a02-4686-8108-f6e4d92d87f4,f84e9c4d-c4a4-44ad-ad0e-32aa70ee627a,low,pending,"Synthetic case for presentation: 1 events observed, severity=low, outcome=pending.",,
022f4bad-77ea-4d18-81f4-73b393168bb0,5a000b9c-fb63-4200-ad34-fa0a89e3965e,bb378db7-83b8-4a47-83f4-524e18454f70,high,score_penalized,"Synthetic case for presentation: 2 events observed, severity=high, outcome=score_penalized.",90b1b286-043f-4b76-92e4-23c74608f5ea,"2026-09-10 15:00:00"
3e67bca9-8281-493b-b013-256076f528ae,5a000b9c-fb63-4200-ad34-fa0a89e3965e,57c4eaa5-11dd-44a9-ae64-79efc2008c0a,high,score_penalized,"Synthetic case for presentation: 3 events observed, severity=high, outcome=score_penalized.",42385714-b965-4369-85a0-ad64b530e9a9,"2026-09-11 15:09:00"
eb9448af-65f9-4108-8741-32417aa226a4,5a000b9c-fb63-4200-ad34-fa0a89e3965e,df5ce82a-dd66-4ebb-91e9-c98835d2bf1a,low,pending,"Synthetic case for presentation: 1 events observed, severity=low, outcome=pending.",,
cfa70389-aac1-4a9f-b78a-3940118db97e,5a000b9c-fb63-4200-ad34-fa0a89e3965e,364aa9dd-63f1-4002-8d85-44cd195a9c76,medium,warned,"Synthetic case for presentation: 2 events observed, severity=medium, outcome=warned.",42385714-b965-4369-85a0-ad64b530e9a9,"2026-09-13 15:27:00"
a5907b23-bbf0-4e17-8458-01344a81262a,5a000b9c-fb63-4200-ad34-fa0a89e3965e,c9f9c94d-8156-4a7d-a603-63e339fb78e8,high,score_penalized,"Synthetic case for presentation: 3 events observed, severity=high, outcome=score_penalized.",90b1b286-043f-4b76-92e4-23c74608f5ea,"2026-09-14 15:36:00"
7b826306-1e41-403f-b7f5-9c490179e47e,78e73486-0b82-4791-9aeb-7d98a833706f,dc65081a-9714-4bca-88e1-f30cee2e49b4,low,pending,"Synthetic case for presentation: 1 events observed, severity=low, outcome=pending.",,
2ae039b7-efba-4e55-a1b3-a9b272736f29,78e73486-0b82-4791-9aeb-7d98a833706f,153e312e-67a2-41d2-bb9e-c50222839fe8,medium,warned,"Synthetic case for presentation: 2 events observed, severity=medium, outcome=warned.",65ec61cb-9d95-4235-a654-144820223436,"2026-09-13 15:09:00"
dd18b7a5-1a95-416b-b221-0d86133bf5b3,78e73486-0b82-4791-9aeb-7d98a833706f,95c9fb3f-f278-483d-9054-1c5a32a2c37d,high,score_penalized,"Synthetic case for presentation: 3 events observed, severity=high, outcome=score_penalized.",65ec61cb-9d95-4235-a654-144820223436,"2026-09-14 15:18:00"
c4f666ea-0610-44ed-b283-7d09af0fa7ff,78e73486-0b82-4791-9aeb-7d98a833706f,1ca08f0c-ea5c-4877-8da3-4e2b94008942,high,score_penalized,"Synthetic case for presentation: 1 events observed, severity=high, outcome=score_penalized.",65ec61cb-9d95-4235-a654-144820223436,"2026-09-15 15:27:00"
d085ed05-963c-474d-83c1-b4d62fb8d203,78e73486-0b82-4791-9aeb-7d98a833706f,b2706ece-72e2-4530-a1c2-2871536d4da2,medium,warned,"Synthetic case for presentation: 2 events observed, severity=medium, outcome=warned.",90b1b286-043f-4b76-92e4-23c74608f5ea,"2026-09-16 15:36:00"
849ff1b7-47f0-4d06-ae88-e39178450b1d,19d1c277-8170-46cc-9f7e-329419118f78,1a77dd40-6565-4c48-949e-d2ded4525a80,high,score_penalized,"Synthetic case for presentation: 3 events observed, severity=high, outcome=score_penalized.",90b1b286-043f-4b76-92e4-23c74608f5ea,"2026-09-14 15:00:00"
ccbe34f6-7ddf-4c78-945b-a891a3c3bdd3,19d1c277-8170-46cc-9f7e-329419118f78,bdf3b95b-61bb-46a5-802f-2dba0860d0cc,high,score_penalized,"Synthetic case for presentation: 1 events observed, severity=high, outcome=score_penalized.",9503489c-9bd4-4e9e-83fd-e07db9ecb856,"2026-09-15 15:09:00"
beaf4b88-9589-41b6-9e0e-3d5572bc71a4,19d1c277-8170-46cc-9f7e-329419118f78,6287272f-f146-4241-9bd9-337f30845873,medium,warned,"Synthetic case for presentation: 2 events observed, severity=medium, outcome=warned.",9503489c-9bd4-4e9e-83fd-e07db9ecb856,"2026-09-16 15:18:00"
056e2ea9-3b1e-48f0-912f-dc8cb6f957bc,19d1c277-8170-46cc-9f7e-329419118f78,bc427dc7-7fbf-4a23-a7a0-136edb45a06d,critical,invalidated,"Synthetic case for presentation: 3 events observed, severity=critical, outcome=invalidated.",9503489c-9bd4-4e9e-83fd-e07db9ecb856,"2026-09-17 15:27:00"
7465426e-679a-4efa-9aae-050afcd30b84,19d1c277-8170-46cc-9f7e-329419118f78,2b242d22-005c-44f7-9360-92fc9c6e5a78,low,pending,"Synthetic case for presentation: 1 events observed, severity=low, outcome=pending.",,
94bf4d1d-ae70-4d16-b7f8-c7da8683176b,247d9e56-ee3f-4940-95c0-5b599bc79709,82b1b262-ca5b-4262-93d9-1e8a496372dc,medium,warned,"Synthetic case for presentation: 2 events observed, severity=medium, outcome=warned.",90b1b286-043f-4b76-92e4-23c74608f5ea,"2026-09-16 15:00:00"
5d14f769-8ab6-443e-adc6-0713ea499164,247d9e56-ee3f-4940-95c0-5b599bc79709,fb3271d4-9ec9-4b4c-b154-72b1c6d6d88b,critical,invalidated,"Synthetic case for presentation: 3 events observed, severity=critical, outcome=invalidated.",8e5e0202-7710-4472-b207-9cdc798ae11a,"2026-09-17 15:09:00"
c022e148-8ff1-4bb7-b165-3f5db4f1b610,247d9e56-ee3f-4940-95c0-5b599bc79709,b06cfd4b-47dc-4a73-a105-d1a81e531f7d,low,pending,"Synthetic case for presentation: 1 events observed, severity=low, outcome=pending.",,
edddeefc-ab4a-4897-a649-f60291a4a506,247d9e56-ee3f-4940-95c0-5b599bc79709,98fa2102-ec9e-4f2b-b28c-d719f2cebc0a,medium,warned,"Synthetic case for presentation: 2 events observed, severity=medium, outcome=warned.",8e5e0202-7710-4472-b207-9cdc798ae11a,"2026-09-19 15:27:00"
2f85190a-ab67-4e85-a664-58f47dd0c240,247d9e56-ee3f-4940-95c0-5b599bc79709,dc49bb65-8b2b-4c67-838a-a46113d22ed1,high,score_penalized,"Synthetic case for presentation: 3 events observed, severity=high, outcome=score_penalized.",90b1b286-043f-4b76-92e4-23c74608f5ea,"2026-08-26 15:36:00"
b4eda916-9bc8-472b-bd3c-24a0d89e3a76,623398d2-33e6-4c08-a9a7-ea6e18350132,b1276b71-3ecb-42b2-bc63-6a940300bb44,low,pending,"Synthetic case for presentation: 1 events observed, severity=low, outcome=pending.",,
59dc2539-cf31-4142-9a40-5fdd0107daa5,623398d2-33e6-4c08-a9a7-ea6e18350132,fa32c24f-dfac-4d07-986f-b1b2b10e4db9,medium,warned,"Synthetic case for presentation: 2 events observed, severity=medium, outcome=warned.",3b933421-d6d3-412c-b34c-22dd43a6b36f,"2026-09-19 15:09:00"
cb57e639-2ab2-4d23-bb8b-ea1475d84e0c,623398d2-33e6-4c08-a9a7-ea6e18350132,89ec2e12-c997-49f9-810a-3770642b9d90,high,score_penalized,"Synthetic case for presentation: 3 events observed, severity=high, outcome=score_penalized.",3b933421-d6d3-412c-b34c-22dd43a6b36f,"2026-08-26 15:18:00"
f809140a-1b1c-4186-b722-f1d184a6b376,623398d2-33e6-4c08-a9a7-ea6e18350132,554d5bdc-c959-4404-b846-4df17aaf231c,low,pending,"Synthetic case for presentation: 1 events observed, severity=low, outcome=pending.",,
f4f4cbb0-8545-4bf6-8cf1-923177914d0b,623398d2-33e6-4c08-a9a7-ea6e18350132,5ad1b336-c8c8-4624-a94b-4dfc5e07b30f,high,score_penalized,"Synthetic case for presentation: 2 events observed, severity=high, outcome=score_penalized.",90b1b286-043f-4b76-92e4-23c74608f5ea,"2026-08-28 15:36:00"
c4947374-e9bf-4919-9616-32268282b389,eb1ed757-b8de-4b37-9631-3022bcaef6ac,1375428c-3000-4257-89f3-1f738c3a782c,high,score_penalized,"Synthetic case for presentation: 3 events observed, severity=high, outcome=score_penalized.",90b1b286-043f-4b76-92e4-23c74608f5ea,"2026-08-26 15:00:00"
17a097d4-5638-40a1-bbaa-8585a75ccfb2,eb1ed757-b8de-4b37-9631-3022bcaef6ac,cb38d881-a3e6-4ae7-b715-1e0a6bd8e48c,low,pending,"Synthetic case for presentation: 1 events observed, severity=low, outcome=pending.",,
8b54e43b-6736-4a52-b93a-4f3d383e36cb,eb1ed757-b8de-4b37-9631-3022bcaef6ac,eb431bbe-9089-4ea5-9290-5a711a3850d7,high,score_penalized,"Synthetic case for presentation: 2 events observed, severity=high, outcome=score_penalized.",369d3256-9d40-4b6e-9a4b-b6a0a7bbeeab,"2026-08-28 15:18:00"
4b49c8e7-e58d-44b9-8175-c419dc22ef83,eb1ed757-b8de-4b37-9631-3022bcaef6ac,e8fdaaa1-c882-4a3e-9f3c-408ff3ed36b7,high,score_penalized,"Synthetic case for presentation: 3 events observed, severity=high, outcome=score_penalized.",369d3256-9d40-4b6e-9a4b-b6a0a7bbeeab,"2026-08-29 15:27:00"
0ed5a9d1-2e30-4a7f-84d7-ceaea54a6714,eb1ed757-b8de-4b37-9631-3022bcaef6ac,8c4670a0-6656-49f5-9505-4b7784fe5ae1,low,pending,"Synthetic case for presentation: 1 events observed, severity=low, outcome=pending.",,
37df902e-5f01-4d45-b9b4-340cc879d3a0,ff98c88e-ec2b-46db-8f42-9b6e3840e661,ab0e4119-81d4-47ca-a098-56a4cd64a45d,high,score_penalized,"Synthetic case for presentation: 2 events observed, severity=high, outcome=score_penalized.",90b1b286-043f-4b76-92e4-23c74608f5ea,"2026-08-28 15:00:00"
97523b84-1e7e-4568-8881-31ee91f0120c,ff98c88e-ec2b-46db-8f42-9b6e3840e661,3d0607dc-79c9-4ed0-8908-f497d6c0db0e,high,score_penalized,"Synthetic case for presentation: 3 events observed, severity=high, outcome=score_penalized.",e126e67e-57e1-4bd9-85a2-d18f7b3721c8,"2026-08-29 15:09:00"
6bd80484-c7ff-460b-b464-8a1e1bbb7555,ff98c88e-ec2b-46db-8f42-9b6e3840e661,8bf4ec71-cbba-4b6a-b506-962f2aa06606,low,pending,"Synthetic case for presentation: 1 events observed, severity=low, outcome=pending.",,
80712f9a-4742-4395-8607-30f36d54c3a4,ff98c88e-ec2b-46db-8f42-9b6e3840e661,c9715af7-08b7-4ebe-ad95-91a11f871a93,medium,warned,"Synthetic case for presentation: 2 events observed, severity=medium, outcome=warned.",e126e67e-57e1-4bd9-85a2-d18f7b3721c8,"2026-08-31 15:27:00"
64950928-b8fb-48cc-b6ae-5878d53f79f8,ff98c88e-ec2b-46db-8f42-9b6e3840e661,31a6a1da-8f1a-4782-b9bf-40f4de8af562,high,score_penalized,"Synthetic case for presentation: 3 events observed, severity=high, outcome=score_penalized.",90b1b286-043f-4b76-92e4-23c74608f5ea,"2026-09-01 15:36:00"
09b071b2-109a-44e8-9067-9f3456440688,c5023493-2048-4eb5-8008-01198749a4cd,b9ed3434-0647-45fd-9033-e285f536809a,low,pending,"Synthetic case for presentation: 1 events observed, severity=low, outcome=pending.",,
345e26dd-6eaf-4d32-b8fb-965a01ccf886,c5023493-2048-4eb5-8008-01198749a4cd,05b5d476-d20e-4920-9037-5b9155aaf96f,medium,warned,"Synthetic case for presentation: 2 events observed, severity=medium, outcome=warned.",54f2921b-a759-470e-9c88-398eebdb8238,"2026-08-31 15:09:00"
2db30b06-cebd-4684-8212-d711b444aeec,c5023493-2048-4eb5-8008-01198749a4cd,c9c13d54-ce39-47d2-b238-9d2e5f59cfc4,high,score_penalized,"Synthetic case for presentation: 3 events observed, severity=high, outcome=score_penalized.",54f2921b-a759-470e-9c88-398eebdb8238,"2026-09-01 15:18:00"
5dafb547-4b91-4466-9624-e9b0b20a41aa,c5023493-2048-4eb5-8008-01198749a4cd,7e391e50-c31c-45eb-b681-d019f6ae6bbe,high,score_penalized,"Synthetic case for presentation: 1 events observed, severity=high, outcome=score_penalized.",54f2921b-a759-470e-9c88-398eebdb8238,"2026-09-02 15:27:00"
6ce537f8-90c0-491e-bf2b-26c87feaab49,c5023493-2048-4eb5-8008-01198749a4cd,45482482-b5d7-4f42-9773-588a5a874d7d,medium,warned,"Synthetic case for presentation: 2 events observed, severity=medium, outcome=warned.",90b1b286-043f-4b76-92e4-23c74608f5ea,"2026-09-03 15:36:00"
3f738c28-2588-4c4f-bde3-f5f25937bfd0,f66a49d5-bbbb-4259-9fb4-9060362871e3,39bd8214-068d-42dd-a7e9-c11cd17bebd9,high,score_penalized,"Synthetic case for presentation: 3 events observed, severity=high, outcome=score_penalized.",90b1b286-043f-4b76-92e4-23c74608f5ea,"2026-09-01 15:00:00"
4717044f-d1d6-45be-a14c-4b74b94dbe0b,f66a49d5-bbbb-4259-9fb4-9060362871e3,24057638-491b-453f-9cde-056c2991b92f,high,score_penalized,"Synthetic case for presentation: 1 events observed, severity=high, outcome=score_penalized.",96e76648-9b6a-4d14-9c8d-856f5b5b4c5f,"2026-09-02 15:09:00"
e1946eab-8fce-46f2-9462-a2adf474afe0,f66a49d5-bbbb-4259-9fb4-9060362871e3,90c99344-2cf9-44fd-bea4-0d5f45f62455,medium,warned,"Synthetic case for presentation: 2 events observed, severity=medium, outcome=warned.",96e76648-9b6a-4d14-9c8d-856f5b5b4c5f,"2026-09-03 15:18:00"
6c243ce8-f609-43b7-bcca-544c0cb98751,f66a49d5-bbbb-4259-9fb4-9060362871e3,11bdc6d4-037c-47a7-96ed-0cd3b9eaa61c,critical,invalidated,"Synthetic case for presentation: 3 events observed, severity=critical, outcome=invalidated.",96e76648-9b6a-4d14-9c8d-856f5b5b4c5f,"2026-09-04 15:27:00"
ccd7681a-19aa-41b3-b524-c4cc6f679892,f66a49d5-bbbb-4259-9fb4-9060362871e3,45ec64d2-9787-44a1-aaeb-0f6d3c9eccba,low,pending,"Synthetic case for presentation: 1 events observed, severity=low, outcome=pending.",,
6a53fa5a-690c-4d18-84f4-5e8f1f9c92bc,a5835cbf-f642-4af1-90da-f8ee094607d0,17c6cddf-83c1-4b7e-a4d4-527844eff3bc,medium,warned,"Synthetic case for presentation: 2 events observed, severity=medium, outcome=warned.",90b1b286-043f-4b76-92e4-23c74608f5ea,"2026-09-03 15:00:00"
a79709a8-4cda-4503-b999-cd0668f3bfe9,a5835cbf-f642-4af1-90da-f8ee094607d0,bf1617f9-2e3d-4fdf-b1a9-5cea870bb342,critical,invalidated,"Synthetic case for presentation: 3 events observed, severity=critical, outcome=invalidated.",ed8ac532-b91b-4b7b-8c5f-706a6d62235e,"2026-09-04 15:09:00"
b8890252-df83-432e-a386-f15f0e1f9620,a5835cbf-f642-4af1-90da-f8ee094607d0,b9cba548-443d-4c99-9d52-dbdda87eeb4d,low,pending,"Synthetic case for presentation: 1 events observed, severity=low, outcome=pending.",,
0da6161b-dc93-4f72-b685-c7b25b770e47,a5835cbf-f642-4af1-90da-f8ee094607d0,c621484f-be19-47dd-99f9-ea27b91593d2,medium,warned,"Synthetic case for presentation: 2 events observed, severity=medium, outcome=warned.",ed8ac532-b91b-4b7b-8c5f-706a6d62235e,"2026-09-06 15:27:00"
3fad15a9-a832-43ac-873e-50976a9331e2,a5835cbf-f642-4af1-90da-f8ee094607d0,38c2957f-106f-4036-95f5-9b0eb8ba6240,high,score_penalized,"Synthetic case for presentation: 3 events observed, severity=high, outcome=score_penalized.",90b1b286-043f-4b76-92e4-23c74608f5ea,"2026-09-07 15:36:00"
27032fd8-3641-47f4-bfd3-c334c63d7ef6,36732b12-495a-4aa1-8e3f-4d42cb56829e,681158f0-8811-4dc6-b927-6e57d094e55c,low,pending,"Synthetic case for presentation: 1 events observed, severity=low, outcome=pending.",,
d5b43a9b-a224-4ad9-b74e-124c7cf8ba48,36732b12-495a-4aa1-8e3f-4d42cb56829e,bac825fc-1963-466b-b59f-05bd6a6c1672,medium,warned,"Synthetic case for presentation: 2 events observed, severity=medium, outcome=warned.",5162c77a-649a-46bc-ad9e-cf6ff87b1b56,"2026-09-06 15:09:00"
7ff38f52-2e38-4984-8eee-7336d0d9e311,36732b12-495a-4aa1-8e3f-4d42cb56829e,a253697c-d5e1-4906-bd15-f86d54c98ea8,high,score_penalized,"Synthetic case for presentation: 3 events observed, severity=high, outcome=score_penalized.",5162c77a-649a-46bc-ad9e-cf6ff87b1b56,"2026-09-07 15:18:00"
9fcb9864-a333-4fa6-82bd-a9e110ac0a94,36732b12-495a-4aa1-8e3f-4d42cb56829e,d195b791-6b6d-4cc6-b523-1533809b9cf6,low,pending,"Synthetic case for presentation: 1 events observed, severity=low, outcome=pending.",,
009fb71f-9cad-4a1a-8f66-6cf71eba0ccf,36732b12-495a-4aa1-8e3f-4d42cb56829e,e604886a-9933-427a-a75f-06ef7987eb6c,high,score_penalized,"Synthetic case for presentation: 2 events observed, severity=high, outcome=score_penalized.",90b1b286-043f-4b76-92e4-23c74608f5ea,"2026-09-09 15:36:00"
efebce06-2e6b-4310-b0ff-2b77abb6c724,f8ef0324-a12a-4112-99a7-2ab1ca66b89f,91e222cf-d3d6-4e41-bed0-4f48267ec566,high,score_penalized,"Synthetic case for presentation: 3 events observed, severity=high, outcome=score_penalized.",90b1b286-043f-4b76-92e4-23c74608f5ea,"2026-09-07 15:00:00"
4ed1579f-97af-4d43-bd9f-c38d8cd9fc07,f8ef0324-a12a-4112-99a7-2ab1ca66b89f,4488668d-c03d-4e85-bee2-74d7190947b9,low,pending,"Synthetic case for presentation: 1 events observed, severity=low, outcome=pending.",,
e5dbe962-0811-48e5-a69c-21596be96dff,f8ef0324-a12a-4112-99a7-2ab1ca66b89f,d0a9ba57-11a2-4f1b-90cd-a25e3feda50e,high,score_penalized,"Synthetic case for presentation: 2 events observed, severity=high, outcome=score_penalized.",4a45ac63-2959-4b29-b5c4-07a92fd91bbd,"2026-09-09 15:18:00"
3987b54e-b66c-4f78-afbc-d0da35f9eee6,f8ef0324-a12a-4112-99a7-2ab1ca66b89f,35e95bdd-3d4b-40fa-a977-2d558fa78da4,high,score_penalized,"Synthetic case for presentation: 3 events observed, severity=high, outcome=score_penalized.",4a45ac63-2959-4b29-b5c4-07a92fd91bbd,"2026-09-10 15:27:00"
3c9883df-58f4-43c9-8c6b-afbcda658d93,f8ef0324-a12a-4112-99a7-2ab1ca66b89f,b6101ae4-4887-405a-9fa6-4a9bd2e7cc99,low,pending,"Synthetic case for presentation: 1 events observed, severity=low, outcome=pending.",,
78b4bc09-56e2-41a1-a02b-88d21638638f,bb6ad405-f05f-45eb-ba00-2433b6c9607e,77b4f2c3-091c-4e56-a788-6d026f720652,high,score_penalized,"Synthetic case for presentation: 2 events observed, severity=high, outcome=score_penalized.",90b1b286-043f-4b76-92e4-23c74608f5ea,"2026-09-09 15:00:00"
5bd81c62-10bf-4a7a-b1d1-1d408003ed55,bb6ad405-f05f-45eb-ba00-2433b6c9607e,1607d8f3-338b-4840-92d5-6471dc78f2d3,high,score_penalized,"Synthetic case for presentation: 3 events observed, severity=high, outcome=score_penalized.",8a0894db-3a75-43b7-a6ef-15c200881dfa,"2026-09-10 15:09:00"
91fc8691-1436-4e11-af48-d55331951f91,bb6ad405-f05f-45eb-ba00-2433b6c9607e,b64f5153-9e6a-495f-9224-1946faa65685,low,pending,"Synthetic case for presentation: 1 events observed, severity=low, outcome=pending.",,
f3211e57-ed2b-4c34-a3d2-8c77ef4733b1,bb6ad405-f05f-45eb-ba00-2433b6c9607e,2c981f19-7108-4e3d-bf10-7d827028e84e,medium,warned,"Synthetic case for presentation: 2 events observed, severity=medium, outcome=warned.",8a0894db-3a75-43b7-a6ef-15c200881dfa,"2026-09-12 15:27:00"
c79c9657-b605-4308-884f-e9da210dbbfe,bb6ad405-f05f-45eb-ba00-2433b6c9607e,bd7cfa23-890d-47e8-934c-c653c5cc96d7,high,score_penalized,"Synthetic case for presentation: 3 events observed, severity=high, outcome=score_penalized.",90b1b286-043f-4b76-92e4-23c74608f5ea,"2026-09-13 15:36:00"
4e09496d-c727-4160-bd51-af277312ce06,39dc2648-4858-40b1-a1cf-39d884e7eac0,d6194695-d3e3-4959-8f2c-f0df5ff9411e,low,pending,"Synthetic case for presentation: 1 events observed, severity=low, outcome=pending.",,
36dbf4a8-db7d-4df9-902d-824b7e5c34e6,39dc2648-4858-40b1-a1cf-39d884e7eac0,e9bad4db-61e9-44a3-afd6-d2847a8dd5db,medium,warned,"Synthetic case for presentation: 2 events observed, severity=medium, outcome=warned.",33614686-49b4-4c74-a23d-145b0cff55f9,"2026-09-12 15:09:00"
853fa0ca-6b9d-4c79-93c1-70b773c47513,39dc2648-4858-40b1-a1cf-39d884e7eac0,c85ed832-dddb-4e33-b62e-729ad28c0f44,high,score_penalized,"Synthetic case for presentation: 3 events observed, severity=high, outcome=score_penalized.",33614686-49b4-4c74-a23d-145b0cff55f9,"2026-09-13 15:18:00"
9f772055-6d8b-461e-bccb-3d516b51c688,39dc2648-4858-40b1-a1cf-39d884e7eac0,b0c7d128-5126-40f5-b50a-c38ec9c38a3d,high,score_penalized,"Synthetic case for presentation: 1 events observed, severity=high, outcome=score_penalized.",33614686-49b4-4c74-a23d-145b0cff55f9,"2026-09-14 15:27:00"
ffec1bbf-9a0c-4eec-9214-cd63ebaccfe3,39dc2648-4858-40b1-a1cf-39d884e7eac0,e7583369-195c-4750-b9e0-a8ab08661235,medium,warned,"Synthetic case for presentation: 2 events observed, severity=medium, outcome=warned.",90b1b286-043f-4b76-92e4-23c74608f5ea,"2026-09-15 15:36:00"
e678bbd1-f2ee-490a-856e-4c746230f55d,56ea7a8f-3029-4463-8e4e-e43bb92de2f4,fa9d79b6-ca1a-42ac-890b-8f598db89fd4,high,score_penalized,"Synthetic case for presentation: 3 events observed, severity=high, outcome=score_penalized.",90b1b286-043f-4b76-92e4-23c74608f5ea,"2026-09-13 15:00:00"
8a0fbef3-0c05-4043-85a3-76b73df60a3e,56ea7a8f-3029-4463-8e4e-e43bb92de2f4,786ec0a8-9bae-4df8-933f-08eaa44eca13,high,score_penalized,"Synthetic case for presentation: 1 events observed, severity=high, outcome=score_penalized.",a02e8ce9-4d19-4204-8423-b3afe4bb4c63,"2026-09-14 15:09:00"
4eff0ef8-d0d0-4481-835d-9f0b8b86debe,56ea7a8f-3029-4463-8e4e-e43bb92de2f4,58f42619-70ee-4b31-b199-f15a8fd12aff,medium,warned,"Synthetic case for presentation: 2 events observed, severity=medium, outcome=warned.",a02e8ce9-4d19-4204-8423-b3afe4bb4c63,"2026-09-15 15:18:00"
52062c19-ef81-4051-a5d7-0b54c8e591f0,56ea7a8f-3029-4463-8e4e-e43bb92de2f4,e923de45-7ab3-4e30-a15b-941c8161cf3b,critical,invalidated,"Synthetic case for presentation: 3 events observed, severity=critical, outcome=invalidated.",a02e8ce9-4d19-4204-8423-b3afe4bb4c63,"2026-09-16 15:27:00"
e1b2e7b0-9ae2-4881-86ca-d09c785a37b1,56ea7a8f-3029-4463-8e4e-e43bb92de2f4,b8df8c01-68ee-46a7-9718-22f4b51800bf,low,pending,"Synthetic case for presentation: 1 events observed, severity=low, outcome=pending.",,
8168f15c-564a-4e7b-bbf4-f79508f92979,f3e5b427-c759-4e5c-8a67-988adf19a171,deb43eee-8660-41cc-910c-133cc2d3c417,medium,warned,"Synthetic case for presentation: 2 events observed, severity=medium, outcome=warned.",90b1b286-043f-4b76-92e4-23c74608f5ea,"2026-09-15 15:00:00"
dbdd8f3f-bcef-409f-84c0-6f87cf6f0f9b,f3e5b427-c759-4e5c-8a67-988adf19a171,d4343c7e-6835-471d-85ee-46facd4cea60,critical,invalidated,"Synthetic case for presentation: 3 events observed, severity=critical, outcome=invalidated.",6a278e92-7b18-440f-a938-636c09654cd2,"2026-09-16 15:09:00"
c08b3c30-7375-4381-ac3f-7c39695fd182,f3e5b427-c759-4e5c-8a67-988adf19a171,d59ec089-e89f-4ac8-952d-f205d1bce343,low,pending,"Synthetic case for presentation: 1 events observed, severity=low, outcome=pending.",,
41c91a76-24cc-40ed-8d05-f01eb439d41b,f3e5b427-c759-4e5c-8a67-988adf19a171,f3b3ff68-ffcc-44b7-8c07-cd491d311661,medium,warned,"Synthetic case for presentation: 2 events observed, severity=medium, outcome=warned.",6a278e92-7b18-440f-a938-636c09654cd2,"2026-09-18 15:27:00"
fa50ddfe-e0ff-4a06-b3ca-6ed0766fa604,f3e5b427-c759-4e5c-8a67-988adf19a171,26802524-dc45-4bba-9d40-da89f290daf8,high,score_penalized,"Synthetic case for presentation: 3 events observed, severity=high, outcome=score_penalized.",90b1b286-043f-4b76-92e4-23c74608f5ea,"2026-09-19 15:36:00"
b3609eef-f5fc-45cc-8d68-9d588c6b56b3,7c506d7b-4b3e-4b9f-a8f8-8056def4c6dd,4463bb3b-77a5-4a50-b503-3dfd960765bb,low,pending,"Synthetic case for presentation: 1 events observed, severity=low, outcome=pending.",,
9c30820d-778d-4bde-9364-0296c2d976a0,7c506d7b-4b3e-4b9f-a8f8-8056def4c6dd,77c6d95f-9988-4a15-840b-bc3ab4f67b13,medium,warned,"Synthetic case for presentation: 2 events observed, severity=medium, outcome=warned.",db82f339-6d97-49cc-b1b1-e209d7f6a050,"2026-09-18 15:09:00"
ffa6f8fc-a732-49e4-ac39-b5cd20a24f95,7c506d7b-4b3e-4b9f-a8f8-8056def4c6dd,d09e8b9b-0173-4b1a-bda9-162809663693,high,score_penalized,"Synthetic case for presentation: 3 events observed, severity=high, outcome=score_penalized.",db82f339-6d97-49cc-b1b1-e209d7f6a050,"2026-09-19 15:18:00"
4f09bd38-9e76-49f1-b9f2-4f2aded8d3be,7c506d7b-4b3e-4b9f-a8f8-8056def4c6dd,d39ecd9a-d434-454f-b5cb-d50e7adbde23,low,pending,"Synthetic case for presentation: 1 events observed, severity=low, outcome=pending.",,
68e3d431-036c-40e7-9fb5-df485826a840,7c506d7b-4b3e-4b9f-a8f8-8056def4c6dd,c609f3a6-6699-4c05-83ad-53e049050f78,high,score_penalized,"Synthetic case for presentation: 2 events observed, severity=high, outcome=score_penalized.",90b1b286-043f-4b76-92e4-23c74608f5ea,"2026-08-27 15:36:00"
be012c6c-30e6-4b42-a373-a854ae1a0915,75a39314-b9d5-4fdc-8cce-3111e0b93af0,e1d58e70-723b-48c9-bf95-1f85888bac98,high,score_penalized,"Synthetic case for presentation: 3 events observed, severity=high, outcome=score_penalized.",90b1b286-043f-4b76-92e4-23c74608f5ea,"2026-09-19 15:00:00"
d66c5ae1-851d-44b1-bb7f-17a23a95c308,75a39314-b9d5-4fdc-8cce-3111e0b93af0,45766f47-580f-410d-9c0e-979eb975a83b,low,pending,"Synthetic case for presentation: 1 events observed, severity=low, outcome=pending.",,
afb6cb19-7dc6-4db8-8931-3a7df33447e1,75a39314-b9d5-4fdc-8cce-3111e0b93af0,23477b07-5a93-45fc-91cc-5df9fed07ded,high,score_penalized,"Synthetic case for presentation: 2 events observed, severity=high, outcome=score_penalized.",51bab3d0-763b-4466-a912-63bb584ac491,"2026-08-27 15:18:00"
86c0f4aa-7733-4f68-93e7-c42ac3b6b52f,75a39314-b9d5-4fdc-8cce-3111e0b93af0,23b2a6ff-8aa3-4db0-a0f2-aeea84a40fca,high,score_penalized,"Synthetic case for presentation: 3 events observed, severity=high, outcome=score_penalized.",51bab3d0-763b-4466-a912-63bb584ac491,"2026-08-28 15:27:00"
9ce9a719-8fcd-461e-8b0c-2c8bc2ccb591,75a39314-b9d5-4fdc-8cce-3111e0b93af0,734776a8-d7b2-459d-a989-073744b504cf,low,pending,"Synthetic case for presentation: 1 events observed, severity=low, outcome=pending.",,
7e959bd6-1255-4de1-b486-bfdcd9b8b6a7,d8ff493b-c3a1-4497-ba38-3b5b6a283322,c324ada6-6a12-421c-bd24-b11f3ef8a535,high,score_penalized,"Synthetic case for presentation: 2 events observed, severity=high, outcome=score_penalized.",90b1b286-043f-4b76-92e4-23c74608f5ea,"2026-08-27 15:00:00"
566d53e5-1260-4798-ae7e-7c6f567fe15e,d8ff493b-c3a1-4497-ba38-3b5b6a283322,68462c6a-1473-485a-b4e0-9d9f910d6842,high,score_penalized,"Synthetic case for presentation: 3 events observed, severity=high, outcome=score_penalized.",efcb5013-ec1a-4d8a-b503-ab456ac4fc96,"2026-08-28 15:09:00"
befc2754-e196-4b29-9244-a88acdffb88b,d8ff493b-c3a1-4497-ba38-3b5b6a283322,6cbbd2a8-3b8c-458f-a1c8-752e664a643f,low,pending,"Synthetic case for presentation: 1 events observed, severity=low, outcome=pending.",,
2208b1dc-4795-490e-831d-c8b86f44a894,d8ff493b-c3a1-4497-ba38-3b5b6a283322,77741352-e630-4e73-b523-7c49481789f9,medium,warned,"Synthetic case for presentation: 2 events observed, severity=medium, outcome=warned.",efcb5013-ec1a-4d8a-b503-ab456ac4fc96,"2026-08-30 15:27:00"
726ae107-3c1c-4b9f-b6bd-0eea96afbd71,d8ff493b-c3a1-4497-ba38-3b5b6a283322,b58fa7d7-9b13-4012-b202-651df707b122,high,score_penalized,"Synthetic case for presentation: 3 events observed, severity=high, outcome=score_penalized.",90b1b286-043f-4b76-92e4-23c74608f5ea,"2026-08-31 15:36:00"
926566ab-547e-40aa-a463-8990099b8780,dc28c341-aa94-47a6-8cf1-08367777075b,97d85240-ec46-438b-a848-709fb5be4eef,low,pending,"Synthetic case for presentation: 1 events observed, severity=low, outcome=pending.",,
007f2e09-baea-46eb-878d-df22cef3a1dc,dc28c341-aa94-47a6-8cf1-08367777075b,2c02e046-1571-45c8-9952-5055e8be2947,medium,warned,"Synthetic case for presentation: 2 events observed, severity=medium, outcome=warned.",5e9ab033-8547-4818-9606-a09a14d2d719,"2026-08-30 15:09:00"
852d0a8b-9660-4710-8816-8cb225e32f8d,dc28c341-aa94-47a6-8cf1-08367777075b,034ca072-0a91-42d9-9396-1178d79b5011,high,score_penalized,"Synthetic case for presentation: 3 events observed, severity=high, outcome=score_penalized.",5e9ab033-8547-4818-9606-a09a14d2d719,"2026-08-31 15:18:00"
914bb269-997b-483f-8551-aa621b465a31,dc28c341-aa94-47a6-8cf1-08367777075b,adfc61c5-13fe-4ac2-a13b-ff1b5e3954fa,high,score_penalized,"Synthetic case for presentation: 1 events observed, severity=high, outcome=score_penalized.",5e9ab033-8547-4818-9606-a09a14d2d719,"2026-09-01 15:27:00"
a55a734f-21a7-4a39-b3c2-c23ca0e1d793,dc28c341-aa94-47a6-8cf1-08367777075b,03a64df3-5409-44fe-8761-7af2bd112033,medium,warned,"Synthetic case for presentation: 2 events observed, severity=medium, outcome=warned.",90b1b286-043f-4b76-92e4-23c74608f5ea,"2026-09-02 15:36:00"
f567dc40-e397-471e-a07c-0bbd6f7b40ca,538ac83d-3cd7-46e8-8745-b00bdee863c1,6f5934fb-1b80-4bc3-9c6e-4008e610666c,high,score_penalized,"Synthetic case for presentation: 3 events observed, severity=high, outcome=score_penalized.",90b1b286-043f-4b76-92e4-23c74608f5ea,"2026-08-31 15:00:00"
b6a262e6-6a8e-44bb-8d6c-688ed7af743b,538ac83d-3cd7-46e8-8745-b00bdee863c1,bbee8ecd-1d12-4d01-b418-5f7862f00dfd,high,score_penalized,"Synthetic case for presentation: 1 events observed, severity=high, outcome=score_penalized.",fd820e26-8eac-4248-b035-5ebc513b7c28,"2026-09-01 15:09:00"
28eb4f7b-9982-4cfb-8453-ef512402d00d,538ac83d-3cd7-46e8-8745-b00bdee863c1,9a66cd37-91cd-4e48-b5dd-6375aa02b87c,medium,warned,"Synthetic case for presentation: 2 events observed, severity=medium, outcome=warned.",fd820e26-8eac-4248-b035-5ebc513b7c28,"2026-09-02 15:18:00"
5f26e42b-2e38-40de-87d0-8cb2c329c61c,538ac83d-3cd7-46e8-8745-b00bdee863c1,d82e9422-7766-415c-8ccb-55bc73afc50c,critical,invalidated,"Synthetic case for presentation: 3 events observed, severity=critical, outcome=invalidated.",fd820e26-8eac-4248-b035-5ebc513b7c28,"2026-09-03 15:27:00"
10ca4159-a6bc-4e40-855e-76d0746f3942,538ac83d-3cd7-46e8-8745-b00bdee863c1,883de4de-54d4-4657-820b-af7cafe82539,low,pending,"Synthetic case for presentation: 1 events observed, severity=low, outcome=pending.",,
72a151c0-98c7-4ebf-ba85-74f0dc78348b,ae890437-d052-43ba-8518-6de35f90c661,5492c71f-7e2d-48e8-b549-9860d2463cf4,medium,warned,"Synthetic case for presentation: 2 events observed, severity=medium, outcome=warned.",90b1b286-043f-4b76-92e4-23c74608f5ea,"2026-09-02 15:00:00"
b2a3d5b7-d4c6-49b8-b526-4297529c869f,ae890437-d052-43ba-8518-6de35f90c661,e330b90d-e61c-46fe-8b5b-e5ac26ced936,critical,invalidated,"Synthetic case for presentation: 3 events observed, severity=critical, outcome=invalidated.",0515e3b6-684e-4a01-a5ed-9de598397686,"2026-09-03 15:09:00"
893e247a-df9a-4d97-b422-1bd7f111e1b5,ae890437-d052-43ba-8518-6de35f90c661,d278526e-ad62-4e9e-9273-eb959d3f315d,low,pending,"Synthetic case for presentation: 1 events observed, severity=low, outcome=pending.",,
cd9b7a94-db2e-4154-9593-1e63533fe8a4,ae890437-d052-43ba-8518-6de35f90c661,1753103b-3b91-489f-8a8e-2492f8de2bf2,medium,warned,"Synthetic case for presentation: 2 events observed, severity=medium, outcome=warned.",0515e3b6-684e-4a01-a5ed-9de598397686,"2026-09-05 15:27:00"
beebb9ca-9d43-4fa8-b6e7-df25e8bc7358,ae890437-d052-43ba-8518-6de35f90c661,2d4b5556-45ee-4b31-a818-5bf62df9187c,high,score_penalized,"Synthetic case for presentation: 3 events observed, severity=high, outcome=score_penalized.",90b1b286-043f-4b76-92e4-23c74608f5ea,"2026-09-06 15:36:00"
00cd907a-b130-4121-a01c-97fefb9ca7c0,1b616105-0905-4e13-93af-a14020033b82,cdb64054-b627-4703-89d1-fbd6850dda25,low,pending,"Synthetic case for presentation: 1 events observed, severity=low, outcome=pending.",,
5ac61cff-cdb4-4326-a960-19855642e786,1b616105-0905-4e13-93af-a14020033b82,3a4014c1-9498-4a79-b1db-fcbb19656e35,medium,warned,"Synthetic case for presentation: 2 events observed, severity=medium, outcome=warned.",4f38eb27-09d5-47db-ab4a-c1e61b45d67e,"2026-09-05 15:09:00"
394a125b-b050-4c01-bb54-ec5c019c75c4,1b616105-0905-4e13-93af-a14020033b82,7524de1b-d711-4432-98e1-15a8779afe29,high,score_penalized,"Synthetic case for presentation: 3 events observed, severity=high, outcome=score_penalized.",4f38eb27-09d5-47db-ab4a-c1e61b45d67e,"2026-09-06 15:18:00"
93f7cb83-b336-44b8-bd60-af496dcba61e,1b616105-0905-4e13-93af-a14020033b82,1b2b06b7-c94b-47f0-b625-ada7370c30de,low,pending,"Synthetic case for presentation: 1 events observed, severity=low, outcome=pending.",,
f6f06c89-848a-4f2e-ae4d-f138f2e2424e,1b616105-0905-4e13-93af-a14020033b82,f7a4fecf-4a73-4198-ba55-5e23e8a5656d,high,score_penalized,"Synthetic case for presentation: 2 events observed, severity=high, outcome=score_penalized.",90b1b286-043f-4b76-92e4-23c74608f5ea,"2026-09-08 15:36:00"
29a356d7-5d1a-403c-9903-c1e54e570151,984be736-55a4-4677-b831-b07f6b18a11c,154fad09-cc36-412f-8f9e-89a150cd134f,high,score_penalized,"Synthetic case for presentation: 3 events observed, severity=high, outcome=score_penalized.",90b1b286-043f-4b76-92e4-23c74608f5ea,"2026-09-06 15:00:00"
06b1db49-4664-4819-8ea5-e7e740858636,984be736-55a4-4677-b831-b07f6b18a11c,cfe6205f-ae7e-4c69-bc91-60e57ed02eb2,low,pending,"Synthetic case for presentation: 1 events observed, severity=low, outcome=pending.",,
2a340cc3-c12e-4295-bbfd-a354a054e0b4,984be736-55a4-4677-b831-b07f6b18a11c,10bb116f-c203-4c45-96bd-2b8b91a9b8ec,high,score_penalized,"Synthetic case for presentation: 2 events observed, severity=high, outcome=score_penalized.",b4803004-e688-4d21-af35-0ffb1dae4cc7,"2026-09-08 15:18:00"
53290d38-6823-455e-8440-8d06e09dd0d3,984be736-55a4-4677-b831-b07f6b18a11c,85a35672-0e74-4a88-b2f5-4f6f46e5ea02,high,score_penalized,"Synthetic case for presentation: 3 events observed, severity=high, outcome=score_penalized.",b4803004-e688-4d21-af35-0ffb1dae4cc7,"2026-09-09 15:27:00"
84c82f63-1346-425a-be6b-a0df8ddab301,984be736-55a4-4677-b831-b07f6b18a11c,13dad67b-01f9-49df-b9ab-18c5f10845c5,low,pending,"Synthetic case for presentation: 1 events observed, severity=low, outcome=pending.",,
a9368fa2-2573-49a2-98ba-695c4c023657,8aaf1b55-7616-4dca-a8d2-016db912f26b,d5143ee0-8066-440d-ba01-7db1661d74d8,high,score_penalized,"Synthetic case for presentation: 2 events observed, severity=high, outcome=score_penalized.",90b1b286-043f-4b76-92e4-23c74608f5ea,"2026-09-08 15:00:00"
b10ac44c-2fd6-47e5-a486-c00cbb988d43,8aaf1b55-7616-4dca-a8d2-016db912f26b,284781b4-6852-4cb4-8f0c-fc5213c71108,high,score_penalized,"Synthetic case for presentation: 3 events observed, severity=high, outcome=score_penalized.",12c8c528-4187-4585-8c66-a61a5df06867,"2026-09-09 15:09:00"
47b99dd2-5348-4175-9201-64f74b871dc9,8aaf1b55-7616-4dca-a8d2-016db912f26b,68bf2e6a-fde2-4b02-8428-fa161ee50fe2,low,pending,"Synthetic case for presentation: 1 events observed, severity=low, outcome=pending.",,
2dfaae9f-e1c9-4147-810d-e5c2ff81160b,8aaf1b55-7616-4dca-a8d2-016db912f26b,8996b0b6-025e-435e-9b1f-d3c4d8a0248d,medium,warned,"Synthetic case for presentation: 2 events observed, severity=medium, outcome=warned.",12c8c528-4187-4585-8c66-a61a5df06867,"2026-09-11 15:27:00"
47cb477f-08be-4018-b614-1458f4a6d2ca,8aaf1b55-7616-4dca-a8d2-016db912f26b,48c40dcb-c4e5-4ce0-b7e0-b8bd10aab549,high,score_penalized,"Synthetic case for presentation: 3 events observed, severity=high, outcome=score_penalized.",90b1b286-043f-4b76-92e4-23c74608f5ea,"2026-09-12 15:36:00"
102d4eef-dc0e-4eef-ac77-c47dcd002888,4fb36d36-870a-440f-bc65-54a788c23b0e,f58276c9-7cc5-48a7-b6b1-be6150ae740d,low,pending,"Synthetic case for presentation: 1 events observed, severity=low, outcome=pending.",,
43e21214-6dc7-4667-b14b-dda634179123,4fb36d36-870a-440f-bc65-54a788c23b0e,b9ab2807-aca3-47bd-b260-af2e2f8233bf,medium,warned,"Synthetic case for presentation: 2 events observed, severity=medium, outcome=warned.",0c1d5815-990f-4795-89f4-4b3fcd16a9a5,"2026-09-11 15:09:00"
00946df5-ec97-4e40-a388-4d8250f848b4,4fb36d36-870a-440f-bc65-54a788c23b0e,2b27ba58-a160-4760-b77b-c13a5661360f,high,score_penalized,"Synthetic case for presentation: 3 events observed, severity=high, outcome=score_penalized.",0c1d5815-990f-4795-89f4-4b3fcd16a9a5,"2026-09-12 15:18:00"
b3125423-c8cb-4e3b-bc0c-7b988596a12f,4fb36d36-870a-440f-bc65-54a788c23b0e,3f0b72a5-c0f9-4da6-8416-13a52025bef3,high,score_penalized,"Synthetic case for presentation: 1 events observed, severity=high, outcome=score_penalized.",0c1d5815-990f-4795-89f4-4b3fcd16a9a5,"2026-09-13 15:27:00"
646e4d2b-d7c5-42d8-af57-a9984ffabcb2,4fb36d36-870a-440f-bc65-54a788c23b0e,efeeaa55-4b7a-4cde-bae1-9cbd23b0271c,medium,warned,"Synthetic case for presentation: 2 events observed, severity=medium, outcome=warned.",90b1b286-043f-4b76-92e4-23c74608f5ea,"2026-09-14 15:36:00"
0b55f83a-7fe3-472c-a477-3af9956612e1,4ea6c7dd-aa6d-46cd-9aa5-146d06e3c7f8,1efbb43b-32c1-4257-9bcd-76999140d707,high,score_penalized,"Synthetic case for presentation: 3 events observed, severity=high, outcome=score_penalized.",90b1b286-043f-4b76-92e4-23c74608f5ea,"2026-09-12 15:00:00"
e08bcfb2-0b5c-4c06-bd32-4105c555724c,4ea6c7dd-aa6d-46cd-9aa5-146d06e3c7f8,93767507-9e8e-47b2-9d33-811e3910900d,high,score_penalized,"Synthetic case for presentation: 1 events observed, severity=high, outcome=score_penalized.",c28fd9d0-3caf-4381-829e-f93728a6cf41,"2026-09-13 15:09:00"
d405294a-f160-482e-92e0-f09f2efb7e80,4ea6c7dd-aa6d-46cd-9aa5-146d06e3c7f8,8ba8b309-848d-4bc9-a6ac-1ae288b95741,medium,warned,"Synthetic case for presentation: 2 events observed, severity=medium, outcome=warned.",c28fd9d0-3caf-4381-829e-f93728a6cf41,"2026-09-14 15:18:00"
adc96efc-f0d3-4ae6-8c68-2a722d8eb742,4ea6c7dd-aa6d-46cd-9aa5-146d06e3c7f8,fcab7cc0-9331-44c2-abbe-5b33df78268b,critical,invalidated,"Synthetic case for presentation: 3 events observed, severity=critical, outcome=invalidated.",c28fd9d0-3caf-4381-829e-f93728a6cf41,"2026-09-15 15:27:00"
339f7be3-8c78-4db2-89fe-4523d2bd78e8,4ea6c7dd-aa6d-46cd-9aa5-146d06e3c7f8,5bd3c500-7d35-4ede-8140-bf492409bd2d,low,pending,"Synthetic case for presentation: 1 events observed, severity=low, outcome=pending.",,
11b9fa79-d4f1-41bd-9044-dca69c432929,411fc13c-b95e-4be5-8cac-ae86cb879b09,3dcb2b0e-d99f-44ca-b15f-26a925b61570,medium,warned,"Synthetic case for presentation: 2 events observed, severity=medium, outcome=warned.",90b1b286-043f-4b76-92e4-23c74608f5ea,"2026-09-14 15:00:00"
4ee3a039-f092-4a36-9281-683be77a85c3,411fc13c-b95e-4be5-8cac-ae86cb879b09,ae43fafa-c04e-45cb-b97e-6836ddbecd47,critical,invalidated,"Synthetic case for presentation: 3 events observed, severity=critical, outcome=invalidated.",5037e047-f338-4ba0-9e4b-586f7b21c1d9,"2026-09-15 15:09:00"
01479b6b-4b2b-4518-82da-cdb11d82b90b,411fc13c-b95e-4be5-8cac-ae86cb879b09,82f0cf88-6fa8-4984-95e3-f6f16c7bb01d,low,pending,"Synthetic case for presentation: 1 events observed, severity=low, outcome=pending.",,
d31b2a7b-64b2-400a-9b2c-d80811552e6d,411fc13c-b95e-4be5-8cac-ae86cb879b09,69c267f4-4a31-4025-a13a-87defde4898d,medium,warned,"Synthetic case for presentation: 2 events observed, severity=medium, outcome=warned.",5037e047-f338-4ba0-9e4b-586f7b21c1d9,"2026-09-17 15:27:00"
441a36f9-68ee-49c8-b282-07e2b7849439,411fc13c-b95e-4be5-8cac-ae86cb879b09,dc0d0438-009b-46f9-bee1-88f8fa5cf250,high,score_penalized,"Synthetic case for presentation: 3 events observed, severity=high, outcome=score_penalized.",90b1b286-043f-4b76-92e4-23c74608f5ea,"2026-09-18 15:36:00"
06519c0f-e638-419f-9a41-f94a1a36459f,4c18bad2-c18a-4666-a599-8f649cd08c8f,54a6913d-a4ec-4ee8-9e6d-b9089a18e91c,low,pending,"Synthetic case for presentation: 1 events observed, severity=low, outcome=pending.",,
84492321-f69e-4bf2-b0ff-e08df9db0f40,4c18bad2-c18a-4666-a599-8f649cd08c8f,ac00672f-cf5f-4b8b-b1b8-b40d74db8533,medium,warned,"Synthetic case for presentation: 2 events observed, severity=medium, outcome=warned.",1ca2154a-7361-4c19-8e5c-cd27a87e9b35,"2026-09-17 15:09:00"
0e6255cb-712d-473f-b0cd-57f019d1c4bd,4c18bad2-c18a-4666-a599-8f649cd08c8f,f4b904f8-cebe-491e-9d56-aa6c6a579731,high,score_penalized,"Synthetic case for presentation: 3 events observed, severity=high, outcome=score_penalized.",1ca2154a-7361-4c19-8e5c-cd27a87e9b35,"2026-09-18 15:18:00"
ccea6da4-72fe-4f64-bf76-84c5eda4c8ea,4c18bad2-c18a-4666-a599-8f649cd08c8f,16ad165b-0854-4800-ba6b-9a932c10477e,low,pending,"Synthetic case for presentation: 1 events observed, severity=low, outcome=pending.",,
5ed903f2-c5e8-4fbe-a2d0-ec08defba9c9,4c18bad2-c18a-4666-a599-8f649cd08c8f,d68e5759-86a3-427e-ad76-a69ed6884063,high,score_penalized,"Synthetic case for presentation: 2 events observed, severity=high, outcome=score_penalized.",90b1b286-043f-4b76-92e4-23c74608f5ea,"2026-08-26 15:36:00"
f6ce77ef-685e-46d5-bc14-35a8cc9c16f8,3d8b53c1-4c7a-4798-891c-a997d34e221b,d7680c61-ca9b-4dd5-bc89-29ec814a83e5,high,score_penalized,"Synthetic case for presentation: 3 events observed, severity=high, outcome=score_penalized.",90b1b286-043f-4b76-92e4-23c74608f5ea,"2026-09-18 15:00:00"
2c3859fb-b486-4dac-b426-182cd61fb974,3d8b53c1-4c7a-4798-891c-a997d34e221b,8f0ba98f-05ba-419a-8fdd-a43284a503e9,low,pending,"Synthetic case for presentation: 1 events observed, severity=low, outcome=pending.",,
c567b30b-159a-4626-94cd-2dbeaf24b48e,3d8b53c1-4c7a-4798-891c-a997d34e221b,0daad751-53ec-4673-b363-710bb4a70c70,high,score_penalized,"Synthetic case for presentation: 2 events observed, severity=high, outcome=score_penalized.",38f0fc7d-8e5e-4aa7-b128-3530d91542e9,"2026-08-26 15:18:00"
e9bc0257-6c87-41f4-a41f-ba5430cb50fa,3d8b53c1-4c7a-4798-891c-a997d34e221b,06546bba-e9f2-4460-aeec-302b97b4688a,high,score_penalized,"Synthetic case for presentation: 3 events observed, severity=high, outcome=score_penalized.",38f0fc7d-8e5e-4aa7-b128-3530d91542e9,"2026-08-27 15:27:00"
4c86394d-035d-499e-b7c7-9c8e11f92814,3d8b53c1-4c7a-4798-891c-a997d34e221b,2a0aa5b2-fb01-44dd-935d-71a284738bfa,low,pending,"Synthetic case for presentation: 1 events observed, severity=low, outcome=pending.",,
924c3b62-7e11-47d4-a95f-5e6adeaba9ba,885b61dd-1de0-45db-9761-bb4446b79514,687f7d45-b47f-4342-82ad-9e9761992a54,high,score_penalized,"Synthetic case for presentation: 2 events observed, severity=high, outcome=score_penalized.",90b1b286-043f-4b76-92e4-23c74608f5ea,"2026-08-26 15:00:00"
0d4c0a08-72a6-423e-8635-9921984b2bbd,885b61dd-1de0-45db-9761-bb4446b79514,4f8bb9fb-c1e6-4a56-95f3-0403a78cf749,high,score_penalized,"Synthetic case for presentation: 3 events observed, severity=high, outcome=score_penalized.",db3c4169-baa3-47b0-be3d-60de44543cea,"2026-08-27 15:09:00"
c0ec2d66-1c0c-42f0-a78f-ce9cb28dc466,885b61dd-1de0-45db-9761-bb4446b79514,eccaed6b-9aa9-44b4-b986-321be59b92c3,low,pending,"Synthetic case for presentation: 1 events observed, severity=low, outcome=pending.",,
4ed162f1-9ba9-45bc-befd-b0d0f24f1897,885b61dd-1de0-45db-9761-bb4446b79514,468798f4-95d9-40cf-863b-5437f10d7973,medium,warned,"Synthetic case for presentation: 2 events observed, severity=medium, outcome=warned.",db3c4169-baa3-47b0-be3d-60de44543cea,"2026-08-29 15:27:00"
c3b84343-f426-4a70-9d63-396d0f0dbeb9,885b61dd-1de0-45db-9761-bb4446b79514,8342a8a0-5fa7-4eb1-9603-68ab6507240a,high,score_penalized,"Synthetic case for presentation: 3 events observed, severity=high, outcome=score_penalized.",90b1b286-043f-4b76-92e4-23c74608f5ea,"2026-08-30 15:36:00"
8696486f-cebe-4de9-b48a-fff3e0a74a40,c0208be5-21fb-48e9-a219-4474d51c17b6,13c439e4-3616-4234-ba68-1a1325400aed,low,pending,"Synthetic case for presentation: 1 events observed, severity=low, outcome=pending.",,
22935219-0d3b-44ea-84b9-ea7865bb6915,c0208be5-21fb-48e9-a219-4474d51c17b6,e19d0a1f-16f3-4dd3-9f30-ceb5e9844357,medium,warned,"Synthetic case for presentation: 2 events observed, severity=medium, outcome=warned.",dfd59182-fe80-4886-a06f-646ead1f3369,"2026-08-29 15:09:00"
1b37526a-0ec2-4191-a586-0f0f4d62c6c2,c0208be5-21fb-48e9-a219-4474d51c17b6,dfc321e5-ef4b-44c7-8432-3a5eac7f65b8,high,score_penalized,"Synthetic case for presentation: 3 events observed, severity=high, outcome=score_penalized.",dfd59182-fe80-4886-a06f-646ead1f3369,"2026-08-30 15:18:00"
a902c652-54d6-42a0-a5f0-6a77b39d871c,c0208be5-21fb-48e9-a219-4474d51c17b6,9af40486-36e0-4235-840c-e6c3905aba3d,high,score_penalized,"Synthetic case for presentation: 1 events observed, severity=high, outcome=score_penalized.",dfd59182-fe80-4886-a06f-646ead1f3369,"2026-08-31 15:27:00"
f51dd5d9-ac85-44e9-b8cc-fab8f19087a3,c0208be5-21fb-48e9-a219-4474d51c17b6,1108fe4b-6263-41d2-94ec-890f0afac322,medium,warned,"Synthetic case for presentation: 2 events observed, severity=medium, outcome=warned.",90b1b286-043f-4b76-92e4-23c74608f5ea,"2026-09-01 15:36:00"
09de2978-fa8a-4083-b526-f7225a94d09d,ca9fbd77-a373-4438-b1a1-56987a395f36,c902d667-393c-4258-8299-7a6157d8e6d1,high,score_penalized,"Synthetic case for presentation: 3 events observed, severity=high, outcome=score_penalized.",90b1b286-043f-4b76-92e4-23c74608f5ea,"2026-08-30 15:00:00"
c3c51ab7-6811-4d54-b307-edcd5115d43a,ca9fbd77-a373-4438-b1a1-56987a395f36,e6d2f6ae-39a9-416f-b562-716d548a5ea8,high,score_penalized,"Synthetic case for presentation: 1 events observed, severity=high, outcome=score_penalized.",375b8d52-e4ce-4821-b98a-9625e376f160,"2026-08-31 15:09:00"
156f41c1-142d-455a-a270-7f4c6bd46587,ca9fbd77-a373-4438-b1a1-56987a395f36,5d3bdc01-4ad3-4f04-8e21-5602b7dd8d6d,medium,warned,"Synthetic case for presentation: 2 events observed, severity=medium, outcome=warned.",375b8d52-e4ce-4821-b98a-9625e376f160,"2026-09-01 15:18:00"
eb54caf4-6c83-4a12-96b0-19b8d5db1e81,ca9fbd77-a373-4438-b1a1-56987a395f36,e1e10d67-1952-4c40-897c-8f5591d561cb,critical,invalidated,"Synthetic case for presentation: 3 events observed, severity=critical, outcome=invalidated.",375b8d52-e4ce-4821-b98a-9625e376f160,"2026-09-02 15:27:00"
3283eb73-b03f-48a1-a2fa-b63f5ac9dd3b,ca9fbd77-a373-4438-b1a1-56987a395f36,407421f0-1172-45cb-bb94-4767f3edbb30,low,pending,"Synthetic case for presentation: 1 events observed, severity=low, outcome=pending.",,
9aec4830-6bf9-4721-83ae-769eb1697603,5195c0aa-e432-4f40-850b-76575e16c549,54cc69d7-6eb0-485b-b24e-6fce30b2709c,medium,warned,"Synthetic case for presentation: 2 events observed, severity=medium, outcome=warned.",90b1b286-043f-4b76-92e4-23c74608f5ea,"2026-09-01 15:00:00"
2e9eca66-c233-4c48-83fe-624590eee6d1,5195c0aa-e432-4f40-850b-76575e16c549,f4a62497-545f-4671-864c-454f19dc38e5,critical,invalidated,"Synthetic case for presentation: 3 events observed, severity=critical, outcome=invalidated.",7499a243-c2bc-4f0d-bdb9-fb203a0b8544,"2026-09-02 15:09:00"
8929789c-3cb1-4a9a-8bb3-e011ec262afa,5195c0aa-e432-4f40-850b-76575e16c549,cc1b2564-4c3f-4500-b679-03cd3504852e,low,pending,"Synthetic case for presentation: 1 events observed, severity=low, outcome=pending.",,
ecac4f70-6f5a-445c-b749-047ea5af7c6e,5195c0aa-e432-4f40-850b-76575e16c549,47f2cb61-0682-432e-b97a-43113d46db0b,medium,warned,"Synthetic case for presentation: 2 events observed, severity=medium, outcome=warned.",7499a243-c2bc-4f0d-bdb9-fb203a0b8544,"2026-09-04 15:27:00"
55ff54f0-e6d7-4aab-8680-889048ef108b,5195c0aa-e432-4f40-850b-76575e16c549,2428bc32-10c2-4399-a5d8-ce57752644e4,high,score_penalized,"Synthetic case for presentation: 3 events observed, severity=high, outcome=score_penalized.",90b1b286-043f-4b76-92e4-23c74608f5ea,"2026-09-05 15:36:00"
7c7839dc-049b-4d43-a3dc-f2540689d1c9,412e1cb1-64a2-4eac-94bf-86a97e64d688,7a85f295-64aa-45b5-8ec9-62fdb820305a,low,pending,"Synthetic case for presentation: 1 events observed, severity=low, outcome=pending.",,
b4303ca6-9ada-4ea7-ae40-987e30bf22aa,412e1cb1-64a2-4eac-94bf-86a97e64d688,e8cc30a5-bba3-4995-b5b8-12ea13c3ad02,medium,warned,"Synthetic case for presentation: 2 events observed, severity=medium, outcome=warned.",40bcbc8c-ef6a-47b3-b414-b0f8d072f76c,"2026-09-04 15:09:00"
77a949a0-8e1e-4292-8384-d0402263acb2,412e1cb1-64a2-4eac-94bf-86a97e64d688,c7baa111-01cb-40b8-aac7-c5d0f68ca7a4,high,score_penalized,"Synthetic case for presentation: 3 events observed, severity=high, outcome=score_penalized.",40bcbc8c-ef6a-47b3-b414-b0f8d072f76c,"2026-09-05 15:18:00"
23803832-288f-4868-a110-cef5378f0f27,412e1cb1-64a2-4eac-94bf-86a97e64d688,06327b5c-daca-45c3-beff-63c82b7a45ed,low,pending,"Synthetic case for presentation: 1 events observed, severity=low, outcome=pending.",,
89fa84ac-ce1b-4638-a04b-ef75aef3bf73,412e1cb1-64a2-4eac-94bf-86a97e64d688,e1f1f513-fa60-4e0b-8dc1-00fe2dc4caba,high,score_penalized,"Synthetic case for presentation: 2 events observed, severity=high, outcome=score_penalized.",90b1b286-043f-4b76-92e4-23c74608f5ea,"2026-09-07 15:36:00"
db6b07f6-69a1-4eda-8bc2-892c0033de00,05ba554a-eb74-45e5-8ca5-049e4d071e25,c2e7902e-e10d-470a-b4ae-d22978b31f0e,high,score_penalized,"Synthetic case for presentation: 3 events observed, severity=high, outcome=score_penalized.",90b1b286-043f-4b76-92e4-23c74608f5ea,"2026-09-05 15:00:00"
af87bc84-1091-4b15-a48c-fd5fbe5181d2,05ba554a-eb74-45e5-8ca5-049e4d071e25,4fb12882-8ec4-4458-8742-5d54416756e5,low,pending,"Synthetic case for presentation: 1 events observed, severity=low, outcome=pending.",,
49643db4-5a71-419c-80fd-8746bfddbe68,05ba554a-eb74-45e5-8ca5-049e4d071e25,2242a957-644c-4660-bae5-0fa405f481a2,high,score_penalized,"Synthetic case for presentation: 2 events observed, severity=high, outcome=score_penalized.",7e11aee1-a5d6-4766-af8a-e2d6788ca91d,"2026-09-07 15:18:00"
e35f8d5c-12ee-4c77-a250-ef83911a2d61,05ba554a-eb74-45e5-8ca5-049e4d071e25,38edbcba-9034-43cd-9e96-3c522ed363a8,high,score_penalized,"Synthetic case for presentation: 3 events observed, severity=high, outcome=score_penalized.",7e11aee1-a5d6-4766-af8a-e2d6788ca91d,"2026-09-08 15:27:00"
aa7492d8-4cfd-4c4e-bdfb-a3647dc8ee25,05ba554a-eb74-45e5-8ca5-049e4d071e25,e4c76da9-e8fe-4009-83e6-12d679b28a63,low,pending,"Synthetic case for presentation: 1 events observed, severity=low, outcome=pending.",,
ce977a2c-85e5-48a8-8c12-e28d3e61c64b,4551fd47-6cf2-4e86-a290-9e1d2f9c09d0,86d96e1e-276e-45a4-9cc3-2c52bbc28fc5,high,score_penalized,"Synthetic case for presentation: 2 events observed, severity=high, outcome=score_penalized.",90b1b286-043f-4b76-92e4-23c74608f5ea,"2026-09-07 15:00:00"
6ad312d1-48aa-4481-947c-a71d038af579,4551fd47-6cf2-4e86-a290-9e1d2f9c09d0,d69cd038-4c85-4081-8d76-093f0515db83,high,score_penalized,"Synthetic case for presentation: 3 events observed, severity=high, outcome=score_penalized.",1f203b71-96a9-48d9-8380-45cc4d47e2b9,"2026-09-08 15:09:00"
1df64d42-12a6-4b6e-b5a7-4a984b83f0f3,4551fd47-6cf2-4e86-a290-9e1d2f9c09d0,cff6532a-e845-425a-8f62-24dca487b46d,low,pending,"Synthetic case for presentation: 1 events observed, severity=low, outcome=pending.",,
44e9724e-7a6b-4fda-880b-1c32fc1addf5,4551fd47-6cf2-4e86-a290-9e1d2f9c09d0,2b2363d6-f814-435a-adb7-f393ac9b89a3,medium,warned,"Synthetic case for presentation: 2 events observed, severity=medium, outcome=warned.",1f203b71-96a9-48d9-8380-45cc4d47e2b9,"2026-09-10 15:27:00"
ce7a0af3-3872-49ef-9518-751eab83c2d3,4551fd47-6cf2-4e86-a290-9e1d2f9c09d0,05d2268c-dad1-49e3-a6ae-d88a6d185985,high,score_penalized,"Synthetic case for presentation: 3 events observed, severity=high, outcome=score_penalized.",90b1b286-043f-4b76-92e4-23c74608f5ea,"2026-09-11 15:36:00"
5d0e3904-e1b0-4948-bfe4-5a8afd32b943,ff51f800-82b8-4ee1-8939-ccfb0a47cdad,5a1b4544-3d08-49aa-8804-248dff089a0d,low,pending,"Synthetic case for presentation: 1 events observed, severity=low, outcome=pending.",,
321c9107-8648-4f87-853b-88fdc60604dc,ff51f800-82b8-4ee1-8939-ccfb0a47cdad,57399dfc-51bd-480f-b8d1-52ccff63326e,medium,warned,"Synthetic case for presentation: 2 events observed, severity=medium, outcome=warned.",743072ec-5eac-4c51-8c21-abf0278959b3,"2026-09-10 15:09:00"
210db174-5731-4aa0-8559-e707aeca5fb7,ff51f800-82b8-4ee1-8939-ccfb0a47cdad,5c7ecf5e-a951-4b3a-8e4a-76890c2f284b,high,score_penalized,"Synthetic case for presentation: 3 events observed, severity=high, outcome=score_penalized.",743072ec-5eac-4c51-8c21-abf0278959b3,"2026-09-11 15:18:00"
9369b733-99c2-431d-96e5-338a5277845f,ff51f800-82b8-4ee1-8939-ccfb0a47cdad,beb47097-0573-4aec-8f9d-1702cd14cbae,high,score_penalized,"Synthetic case for presentation: 1 events observed, severity=high, outcome=score_penalized.",743072ec-5eac-4c51-8c21-abf0278959b3,"2026-09-12 15:27:00"
f7e185e0-bf17-4b41-aee3-a87039dff897,ff51f800-82b8-4ee1-8939-ccfb0a47cdad,1e45bc04-1735-4153-b6b2-daa44079e67d,medium,warned,"Synthetic case for presentation: 2 events observed, severity=medium, outcome=warned.",90b1b286-043f-4b76-92e4-23c74608f5ea,"2026-09-13 15:36:00"
0b725773-950e-4d7e-aaed-53a057d2b731,5bb742b9-7dc6-4f45-abb1-1add43af7ac3,6884012b-8727-41bc-aed7-5e1d0c7e6843,high,score_penalized,"Synthetic case for presentation: 3 events observed, severity=high, outcome=score_penalized.",90b1b286-043f-4b76-92e4-23c74608f5ea,"2026-09-11 15:00:00"
a6fc71a7-82cd-4de9-ba20-2ba2cda59f3b,5bb742b9-7dc6-4f45-abb1-1add43af7ac3,9cacd713-8b78-4322-a901-061fdefd29b4,high,score_penalized,"Synthetic case for presentation: 1 events observed, severity=high, outcome=score_penalized.",530ab287-107c-4c3f-bd73-29f6b130a9b6,"2026-09-12 15:09:00"
ea9fab7d-d6a4-45e7-9c78-0fec8d813011,5bb742b9-7dc6-4f45-abb1-1add43af7ac3,c904d657-e3d6-455c-b8e6-e0d24a6d2cdf,medium,warned,"Synthetic case for presentation: 2 events observed, severity=medium, outcome=warned.",530ab287-107c-4c3f-bd73-29f6b130a9b6,"2026-09-13 15:18:00"
c7388aff-0ed6-4408-b6d1-f80241f4eca3,5bb742b9-7dc6-4f45-abb1-1add43af7ac3,ef41ae97-9b40-4c2f-acca-b6c662ac8932,critical,invalidated,"Synthetic case for presentation: 3 events observed, severity=critical, outcome=invalidated.",530ab287-107c-4c3f-bd73-29f6b130a9b6,"2026-09-14 15:27:00"
4314839e-7ee1-490a-923e-cc7722072678,5bb742b9-7dc6-4f45-abb1-1add43af7ac3,e36e9144-c48d-4a6e-bb89-e4ff441a65d5,low,pending,"Synthetic case for presentation: 1 events observed, severity=low, outcome=pending.",,
844cafe3-7f1d-4c9a-866c-af1bbc876370,17d8c262-7fd8-4ab2-9ac4-3387cb2cbffb,eaa399cd-040c-4c78-9f8e-c95e955ccfa3,medium,warned,"Synthetic case for presentation: 2 events observed, severity=medium, outcome=warned.",90b1b286-043f-4b76-92e4-23c74608f5ea,"2026-09-13 15:00:00"
e1bb0dd8-2195-4d16-a8b8-ed299687539d,17d8c262-7fd8-4ab2-9ac4-3387cb2cbffb,43d922a7-4c47-4440-bebf-3634552d92c9,critical,invalidated,"Synthetic case for presentation: 3 events observed, severity=critical, outcome=invalidated.",702b9e5c-3c42-4d60-bdfa-0e563be25a63,"2026-09-14 15:09:00"
fd30c5ca-1857-445f-b741-eee2f3992dc9,17d8c262-7fd8-4ab2-9ac4-3387cb2cbffb,26efe787-5bb5-4c1c-9e5d-04f48ab50496,low,pending,"Synthetic case for presentation: 1 events observed, severity=low, outcome=pending.",,
776a27ca-b661-48ea-a597-d7357c709748,17d8c262-7fd8-4ab2-9ac4-3387cb2cbffb,33fb2615-a91a-414c-ab32-052fcd53487e,medium,warned,"Synthetic case for presentation: 2 events observed, severity=medium, outcome=warned.",702b9e5c-3c42-4d60-bdfa-0e563be25a63,"2026-09-16 15:27:00"
f6235df4-cf34-4349-8967-210c29f4e60e,17d8c262-7fd8-4ab2-9ac4-3387cb2cbffb,150bc4e7-c8c0-4b29-88d7-f83f5fbd2771,high,score_penalized,"Synthetic case for presentation: 3 events observed, severity=high, outcome=score_penalized.",90b1b286-043f-4b76-92e4-23c74608f5ea,"2026-09-17 15:36:00"
0e6432bb-d40e-432f-8bfe-b717e5cacbce,a5fc40e5-15d1-496a-b996-504eed413eeb,acd3998b-567c-48da-a33b-cf04833c4ac9,low,pending,"Synthetic case for presentation: 1 events observed, severity=low, outcome=pending.",,
980bf67d-74de-4ba1-93fa-b96961fe24fe,a5fc40e5-15d1-496a-b996-504eed413eeb,f568b0ae-6f39-4e0e-903d-b6f696bae31e,medium,warned,"Synthetic case for presentation: 2 events observed, severity=medium, outcome=warned.",43901fd2-8b27-4816-a68a-846b62aa03fd,"2026-09-16 15:09:00"
361bc932-ce04-4605-83e5-789e43cf2cc4,a5fc40e5-15d1-496a-b996-504eed413eeb,aa91e34c-93e3-4a84-bae4-343f5320c0e8,high,score_penalized,"Synthetic case for presentation: 3 events observed, severity=high, outcome=score_penalized.",43901fd2-8b27-4816-a68a-846b62aa03fd,"2026-09-17 15:18:00"
50e3e58a-6133-4c50-8d10-dbee9c7b4e8a,a5fc40e5-15d1-496a-b996-504eed413eeb,ec700b59-96a0-44d2-b15e-d44113134ae7,low,pending,"Synthetic case for presentation: 1 events observed, severity=low, outcome=pending.",,
872e53b9-aa47-4359-a872-3e48f2e752b0,a5fc40e5-15d1-496a-b996-504eed413eeb,b39e4145-50f3-4819-803d-df89a238cf58,high,score_penalized,"Synthetic case for presentation: 2 events observed, severity=high, outcome=score_penalized.",90b1b286-043f-4b76-92e4-23c74608f5ea,"2026-09-19 15:36:00"
0837bce5-7508-4d74-8a1f-3d9c053edc59,516aec5b-a052-4a02-841a-c860f03bb126,4be192d5-0522-4ec0-8c30-0638b79c815b,high,score_penalized,"Synthetic case for presentation: 3 events observed, severity=high, outcome=score_penalized.",90b1b286-043f-4b76-92e4-23c74608f5ea,"2026-09-17 15:00:00"
133f3169-3263-4d5b-9b58-1ba23cd226f4,516aec5b-a052-4a02-841a-c860f03bb126,2d7abc5a-b39f-4dc0-9d3c-99488f3e7856,low,pending,"Synthetic case for presentation: 1 events observed, severity=low, outcome=pending.",,
f234ed87-8010-436d-8faf-2f30ca27abcb,516aec5b-a052-4a02-841a-c860f03bb126,0201a6fe-e2e8-48a4-b8b7-5954871aced9,high,score_penalized,"Synthetic case for presentation: 2 events observed, severity=high, outcome=score_penalized.",b479a952-07c1-42a0-9eb4-e360a05999b3,"2026-09-19 15:18:00"
78fe94c6-9727-4131-b11d-a57de2d1d0e0,516aec5b-a052-4a02-841a-c860f03bb126,652fd549-ff8b-4b7d-a7b5-a87133c63df8,high,score_penalized,"Synthetic case for presentation: 3 events observed, severity=high, outcome=score_penalized.",b479a952-07c1-42a0-9eb4-e360a05999b3,"2026-08-26 15:27:00"
88ae36dd-0bb5-46cd-8d70-305e3ec05ab7,516aec5b-a052-4a02-841a-c860f03bb126,d64155a8-11f2-4ce3-90b2-7d3b342493b9,low,pending,"Synthetic case for presentation: 1 events observed, severity=low, outcome=pending.",,
15df41bb-c26d-4159-a2ac-7122b8acdb41,ee51675c-ba27-42fa-9639-833330e17ef7,547a6584-01f1-477f-8b30-ca674b5bdcab,high,score_penalized,"Synthetic case for presentation: 2 events observed, severity=high, outcome=score_penalized.",90b1b286-043f-4b76-92e4-23c74608f5ea,"2026-09-19 15:00:00"
912283e5-b290-46ba-978f-7aaf746e5d14,ee51675c-ba27-42fa-9639-833330e17ef7,264347a6-9b33-456f-bd25-90d4c83fb0d8,high,score_penalized,"Synthetic case for presentation: 3 events observed, severity=high, outcome=score_penalized.",25a054ca-87cd-456e-820c-f67bf7623ed2,"2026-08-26 15:09:00"
af296831-439e-4685-afe8-e100ef8d681d,ee51675c-ba27-42fa-9639-833330e17ef7,7bd72a97-bf73-46e7-a1fd-48e302cbbb60,low,pending,"Synthetic case for presentation: 1 events observed, severity=low, outcome=pending.",,
0a84c95b-54a4-4e25-b78e-bcc7feb69a66,ee51675c-ba27-42fa-9639-833330e17ef7,0ef206a8-36b8-4188-bb80-690901238ab7,medium,warned,"Synthetic case for presentation: 2 events observed, severity=medium, outcome=warned.",25a054ca-87cd-456e-820c-f67bf7623ed2,"2026-08-28 15:27:00"
8e1b1d26-9b49-452f-a28f-40bf9981b26e,ee51675c-ba27-42fa-9639-833330e17ef7,dae27805-789f-4c62-b3fb-e8340e559f3b,high,score_penalized,"Synthetic case for presentation: 3 events observed, severity=high, outcome=score_penalized.",90b1b286-043f-4b76-92e4-23c74608f5ea,"2026-08-29 15:36:00"
73f83444-64d9-433c-923a-8366cd7f68f9,7330c68e-03cb-4df1-a216-ee598f03205b,f1c2a36c-fee9-4475-861a-3fbc53dd950a,low,pending,"Synthetic case for presentation: 1 events observed, severity=low, outcome=pending.",,
d04db9d3-12af-49e4-8532-547c8a060026,7330c68e-03cb-4df1-a216-ee598f03205b,382fc32d-b300-41c1-a73a-6c6bf1a18360,medium,warned,"Synthetic case for presentation: 2 events observed, severity=medium, outcome=warned.",ef13514a-1d4c-4982-9d39-4381e46325b0,"2026-08-28 15:09:00"
69bb9f02-4068-4622-a959-b7ad93016454,7330c68e-03cb-4df1-a216-ee598f03205b,e49e894b-b553-4c77-8a62-9227780a2a93,high,score_penalized,"Synthetic case for presentation: 3 events observed, severity=high, outcome=score_penalized.",ef13514a-1d4c-4982-9d39-4381e46325b0,"2026-08-29 15:18:00"
09e09fb0-913b-4f26-bef4-be6290e31812,7330c68e-03cb-4df1-a216-ee598f03205b,d66fc16d-ca2f-442d-9c43-22811f6dafa4,high,score_penalized,"Synthetic case for presentation: 1 events observed, severity=high, outcome=score_penalized.",ef13514a-1d4c-4982-9d39-4381e46325b0,"2026-08-30 15:27:00"
af63caba-3811-4d73-b84d-b8ec4582ab55,7330c68e-03cb-4df1-a216-ee598f03205b,ce6ee518-235e-4d47-8e13-81ee377d1cd9,medium,warned,"Synthetic case for presentation: 2 events observed, severity=medium, outcome=warned.",90b1b286-043f-4b76-92e4-23c74608f5ea,"2026-08-31 15:36:00"
f2d2cb64-92e5-47b3-bfb4-d49017c34034,4f021240-6af4-4347-9581-042f89207bed,571d90f3-5c9b-4975-88be-e15f087838fd,high,score_penalized,"Synthetic case for presentation: 3 events observed, severity=high, outcome=score_penalized.",90b1b286-043f-4b76-92e4-23c74608f5ea,"2026-08-29 15:00:00"
533b51c0-da16-4e30-816f-f338b93e8430,4f021240-6af4-4347-9581-042f89207bed,2c81523a-aa97-4d5e-b1a3-9b21befb07f1,high,score_penalized,"Synthetic case for presentation: 1 events observed, severity=high, outcome=score_penalized.",23e4143f-a256-4d1e-b21c-e4011046897e,"2026-08-30 15:09:00"
c6cf7d79-e1d0-4135-bd0f-09503b8cf1ae,4f021240-6af4-4347-9581-042f89207bed,8f559342-82a9-499c-8bda-2b996bbed6ec,medium,warned,"Synthetic case for presentation: 2 events observed, severity=medium, outcome=warned.",23e4143f-a256-4d1e-b21c-e4011046897e,"2026-08-31 15:18:00"
e7101ba2-aca8-474f-b961-afc03189e746,4f021240-6af4-4347-9581-042f89207bed,1414b652-4211-4719-b919-088715f7b492,critical,invalidated,"Synthetic case for presentation: 3 events observed, severity=critical, outcome=invalidated.",23e4143f-a256-4d1e-b21c-e4011046897e,"2026-09-01 15:27:00"
57049b46-61e5-4134-b7b4-7b979a5efd17,4f021240-6af4-4347-9581-042f89207bed,792ce379-730c-493b-bd98-fea00a038b16,low,pending,"Synthetic case for presentation: 1 events observed, severity=low, outcome=pending.",,
dd14016c-101f-4a8b-b40b-2067041c1c7c,6b7ae530-5ad2-4bf6-ad9c-00d3be5881a2,84992771-eb53-438c-a4d1-13a21986cef5,medium,warned,"Synthetic case for presentation: 2 events observed, severity=medium, outcome=warned.",90b1b286-043f-4b76-92e4-23c74608f5ea,"2026-08-31 15:00:00"
cdaca515-01c0-4182-8757-40952d6e7a95,6b7ae530-5ad2-4bf6-ad9c-00d3be5881a2,df96f758-914f-4e81-a1d6-dcd8fff73240,critical,invalidated,"Synthetic case for presentation: 3 events observed, severity=critical, outcome=invalidated.",94446038-d6bf-48e4-a490-cf6b9e7c3c24,"2026-09-01 15:09:00"
e36bedf2-c8a7-486a-abb9-e3dedd039cd7,6b7ae530-5ad2-4bf6-ad9c-00d3be5881a2,7a44a4dc-1d7b-4104-a8ee-eddd0139245a,low,pending,"Synthetic case for presentation: 1 events observed, severity=low, outcome=pending.",,
3c97bfc7-57af-4768-87bd-5fad0f774792,6b7ae530-5ad2-4bf6-ad9c-00d3be5881a2,570a3617-89d9-4b1f-a19d-9561a6f48e59,medium,warned,"Synthetic case for presentation: 2 events observed, severity=medium, outcome=warned.",94446038-d6bf-48e4-a490-cf6b9e7c3c24,"2026-09-03 15:27:00"
7971fc08-84be-42c8-9103-9c06792f0d93,6b7ae530-5ad2-4bf6-ad9c-00d3be5881a2,0fed753d-5b48-4385-b10f-675580e24840,high,score_penalized,"Synthetic case for presentation: 3 events observed, severity=high, outcome=score_penalized.",90b1b286-043f-4b76-92e4-23c74608f5ea,"2026-09-04 15:36:00"
187454cf-821d-4dfe-8299-11c921d2da90,f9eb02d5-4a39-4e42-b81f-bbf42c2155e1,373ed79d-6cb6-4ef2-9023-2114421fd559,low,pending,"Synthetic case for presentation: 1 events observed, severity=low, outcome=pending.",,
262be097-708f-4bba-9e83-120cbbbfc367,f9eb02d5-4a39-4e42-b81f-bbf42c2155e1,5a5c3927-e23e-4fac-8ff3-f1add6fb46d7,medium,warned,"Synthetic case for presentation: 2 events observed, severity=medium, outcome=warned.",2289fc83-5cb6-438a-8845-44291aba29fb,"2026-09-03 15:09:00"
4b770aca-43d1-447c-a847-b5190f691a39,f9eb02d5-4a39-4e42-b81f-bbf42c2155e1,bcdf545c-eac2-4b16-9cc2-0ef2ddbcc05e,high,score_penalized,"Synthetic case for presentation: 3 events observed, severity=high, outcome=score_penalized.",2289fc83-5cb6-438a-8845-44291aba29fb,"2026-09-04 15:18:00"
89883763-b07f-4383-b76a-4b1bd90d5914,f9eb02d5-4a39-4e42-b81f-bbf42c2155e1,955de350-fb87-4f91-9272-3cbb9775b5da,low,pending,"Synthetic case for presentation: 1 events observed, severity=low, outcome=pending.",,
e8c76998-c020-495e-8989-e8689ec5de07,f9eb02d5-4a39-4e42-b81f-bbf42c2155e1,cb0f7f8f-e40e-427c-894c-aad6382a8ad2,high,score_penalized,"Synthetic case for presentation: 2 events observed, severity=high, outcome=score_penalized.",90b1b286-043f-4b76-92e4-23c74608f5ea,"2026-09-06 15:36:00"
a42b55eb-29c2-4bb8-b526-3b463a83677e,faba83f2-7854-41fb-82d7-f858d2771056,f9f01807-8da2-4f5a-8847-b42d15d1945b,high,score_penalized,"Synthetic case for presentation: 3 events observed, severity=high, outcome=score_penalized.",90b1b286-043f-4b76-92e4-23c74608f5ea,"2026-09-04 15:00:00"
c2cec75a-9010-4e16-aae9-cae819d0d88c,faba83f2-7854-41fb-82d7-f858d2771056,3a2025c0-931e-41e8-b475-1471bf559991,low,pending,"Synthetic case for presentation: 1 events observed, severity=low, outcome=pending.",,
27e3d68e-ad2d-4e1c-bbd9-71bb562412bb,faba83f2-7854-41fb-82d7-f858d2771056,b0f68bc2-ec96-4163-a21b-3e76e4d6a219,high,score_penalized,"Synthetic case for presentation: 2 events observed, severity=high, outcome=score_penalized.",b8f65cf2-f32e-463a-b3d0-cf77c7192942,"2026-09-06 15:18:00"
80e06d76-7dac-4c9d-9bfe-806d956ea93d,faba83f2-7854-41fb-82d7-f858d2771056,4cb72e78-13b9-4879-80b7-10c0732548e0,high,score_penalized,"Synthetic case for presentation: 3 events observed, severity=high, outcome=score_penalized.",b8f65cf2-f32e-463a-b3d0-cf77c7192942,"2026-09-07 15:27:00"
c0058cc3-3efa-4c21-bc74-fd00f02eb975,faba83f2-7854-41fb-82d7-f858d2771056,8e2d3f3a-38c7-4438-83bb-26f1f8699bea,low,pending,"Synthetic case for presentation: 1 events observed, severity=low, outcome=pending.",,
25b718db-9480-49e1-8b6c-a6f3e8820cf0,6723cd99-d010-4a2e-98b0-a05b56a2cd1a,2e318f90-913c-4dd9-9198-175e357a9659,high,score_penalized,"Synthetic case for presentation: 2 events observed, severity=high, outcome=score_penalized.",90b1b286-043f-4b76-92e4-23c74608f5ea,"2026-09-06 15:00:00"
a6dce981-9e7e-41d7-94b9-b0c7d87fff97,6723cd99-d010-4a2e-98b0-a05b56a2cd1a,2db3b8f9-7df7-4c20-bd1b-c4808288947a,high,score_penalized,"Synthetic case for presentation: 3 events observed, severity=high, outcome=score_penalized.",a4ab0229-2fd2-40cd-ad1f-05e8c3e6c724,"2026-09-07 15:09:00"
c7c288f7-7567-4a58-90bc-1fb1dcdfe046,6723cd99-d010-4a2e-98b0-a05b56a2cd1a,72edf252-324f-448d-87ef-18b35c685ee8,low,pending,"Synthetic case for presentation: 1 events observed, severity=low, outcome=pending.",,
ec9c4c91-68ff-4355-a170-3ff5297b7e9d,6723cd99-d010-4a2e-98b0-a05b56a2cd1a,00067697-3bb1-4e4b-aa90-55c875803aeb,medium,warned,"Synthetic case for presentation: 2 events observed, severity=medium, outcome=warned.",a4ab0229-2fd2-40cd-ad1f-05e8c3e6c724,"2026-09-09 15:27:00"
06d7ed17-6327-4734-8084-81bbb5cd3164,6723cd99-d010-4a2e-98b0-a05b56a2cd1a,049c28db-45a5-4908-809e-564ff3515490,high,score_penalized,"Synthetic case for presentation: 3 events observed, severity=high, outcome=score_penalized.",90b1b286-043f-4b76-92e4-23c74608f5ea,"2026-09-10 15:36:00"
3d086b22-926b-4bb7-9b10-9b87c6db46a9,62bc7572-198a-4348-8fee-8a64786dff83,6b12ed57-d356-4efe-98d1-e4028f174b5d,low,pending,"Synthetic case for presentation: 1 events observed, severity=low, outcome=pending.",,
e5cab493-7e07-411c-8e9f-079e07f8aaee,62bc7572-198a-4348-8fee-8a64786dff83,f97e51e7-e522-4493-909f-6c2594573f79,medium,warned,"Synthetic case for presentation: 2 events observed, severity=medium, outcome=warned.",520933ec-cefd-4423-a597-541666749112,"2026-09-09 15:09:00"
d2cf32ab-3e22-46bd-ae55-ead7845ad752,62bc7572-198a-4348-8fee-8a64786dff83,b87cce12-66c1-40ff-941e-5def8d79684d,high,score_penalized,"Synthetic case for presentation: 3 events observed, severity=high, outcome=score_penalized.",520933ec-cefd-4423-a597-541666749112,"2026-09-10 15:18:00"
a047b41f-5968-4078-8e8b-84b80bb906f4,62bc7572-198a-4348-8fee-8a64786dff83,fcc918b9-6d9d-42cd-88a0-c8d401bee36e,high,score_penalized,"Synthetic case for presentation: 1 events observed, severity=high, outcome=score_penalized.",520933ec-cefd-4423-a597-541666749112,"2026-09-11 15:27:00"
9e14145e-0967-4eeb-91c9-0885abb486ea,62bc7572-198a-4348-8fee-8a64786dff83,32a1fd65-5672-4935-a526-349cd8f453d8,medium,warned,"Synthetic case for presentation: 2 events observed, severity=medium, outcome=warned.",90b1b286-043f-4b76-92e4-23c74608f5ea,"2026-09-12 15:36:00"
79ba774f-00ba-4a60-aa4d-fac50d318dfa,4228dbc8-4d1f-4c88-b863-e55067586bf9,743f97fa-289d-4316-8044-fa5b5c20cf15,high,score_penalized,"Synthetic case for presentation: 3 events observed, severity=high, outcome=score_penalized.",90b1b286-043f-4b76-92e4-23c74608f5ea,"2026-09-10 15:00:00"
d8db556e-467a-4552-90da-aab5f91f2a86,4228dbc8-4d1f-4c88-b863-e55067586bf9,54457d5b-b062-4d3e-8adc-334e169ac939,high,score_penalized,"Synthetic case for presentation: 1 events observed, severity=high, outcome=score_penalized.",7ecfb952-ab6d-45f7-8030-c34a0e2c7e5b,"2026-09-11 15:09:00"
4761c415-db92-4147-8515-a604f629557d,4228dbc8-4d1f-4c88-b863-e55067586bf9,5b12e5fb-8a26-4042-8f1b-1f7821d4478f,medium,warned,"Synthetic case for presentation: 2 events observed, severity=medium, outcome=warned.",7ecfb952-ab6d-45f7-8030-c34a0e2c7e5b,"2026-09-12 15:18:00"
a2a6700b-53ab-447a-96d4-bc8e5e55a5b9,4228dbc8-4d1f-4c88-b863-e55067586bf9,22e0f54d-2281-41dc-bd57-c8a65be81ac6,critical,invalidated,"Synthetic case for presentation: 3 events observed, severity=critical, outcome=invalidated.",7ecfb952-ab6d-45f7-8030-c34a0e2c7e5b,"2026-09-13 15:27:00"
45b81375-eafa-4895-ac13-b0cba181832f,4228dbc8-4d1f-4c88-b863-e55067586bf9,40ebeae2-1cae-4aba-8c27-f5380458b716,low,pending,"Synthetic case for presentation: 1 events observed, severity=low, outcome=pending.",,
540e8d0e-23d7-4de1-a7f1-dc34cd616848,f823f4c4-368e-4c3c-afb6-cfcfaf35a4ff,0ac48f93-f410-42c0-8be0-affc9cc97c8b,medium,warned,"Synthetic case for presentation: 2 events observed, severity=medium, outcome=warned.",90b1b286-043f-4b76-92e4-23c74608f5ea,"2026-09-12 15:00:00"
edb6b0a6-715a-4b9d-a7c9-bb87fa22aac2,f823f4c4-368e-4c3c-afb6-cfcfaf35a4ff,4e3295fc-c640-4822-9361-c27a0411fcf1,critical,invalidated,"Synthetic case for presentation: 3 events observed, severity=critical, outcome=invalidated.",6a9a5cad-acf4-443e-b5cb-2434a5ed91b1,"2026-09-13 15:09:00"
e3918dd7-ce83-4c70-a7cd-f50529497b10,f823f4c4-368e-4c3c-afb6-cfcfaf35a4ff,baac066e-d9bc-49f5-900a-b5ae586c4a2b,low,pending,"Synthetic case for presentation: 1 events observed, severity=low, outcome=pending.",,
87c37a38-e64e-455d-9d4b-8bb3e2a94fbb,f823f4c4-368e-4c3c-afb6-cfcfaf35a4ff,2a848b13-4408-4370-9f51-5e6e9ea013f3,medium,warned,"Synthetic case for presentation: 2 events observed, severity=medium, outcome=warned.",6a9a5cad-acf4-443e-b5cb-2434a5ed91b1,"2026-09-15 15:27:00"
a0c927fd-d688-4806-b26a-41c4389e5fae,f823f4c4-368e-4c3c-afb6-cfcfaf35a4ff,43665324-f078-4a37-a2a3-7d94ceb0f136,high,score_penalized,"Synthetic case for presentation: 3 events observed, severity=high, outcome=score_penalized.",90b1b286-043f-4b76-92e4-23c74608f5ea,"2026-09-16 15:36:00"
c060e94b-0f83-41dd-8ebf-e2f0f541cb1a,8fc376e8-3570-4a0d-987c-9215e5edb9f3,a3a7a64c-c624-4cdd-af2d-8e871a21edd6,low,pending,"Synthetic case for presentation: 1 events observed, severity=low, outcome=pending.",,
643f57ca-6889-459b-a4f5-d3a2237bbb3c,8fc376e8-3570-4a0d-987c-9215e5edb9f3,2286ddd1-4bba-4f89-8ebe-c66abf513fb9,medium,warned,"Synthetic case for presentation: 2 events observed, severity=medium, outcome=warned.",a1a6f6c9-fb22-4840-b427-63c20ee9928b,"2026-09-15 15:09:00"
0d4521dc-7d39-40a1-a00d-b62716fc3175,8fc376e8-3570-4a0d-987c-9215e5edb9f3,6c495481-0489-46d7-aff2-6add5fdb40b3,high,score_penalized,"Synthetic case for presentation: 3 events observed, severity=high, outcome=score_penalized.",a1a6f6c9-fb22-4840-b427-63c20ee9928b,"2026-09-16 15:18:00"
7082bd8f-904c-406e-a1db-c7365ecb324f,8fc376e8-3570-4a0d-987c-9215e5edb9f3,3c49513d-7ced-4863-82d8-794c147547ec,low,pending,"Synthetic case for presentation: 1 events observed, severity=low, outcome=pending.",,
d57c3cd7-cb1e-4722-ba7c-eccce8170a5e,8fc376e8-3570-4a0d-987c-9215e5edb9f3,d99e5a79-937f-4223-b4a0-dc971c1ea79b,high,score_penalized,"Synthetic case for presentation: 2 events observed, severity=high, outcome=score_penalized.",90b1b286-043f-4b76-92e4-23c74608f5ea,"2026-09-18 15:36:00"
ee18e49e-aa8d-4eb7-a688-7b411d1e2f05,fe90da7c-8950-43a1-a3aa-bf80a3a1e9b5,581afc2c-a8fa-433b-91e8-f0577c1d3537,high,score_penalized,"Synthetic case for presentation: 3 events observed, severity=high, outcome=score_penalized.",90b1b286-043f-4b76-92e4-23c74608f5ea,"2026-09-16 15:00:00"
2c853823-6d3e-401a-bdfa-e06fff2e7bfd,fe90da7c-8950-43a1-a3aa-bf80a3a1e9b5,d139efb7-7671-4972-8f15-95e076e6bb4d,low,pending,"Synthetic case for presentation: 1 events observed, severity=low, outcome=pending.",,
4ed69a63-6c30-4364-9c52-eef16ff1cdf8,fe90da7c-8950-43a1-a3aa-bf80a3a1e9b5,ff832bb9-3414-4616-8024-7a1c1224b8da,high,score_penalized,"Synthetic case for presentation: 2 events observed, severity=high, outcome=score_penalized.",e7626e85-a876-41e8-9167-abc500916dd9,"2026-09-18 15:18:00"
db5c6ff5-db7b-4057-818f-d46a2c81183c,fe90da7c-8950-43a1-a3aa-bf80a3a1e9b5,20f3cd30-2e79-4af6-9f7e-b52583c6feae,high,score_penalized,"Synthetic case for presentation: 3 events observed, severity=high, outcome=score_penalized.",e7626e85-a876-41e8-9167-abc500916dd9,"2026-09-19 15:27:00"
9eba9358-e7f7-4a3c-ba59-5684db4d1118,fe90da7c-8950-43a1-a3aa-bf80a3a1e9b5,48117bfb-5dcd-4630-be31-75370bf88b62,low,pending,"Synthetic case for presentation: 1 events observed, severity=low, outcome=pending.",,
22b4cb5a-d8e5-412c-aa50-cde31312a926,8a3a6335-ff0f-4e0b-9bc9-aaf18f9508d8,a66d5d83-b3d4-4f47-82d8-25ed6c3c1507,high,score_penalized,"Synthetic case for presentation: 2 events observed, severity=high, outcome=score_penalized.",90b1b286-043f-4b76-92e4-23c74608f5ea,"2026-09-18 15:00:00"
fa1f3cfa-4a9b-46f8-be29-8fa8a55e4f2d,8a3a6335-ff0f-4e0b-9bc9-aaf18f9508d8,56d1d163-9f77-4b25-94d7-98ce2e257611,high,score_penalized,"Synthetic case for presentation: 3 events observed, severity=high, outcome=score_penalized.",ce1b2a9d-c195-4d5b-b7b0-20e55a4f0d57,"2026-09-19 15:09:00"
6a8c6a7d-376c-4a6c-8222-1e059a57b29c,8a3a6335-ff0f-4e0b-9bc9-aaf18f9508d8,b6b6556c-e3bc-4314-ba91-8f0803cc665e,low,pending,"Synthetic case for presentation: 1 events observed, severity=low, outcome=pending.",,
21a60cb6-0d49-4a5b-a463-6a54be6a8330,8a3a6335-ff0f-4e0b-9bc9-aaf18f9508d8,d0835158-c34a-41e1-a725-d18641b9b308,medium,warned,"Synthetic case for presentation: 2 events observed, severity=medium, outcome=warned.",ce1b2a9d-c195-4d5b-b7b0-20e55a4f0d57,"2026-08-27 15:27:00"
d797de39-a164-4b9a-b8a3-150add775e47,8a3a6335-ff0f-4e0b-9bc9-aaf18f9508d8,205c8d14-802b-4058-bd1b-a424179fba5b,high,score_penalized,"Synthetic case for presentation: 3 events observed, severity=high, outcome=score_penalized.",90b1b286-043f-4b76-92e4-23c74608f5ea,"2026-08-28 15:36:00"
871bef9b-2ba7-432f-a896-22d90ca4b276,5f760525-e49c-497c-b034-7975d9efa268,0d45d296-b7e6-4ab5-b561-033346dc3c79,low,pending,"Synthetic case for presentation: 1 events observed, severity=low, outcome=pending.",,
57e038a2-45ff-4f42-8c55-66911e8b8bd7,5f760525-e49c-497c-b034-7975d9efa268,1d1411d0-655d-4d0a-93c6-d470222be7a2,medium,warned,"Synthetic case for presentation: 2 events observed, severity=medium, outcome=warned.",5bb3cca4-2db7-4c37-9757-7bf6dabfffda,"2026-08-27 15:09:00"
2322e107-4165-4024-a80d-fb3812df2d2d,5f760525-e49c-497c-b034-7975d9efa268,2bc81684-3657-45a2-acea-82d557db3c90,high,score_penalized,"Synthetic case for presentation: 3 events observed, severity=high, outcome=score_penalized.",5bb3cca4-2db7-4c37-9757-7bf6dabfffda,"2026-08-28 15:18:00"
5f759c23-d41d-46a0-8b26-e1a879b9af11,5f760525-e49c-497c-b034-7975d9efa268,cc4d2893-59c0-40e7-88a1-b8366e541f11,high,score_penalized,"Synthetic case for presentation: 1 events observed, severity=high, outcome=score_penalized.",5bb3cca4-2db7-4c37-9757-7bf6dabfffda,"2026-08-29 15:27:00"
b3fa0c30-a925-4e3a-83ec-b7c8c169dc37,5f760525-e49c-497c-b034-7975d9efa268,887b41f5-d19a-4ac1-9df1-80922ea3b6df,medium,warned,"Synthetic case for presentation: 2 events observed, severity=medium, outcome=warned.",90b1b286-043f-4b76-92e4-23c74608f5ea,"2026-08-30 15:36:00"
4925a4af-a9dd-4090-b33b-85dc4269a941,0340411f-a980-4fd6-8477-9c9896b66564,a91ddf7b-a470-42fc-b094-11a50c871dc9,high,score_penalized,"Synthetic case for presentation: 3 events observed, severity=high, outcome=score_penalized.",90b1b286-043f-4b76-92e4-23c74608f5ea,"2026-08-28 15:00:00"
9cc95f24-9b7e-4c7d-b579-8426fcb05fa2,0340411f-a980-4fd6-8477-9c9896b66564,3543b863-edd1-45b3-bf81-8945858d4659,high,score_penalized,"Synthetic case for presentation: 1 events observed, severity=high, outcome=score_penalized.",5ea3f6b9-2565-44ac-afe5-c8e5d3140342,"2026-08-29 15:09:00"
5af5fa64-0f96-480a-b906-bc0ec271ee7d,0340411f-a980-4fd6-8477-9c9896b66564,b4af2850-58df-4e25-8f78-fb871df28379,medium,warned,"Synthetic case for presentation: 2 events observed, severity=medium, outcome=warned.",5ea3f6b9-2565-44ac-afe5-c8e5d3140342,"2026-08-30 15:18:00"
c86f7db7-bdd5-4d7a-955a-1613ee327f1f,0340411f-a980-4fd6-8477-9c9896b66564,9e55a533-ff11-4f8e-a1be-3ee2678c3976,critical,invalidated,"Synthetic case for presentation: 3 events observed, severity=critical, outcome=invalidated.",5ea3f6b9-2565-44ac-afe5-c8e5d3140342,"2026-08-31 15:27:00"
69e3bee2-3649-4a24-af6c-4164e665dc45,0340411f-a980-4fd6-8477-9c9896b66564,86d395ee-846f-4a58-aac7-4e317dbe6100,low,pending,"Synthetic case for presentation: 1 events observed, severity=low, outcome=pending.",,
8d80f059-3d67-4e40-9f49-6a5bf4517312,1955e71a-4f9f-417a-83c8-ccabe8fdba13,15f8def5-2ce4-47c2-b192-2f9c6d36c3ba,medium,warned,"Synthetic case for presentation: 2 events observed, severity=medium, outcome=warned.",90b1b286-043f-4b76-92e4-23c74608f5ea,"2026-08-30 15:00:00"
9fa1bfe3-5d9e-4b43-ba87-3e6a64185252,1955e71a-4f9f-417a-83c8-ccabe8fdba13,56f7a69a-3b4a-4ee0-a1f5-714842ab305c,critical,invalidated,"Synthetic case for presentation: 3 events observed, severity=critical, outcome=invalidated.",56f50aa5-6d6c-4c55-b62b-147aa026b89f,"2026-08-31 15:09:00"
08fe001b-8a30-43bc-9a14-6c63f0dd287e,1955e71a-4f9f-417a-83c8-ccabe8fdba13,1b341fdd-1656-468e-aa71-810809144ddd,low,pending,"Synthetic case for presentation: 1 events observed, severity=low, outcome=pending.",,
2c6a357a-9b58-41b4-b565-880178839865,1955e71a-4f9f-417a-83c8-ccabe8fdba13,3fcbad4c-87b2-460c-9bf0-42aefbb250bb,medium,warned,"Synthetic case for presentation: 2 events observed, severity=medium, outcome=warned.",56f50aa5-6d6c-4c55-b62b-147aa026b89f,"2026-09-02 15:27:00"
478e3e0a-a845-4c77-93fa-7d7134d5c6f0,1955e71a-4f9f-417a-83c8-ccabe8fdba13,0a5092e1-7b2e-4d5c-a3cc-520f31c1bb97,high,score_penalized,"Synthetic case for presentation: 3 events observed, severity=high, outcome=score_penalized.",90b1b286-043f-4b76-92e4-23c74608f5ea,"2026-09-03 15:36:00"
ca55c8f1-029b-4b19-be9e-7cdd9a3f986f,b8e48544-7b96-4d25-a402-2375b7f2a5eb,6bb0b3e4-0716-441e-988f-52f17f63a62f,low,pending,"Synthetic case for presentation: 1 events observed, severity=low, outcome=pending.",,
6a6ce5e6-7c41-44ae-b4c8-cd40a0faa2e4,b8e48544-7b96-4d25-a402-2375b7f2a5eb,6ae49653-6a83-4f6a-9682-21bee529acf5,medium,warned,"Synthetic case for presentation: 2 events observed, severity=medium, outcome=warned.",a355670b-89cb-4338-ae84-178d49ed93d9,"2026-09-02 15:09:00"
85c8df7b-f2fa-450c-9879-39cfcffc907b,b8e48544-7b96-4d25-a402-2375b7f2a5eb,59748228-5b67-4efd-b1f3-6b586b1109bd,high,score_penalized,"Synthetic case for presentation: 3 events observed, severity=high, outcome=score_penalized.",a355670b-89cb-4338-ae84-178d49ed93d9,"2026-09-03 15:18:00"
74ea0fef-c138-4c05-b352-d9723bdfb9e1,b8e48544-7b96-4d25-a402-2375b7f2a5eb,f63d7d61-9c68-4a3b-a6e1-6187f18de1c9,low,pending,"Synthetic case for presentation: 1 events observed, severity=low, outcome=pending.",,
2d1acd46-8141-471d-bb1e-7bd89d992718,b8e48544-7b96-4d25-a402-2375b7f2a5eb,a9533159-8fb6-4f7e-a8c6-8d76850e915a,high,score_penalized,"Synthetic case for presentation: 2 events observed, severity=high, outcome=score_penalized.",90b1b286-043f-4b76-92e4-23c74608f5ea,"2026-09-05 15:36:00"
ba4f3b76-5809-42b6-9f70-cb852b22d917,d9763f36-b3b2-4511-9e08-d7cf7b52231a,9cb075b7-230a-4bd0-a408-eea8c0649a4f,high,score_penalized,"Synthetic case for presentation: 3 events observed, severity=high, outcome=score_penalized.",90b1b286-043f-4b76-92e4-23c74608f5ea,"2026-09-03 15:00:00"
ed38ebaf-dcb7-48c5-8db1-7d48ec4d6195,d9763f36-b3b2-4511-9e08-d7cf7b52231a,c4cffad4-c2e5-4b6e-8b66-4bf0544bf19a,low,pending,"Synthetic case for presentation: 1 events observed, severity=low, outcome=pending.",,
6752b3e4-cc0d-4d4d-8216-2b3fa80abf1c,d9763f36-b3b2-4511-9e08-d7cf7b52231a,fb0cfffb-e973-4e14-9036-6abae9e9fe0c,high,score_penalized,"Synthetic case for presentation: 2 events observed, severity=high, outcome=score_penalized.",c421f561-8140-40bf-8e7f-82c634cf3b28,"2026-09-05 15:18:00"
5e4d5609-e107-4575-8ceb-41444556414f,d9763f36-b3b2-4511-9e08-d7cf7b52231a,b9c90b30-0ca4-4286-ac75-47e55d88d031,high,score_penalized,"Synthetic case for presentation: 3 events observed, severity=high, outcome=score_penalized.",c421f561-8140-40bf-8e7f-82c634cf3b28,"2026-09-06 15:27:00"
a1050489-cd95-4194-bcbc-1effef7e1d6e,d9763f36-b3b2-4511-9e08-d7cf7b52231a,d6ba52dd-5f07-4542-b7e5-5dc3173795ca,low,pending,"Synthetic case for presentation: 1 events observed, severity=low, outcome=pending.",,
3cb2c370-5260-47e7-9bef-29f9cb535273,217113ce-c08a-40a0-ad66-1a3b618813b5,ddbb4b7c-05d3-4966-b9f2-a081a5262a7d,high,score_penalized,"Synthetic case for presentation: 2 events observed, severity=high, outcome=score_penalized.",90b1b286-043f-4b76-92e4-23c74608f5ea,"2026-09-05 15:00:00"
06012f2d-22ad-4aad-85b9-ab2958f3c8b9,217113ce-c08a-40a0-ad66-1a3b618813b5,963accb1-7ce4-4662-a3c3-fb27fe60b973,high,score_penalized,"Synthetic case for presentation: 3 events observed, severity=high, outcome=score_penalized.",0d2e585b-527b-4d7c-a018-3d7baf12970a,"2026-09-06 15:09:00"
3a7a07e5-7c8f-408a-8ed0-e4e3175eb02e,217113ce-c08a-40a0-ad66-1a3b618813b5,da150e66-b986-4e9a-807b-bd11c3bd486a,low,pending,"Synthetic case for presentation: 1 events observed, severity=low, outcome=pending.",,
8cd2462e-c32a-4567-bf31-ee9cdabc8b5e,217113ce-c08a-40a0-ad66-1a3b618813b5,d5b89222-2586-4006-9259-4dac3d50f943,medium,warned,"Synthetic case for presentation: 2 events observed, severity=medium, outcome=warned.",0d2e585b-527b-4d7c-a018-3d7baf12970a,"2026-09-08 15:27:00"
fcf6b145-b57a-4b2d-be50-c7099c223bf5,217113ce-c08a-40a0-ad66-1a3b618813b5,2e17491e-4dc3-4016-a982-9af0cb631e13,high,score_penalized,"Synthetic case for presentation: 3 events observed, severity=high, outcome=score_penalized.",90b1b286-043f-4b76-92e4-23c74608f5ea,"2026-09-09 15:36:00"
667513a4-3b24-40b2-b872-8299c9763c75,cbaf2270-1e16-41c2-af62-291e360a376e,1e58e370-3bf1-4b65-a501-8d2d7b5ccc89,low,pending,"Synthetic case for presentation: 1 events observed, severity=low, outcome=pending.",,
33b2aebc-cae9-4cff-803d-966a41b1584b,cbaf2270-1e16-41c2-af62-291e360a376e,d81421b6-53f1-4aa9-85c2-4ce4ac612fea,medium,warned,"Synthetic case for presentation: 2 events observed, severity=medium, outcome=warned.",a7f9f20e-4a45-48a5-9aa3-6906fbb68cb4,"2026-09-08 15:09:00"
254671ff-e3fd-4eed-b9d3-113b6d4aa2d4,cbaf2270-1e16-41c2-af62-291e360a376e,ebafeb54-9a9e-41a5-8608-a96dc4e8d279,high,score_penalized,"Synthetic case for presentation: 3 events observed, severity=high, outcome=score_penalized.",a7f9f20e-4a45-48a5-9aa3-6906fbb68cb4,"2026-09-09 15:18:00"
48135c51-7b2d-4960-948d-c070a57b15e2,cbaf2270-1e16-41c2-af62-291e360a376e,f3769f15-5244-4fb7-a284-352b79f5d787,high,score_penalized,"Synthetic case for presentation: 1 events observed, severity=high, outcome=score_penalized.",a7f9f20e-4a45-48a5-9aa3-6906fbb68cb4,"2026-09-10 15:27:00"
0fd78204-ea3c-443a-9b01-e548fcb44f96,cbaf2270-1e16-41c2-af62-291e360a376e,a64f8d83-4abb-4d4d-98fb-e604f564b0fd,medium,warned,"Synthetic case for presentation: 2 events observed, severity=medium, outcome=warned.",90b1b286-043f-4b76-92e4-23c74608f5ea,"2026-09-11 15:36:00"
7a3d00d9-e8a9-46a1-8741-1c491d2ae362,b947829b-2b7b-41f4-8b99-dc5a640e2282,922f7daf-ede8-470f-b5e1-f37ad7e55b1e,high,score_penalized,"Synthetic case for presentation: 3 events observed, severity=high, outcome=score_penalized.",90b1b286-043f-4b76-92e4-23c74608f5ea,"2026-09-09 15:00:00"
d2cb9115-c443-4a3a-9fe8-f533b7bb6caf,b947829b-2b7b-41f4-8b99-dc5a640e2282,34e53711-67f5-43fd-8ae1-81322e081a55,high,score_penalized,"Synthetic case for presentation: 1 events observed, severity=high, outcome=score_penalized.",8917ad74-0baa-43cf-b240-8e714edd9eee,"2026-09-10 15:09:00"
e75d2b13-9143-4b20-9244-b0ff28318ddf,b947829b-2b7b-41f4-8b99-dc5a640e2282,5576fc0d-c274-41de-8d0d-a8e72155bbb5,medium,warned,"Synthetic case for presentation: 2 events observed, severity=medium, outcome=warned.",8917ad74-0baa-43cf-b240-8e714edd9eee,"2026-09-11 15:18:00"
c5e5f67d-20b3-4957-b5b2-b28f1dbbfd02,b947829b-2b7b-41f4-8b99-dc5a640e2282,0b20434f-2be8-4be3-be5f-97b71dd6e652,critical,invalidated,"Synthetic case for presentation: 3 events observed, severity=critical, outcome=invalidated.",8917ad74-0baa-43cf-b240-8e714edd9eee,"2026-09-12 15:27:00"
f6b6e29e-cf23-4dc1-b4b4-4c57a9926f13,b947829b-2b7b-41f4-8b99-dc5a640e2282,02751bc9-0b39-481e-afc8-67cd0deb5103,low,pending,"Synthetic case for presentation: 1 events observed, severity=low, outcome=pending.",,
8d905cbf-1e7e-4e2c-b398-76556b81204d,d7602f82-b105-43d3-b4e2-128cb398cee0,de5f75c9-a612-47a0-96b3-180ff3e77c13,medium,warned,"Synthetic case for presentation: 2 events observed, severity=medium, outcome=warned.",90b1b286-043f-4b76-92e4-23c74608f5ea,"2026-09-11 15:00:00"
b22ac16d-35f4-472b-95e5-9b7fb15fe427,d7602f82-b105-43d3-b4e2-128cb398cee0,13c716e9-f2de-420a-a6ed-5a75d2414eaf,critical,invalidated,"Synthetic case for presentation: 3 events observed, severity=critical, outcome=invalidated.",9fb4b353-1300-4f6c-a9de-9dac96162ee7,"2026-09-12 15:09:00"
cbde47d3-9008-4444-94df-3be5163ba5d5,d7602f82-b105-43d3-b4e2-128cb398cee0,59a5b7c3-d9d3-4c6d-a57a-91ff05886103,low,pending,"Synthetic case for presentation: 1 events observed, severity=low, outcome=pending.",,
2d47ffef-f88f-4a5c-a5cb-eb0405295855,d7602f82-b105-43d3-b4e2-128cb398cee0,54014341-c349-4252-b79c-77d52535d791,medium,warned,"Synthetic case for presentation: 2 events observed, severity=medium, outcome=warned.",9fb4b353-1300-4f6c-a9de-9dac96162ee7,"2026-09-14 15:27:00"
4116086b-9ae3-439c-b24a-cbebbb3aba2f,d7602f82-b105-43d3-b4e2-128cb398cee0,3cebbf2c-afc0-4990-a6a4-9354dc8ddff3,high,score_penalized,"Synthetic case for presentation: 3 events observed, severity=high, outcome=score_penalized.",90b1b286-043f-4b76-92e4-23c74608f5ea,"2026-09-15 15:36:00"
6196f9d6-9235-46c5-b61c-38422c840e2f,3a973221-a48a-4f90-8fc3-3b98513985be,8bf4b1ce-145e-4664-8b8b-3f968b432b9d,low,pending,"Synthetic case for presentation: 1 events observed, severity=low, outcome=pending.",,
ccf9bdce-9e78-47a0-abbc-19d0cb55462c,3a973221-a48a-4f90-8fc3-3b98513985be,1796a4f2-0cca-4d19-9d3d-f26339f3054d,medium,warned,"Synthetic case for presentation: 2 events observed, severity=medium, outcome=warned.",fa48ac08-81c2-499e-a0bd-fb5df2ff5983,"2026-09-14 15:09:00"
73ac7c08-2599-49f1-9cb3-5f224ef1bf43,3a973221-a48a-4f90-8fc3-3b98513985be,1f809d6a-4da3-4aed-885a-3445e31699d5,high,score_penalized,"Synthetic case for presentation: 3 events observed, severity=high, outcome=score_penalized.",fa48ac08-81c2-499e-a0bd-fb5df2ff5983,"2026-09-15 15:18:00"
1f0df8cc-674b-446f-a5b6-814b2b4e1351,3a973221-a48a-4f90-8fc3-3b98513985be,79099d13-9ff2-4a2f-8d16-7bc1b9d1b6ca,low,pending,"Synthetic case for presentation: 1 events observed, severity=low, outcome=pending.",,
67d93c65-f74a-43f5-bb5a-a59fb4c1eae4,3a973221-a48a-4f90-8fc3-3b98513985be,ad67adeb-a756-4e7c-87d9-069e393fd89a,high,score_penalized,"Synthetic case for presentation: 2 events observed, severity=high, outcome=score_penalized.",90b1b286-043f-4b76-92e4-23c74608f5ea,"2026-09-17 15:36:00"
7381db26-2f9f-4daa-8f7c-d28bd989e916,d11b47d9-9eee-4992-bebf-a865f0890182,c1ca511f-1938-4829-a5fd-1aa277396cc4,high,score_penalized,"Synthetic case for presentation: 3 events observed, severity=high, outcome=score_penalized.",90b1b286-043f-4b76-92e4-23c74608f5ea,"2026-09-15 15:00:00"
ae5c3d0e-1f4f-4cff-940e-0b6c59102515,d11b47d9-9eee-4992-bebf-a865f0890182,2ff0abf2-d27f-4770-8445-be3594a5acb7,low,pending,"Synthetic case for presentation: 1 events observed, severity=low, outcome=pending.",,
8ab7ab04-78b6-4517-a6ea-b61271095dc0,d11b47d9-9eee-4992-bebf-a865f0890182,b63d70f6-3ecb-44a6-b1cb-5b119a54afe1,high,score_penalized,"Synthetic case for presentation: 2 events observed, severity=high, outcome=score_penalized.",e691767b-73b2-43bc-8caa-5dcbeded347f,"2026-09-17 15:18:00"
b912dd41-61f4-4bdc-8f78-e8487416ce32,d11b47d9-9eee-4992-bebf-a865f0890182,44f90537-58f9-4830-bb06-2c8d90cad123,high,score_penalized,"Synthetic case for presentation: 3 events observed, severity=high, outcome=score_penalized.",e691767b-73b2-43bc-8caa-5dcbeded347f,"2026-09-18 15:27:00"
a516bc99-299b-4e1c-b544-eb44264c61ee,d11b47d9-9eee-4992-bebf-a865f0890182,a159b58f-3a57-4660-ab83-0e92735bc031,low,pending,"Synthetic case for presentation: 1 events observed, severity=low, outcome=pending.",,
5d4ef465-fd36-4b11-bf9f-7dfe7447ba55,d23e51b3-fad2-4e59-9d75-f3f4daac8df0,09db6328-4463-4f3a-9d28-d602814769a5,high,score_penalized,"Synthetic case for presentation: 2 events observed, severity=high, outcome=score_penalized.",90b1b286-043f-4b76-92e4-23c74608f5ea,"2026-09-17 15:00:00"
2eb7cd29-c9d5-4cb4-9081-f953b0f7de44,d23e51b3-fad2-4e59-9d75-f3f4daac8df0,5fa94977-efab-4571-9711-09785e8ed4d8,high,score_penalized,"Synthetic case for presentation: 3 events observed, severity=high, outcome=score_penalized.",05c8512d-6bdf-418e-bb51-80719e880b94,"2026-09-18 15:09:00"
dc3fb52e-cdf7-45c2-879b-089a8e737d11,d23e51b3-fad2-4e59-9d75-f3f4daac8df0,48ebe9e5-f3c8-4537-82de-70a107a058a1,low,pending,"Synthetic case for presentation: 1 events observed, severity=low, outcome=pending.",,
e0daf2ab-30f6-41dc-aff6-4638d7a3b14c,d23e51b3-fad2-4e59-9d75-f3f4daac8df0,7e5e7375-b7e8-4f95-ab1e-997732fa74c1,medium,warned,"Synthetic case for presentation: 2 events observed, severity=medium, outcome=warned.",05c8512d-6bdf-418e-bb51-80719e880b94,"2026-08-26 15:27:00"
94196e9d-f07b-4039-b943-0d59fd3fd9ab,d23e51b3-fad2-4e59-9d75-f3f4daac8df0,9f6a3ae8-6769-48a8-b7b4-465c5c9dc962,high,score_penalized,"Synthetic case for presentation: 3 events observed, severity=high, outcome=score_penalized.",90b1b286-043f-4b76-92e4-23c74608f5ea,"2026-08-27 15:36:00"
6a502249-9527-4515-bd7f-4b879e63a2b0,6f3b3b22-c60c-4235-9980-2dcf2898376b,b80fa7e4-b278-4fec-b6ea-c4a5425021f0,low,pending,"Synthetic case for presentation: 1 events observed, severity=low, outcome=pending.",,
de48f3f2-5785-4409-93a7-d060ec8cf221,6f3b3b22-c60c-4235-9980-2dcf2898376b,80f04951-2917-42ef-a290-5491fc3c8d94,medium,warned,"Synthetic case for presentation: 2 events observed, severity=medium, outcome=warned.",e0ebec5b-3aa1-48dd-b6ff-78e64d97e0e5,"2026-08-26 15:09:00"
5272774d-135e-4b15-9776-ef86960b9f1c,6f3b3b22-c60c-4235-9980-2dcf2898376b,8eeff3bf-5afd-4d14-bb01-6a29a887983f,high,score_penalized,"Synthetic case for presentation: 3 events observed, severity=high, outcome=score_penalized.",e0ebec5b-3aa1-48dd-b6ff-78e64d97e0e5,"2026-08-27 15:18:00"
74f4a96c-88ec-4b7e-b05e-b940b4179dbd,6f3b3b22-c60c-4235-9980-2dcf2898376b,fe1808a0-4963-49c3-9437-5399181b0952,high,score_penalized,"Synthetic case for presentation: 1 events observed, severity=high, outcome=score_penalized.",e0ebec5b-3aa1-48dd-b6ff-78e64d97e0e5,"2026-08-28 15:27:00"
8fc08626-058f-4adc-b8db-c4147b9fd358,6f3b3b22-c60c-4235-9980-2dcf2898376b,81414539-313c-4098-b292-1d6a5f292062,medium,warned,"Synthetic case for presentation: 2 events observed, severity=medium, outcome=warned.",90b1b286-043f-4b76-92e4-23c74608f5ea,"2026-08-29 15:36:00"
209cbf7a-f43f-4b03-b42d-0eeee77ce154,1912d3bd-1d50-418d-bebd-bb59df539fd8,07e1fa10-db65-404b-9c2f-487c46b18ff7,high,score_penalized,"Synthetic case for presentation: 3 events observed, severity=high, outcome=score_penalized.",90b1b286-043f-4b76-92e4-23c74608f5ea,"2026-08-27 15:00:00"
777f6983-d1a7-424c-85e2-7f94ff7253da,1912d3bd-1d50-418d-bebd-bb59df539fd8,b9d5f45a-2f98-4d2b-8f82-82326f703907,high,score_penalized,"Synthetic case for presentation: 1 events observed, severity=high, outcome=score_penalized.",2edc2cff-473a-4de1-8d30-402fd6788156,"2026-08-28 15:09:00"
27caa5ec-fd29-442a-8e2b-6c1ab1eaba77,1912d3bd-1d50-418d-bebd-bb59df539fd8,ce500394-1f6f-46f6-a65f-d144ea6ffe0f,medium,warned,"Synthetic case for presentation: 2 events observed, severity=medium, outcome=warned.",2edc2cff-473a-4de1-8d30-402fd6788156,"2026-08-29 15:18:00"
92d084fe-5be4-4631-be46-0924625fb2fb,1912d3bd-1d50-418d-bebd-bb59df539fd8,df837319-a5de-4dcb-8c09-df5c224a42e2,critical,invalidated,"Synthetic case for presentation: 3 events observed, severity=critical, outcome=invalidated.",2edc2cff-473a-4de1-8d30-402fd6788156,"2026-08-30 15:27:00"
69e7af36-1663-41e5-8c94-51ce63c07770,1912d3bd-1d50-418d-bebd-bb59df539fd8,091bdc96-10c2-4398-8744-b0b01a9fe82b,low,pending,"Synthetic case for presentation: 1 events observed, severity=low, outcome=pending.",,
5404bfef-c5c8-4ee0-82d3-878470d57b1b,5102a4fd-5cf7-4f2d-a652-bcc0280b28db,8ca10164-480b-4e2d-9da0-ee1a7a5bccbf,medium,warned,"Synthetic case for presentation: 2 events observed, severity=medium, outcome=warned.",90b1b286-043f-4b76-92e4-23c74608f5ea,"2026-08-29 15:00:00"
6ac62132-fe3f-4f6e-9eef-9892b8e9d53b,5102a4fd-5cf7-4f2d-a652-bcc0280b28db,874ba40e-471a-4aa8-be35-ad1f2fe88b9b,critical,invalidated,"Synthetic case for presentation: 3 events observed, severity=critical, outcome=invalidated.",e11c53cc-0b81-4890-a543-fddb62e53492,"2026-08-30 15:09:00"
e2f8e224-2849-4c69-9275-13ab47be62ad,5102a4fd-5cf7-4f2d-a652-bcc0280b28db,e4803571-53df-451c-99b2-600ff262b386,low,pending,"Synthetic case for presentation: 1 events observed, severity=low, outcome=pending.",,
75e0c74f-750e-43da-925d-d26b08bb1358,5102a4fd-5cf7-4f2d-a652-bcc0280b28db,faf4618c-04c5-406d-bc0e-43310607fed3,medium,warned,"Synthetic case for presentation: 2 events observed, severity=medium, outcome=warned.",e11c53cc-0b81-4890-a543-fddb62e53492,"2026-09-01 15:27:00"
500eeddf-2138-4fbd-8f8f-bf5f20dc650e,5102a4fd-5cf7-4f2d-a652-bcc0280b28db,57729514-66ef-4fa1-83ce-5df10cd6a631,high,score_penalized,"Synthetic case for presentation: 3 events observed, severity=high, outcome=score_penalized.",90b1b286-043f-4b76-92e4-23c74608f5ea,"2026-09-02 15:36:00"
86229ba6-c451-46a0-b853-d4a8cb33d6d4,af7f4680-9cd3-461b-839d-fa60b9ae4ff1,716ac48c-b873-4169-9997-091c7fa4f50b,low,pending,"Synthetic case for presentation: 1 events observed, severity=low, outcome=pending.",,
2d0c3b26-bd9c-4682-91b4-699c7ec1a027,af7f4680-9cd3-461b-839d-fa60b9ae4ff1,c63e561e-b398-4546-9b2c-f55d26610b78,medium,warned,"Synthetic case for presentation: 2 events observed, severity=medium, outcome=warned.",2a884b97-78ac-42e0-a386-e10692bf93f2,"2026-09-01 15:09:00"
483126ad-d0fe-432b-b769-01900a7e40f2,af7f4680-9cd3-461b-839d-fa60b9ae4ff1,06f725d2-cc1a-4c20-8fbc-e6e3f5318fc7,high,score_penalized,"Synthetic case for presentation: 3 events observed, severity=high, outcome=score_penalized.",2a884b97-78ac-42e0-a386-e10692bf93f2,"2026-09-02 15:18:00"
3cc20340-36b2-4fea-9d6a-c20f71ae6518,af7f4680-9cd3-461b-839d-fa60b9ae4ff1,66ab5a35-51ff-43c2-84c3-b5f609d67fc3,low,pending,"Synthetic case for presentation: 1 events observed, severity=low, outcome=pending.",,
e564d799-576b-4ade-888f-ae5c6de548e4,af7f4680-9cd3-461b-839d-fa60b9ae4ff1,485521f2-f408-43cb-818c-42a9ceae3877,high,score_penalized,"Synthetic case for presentation: 2 events observed, severity=high, outcome=score_penalized.",90b1b286-043f-4b76-92e4-23c74608f5ea,"2026-09-04 15:36:00"
0ac22f36-c769-41d0-ab4e-095a3436ba5c,4d79312c-3aa1-4e32-bf6e-3cfdf6a654f0,c4572ce9-0998-4226-b3c1-31511aa6209b,high,score_penalized,"Synthetic case for presentation: 3 events observed, severity=high, outcome=score_penalized.",90b1b286-043f-4b76-92e4-23c74608f5ea,"2026-09-02 15:00:00"
98495fc2-ca77-4143-b7f5-5212290ea68f,4d79312c-3aa1-4e32-bf6e-3cfdf6a654f0,185b0e4d-50a1-4376-9341-6c1ca6922a71,low,pending,"Synthetic case for presentation: 1 events observed, severity=low, outcome=pending.",,
bd39eb3f-6309-48fa-9c28-c7ff22ec1c85,4d79312c-3aa1-4e32-bf6e-3cfdf6a654f0,91e32a2b-724f-4c84-a7be-b180e9b52263,high,score_penalized,"Synthetic case for presentation: 2 events observed, severity=high, outcome=score_penalized.",58138e7c-279b-4d97-8f96-dd4a05275d65,"2026-09-04 15:18:00"
c80ccc69-f87c-411d-9ccc-5cecac9e27b0,4d79312c-3aa1-4e32-bf6e-3cfdf6a654f0,e7af76ff-60d1-40ac-a6bc-8eac587eefeb,high,score_penalized,"Synthetic case for presentation: 3 events observed, severity=high, outcome=score_penalized.",58138e7c-279b-4d97-8f96-dd4a05275d65,"2026-09-05 15:27:00"
05b55a88-5f31-4f37-91a4-829d960c5b5d,4d79312c-3aa1-4e32-bf6e-3cfdf6a654f0,5f3e9d9b-1202-4125-ae0e-0a4b2ee92271,low,pending,"Synthetic case for presentation: 1 events observed, severity=low, outcome=pending.",,
05f0d108-7f56-4bd0-b77e-3840c41ec671,da44420c-7b3d-4b57-9767-ec994323b603,a69ae476-a151-4449-8eea-c8674e71ee52,high,score_penalized,"Synthetic case for presentation: 2 events observed, severity=high, outcome=score_penalized.",90b1b286-043f-4b76-92e4-23c74608f5ea,"2026-09-04 15:00:00"
7c6b8a98-f192-4d34-92df-7a88fca961b9,da44420c-7b3d-4b57-9767-ec994323b603,a9ae9e05-9e83-406b-b60e-fcbce4912bc2,high,score_penalized,"Synthetic case for presentation: 3 events observed, severity=high, outcome=score_penalized.",2eb21222-98bd-4f79-bd79-f0ac44b646b2,"2026-09-05 15:09:00"
9c5b2d26-706f-4060-9667-f0ce3a903255,da44420c-7b3d-4b57-9767-ec994323b603,06d9dc21-f843-4b9c-83e3-cccfdd6d7021,low,pending,"Synthetic case for presentation: 1 events observed, severity=low, outcome=pending.",,
d692891c-8658-4915-b584-cd92245c5812,da44420c-7b3d-4b57-9767-ec994323b603,69e1e83b-f01e-493c-bcef-bb50d711852f,medium,warned,"Synthetic case for presentation: 2 events observed, severity=medium, outcome=warned.",2eb21222-98bd-4f79-bd79-f0ac44b646b2,"2026-09-07 15:27:00"
b1ac6a0e-e866-43ce-b96f-80b822f5bb36,da44420c-7b3d-4b57-9767-ec994323b603,253d53dd-fa95-4971-9614-deedd5d73581,high,score_penalized,"Synthetic case for presentation: 3 events observed, severity=high, outcome=score_penalized.",90b1b286-043f-4b76-92e4-23c74608f5ea,"2026-09-08 15:36:00"
24f7d83c-0272-4225-987f-4772d1006940,6ee6dd3c-06a0-43e3-ad90-affdcfeabd4b,6656fcab-4927-4391-b7ec-0e48014ccf5b,low,pending,"Synthetic case for presentation: 1 events observed, severity=low, outcome=pending.",,
f8408062-4960-4e1a-bc03-f53bff6d153c,6ee6dd3c-06a0-43e3-ad90-affdcfeabd4b,11951a4f-63ad-46a5-9db0-a42a8c5cb636,medium,warned,"Synthetic case for presentation: 2 events observed, severity=medium, outcome=warned.",b7618f78-9a96-4677-a628-c81be5ad485b,"2026-09-07 15:09:00"
09aeec61-b66e-4f66-9478-1c9430c296a1,6ee6dd3c-06a0-43e3-ad90-affdcfeabd4b,089804c6-19c7-4b2b-afe3-03c08409d0f6,high,score_penalized,"Synthetic case for presentation: 3 events observed, severity=high, outcome=score_penalized.",b7618f78-9a96-4677-a628-c81be5ad485b,"2026-09-08 15:18:00"
df7d77cb-717b-45ff-ac53-5d5d6a5ba3a1,6ee6dd3c-06a0-43e3-ad90-affdcfeabd4b,ba39ccd9-382f-432a-8a3a-ecf26b6441cb,high,score_penalized,"Synthetic case for presentation: 1 events observed, severity=high, outcome=score_penalized.",b7618f78-9a96-4677-a628-c81be5ad485b,"2026-09-09 15:27:00"
6d7f7d3d-b37e-46c5-8d4a-871432fc9e36,6ee6dd3c-06a0-43e3-ad90-affdcfeabd4b,f66a8c34-10ce-4bb7-bfeb-23dac42afe3e,medium,warned,"Synthetic case for presentation: 2 events observed, severity=medium, outcome=warned.",90b1b286-043f-4b76-92e4-23c74608f5ea,"2026-09-10 15:36:00"
e80a17db-8f29-4928-8a80-8aac76fce9fb,4b049fff-dd16-42e2-b2fb-59342dbb6063,9c3aeca0-4f04-41d4-baee-5613a69175e0,high,score_penalized,"Synthetic case for presentation: 3 events observed, severity=high, outcome=score_penalized.",90b1b286-043f-4b76-92e4-23c74608f5ea,"2026-09-08 15:00:00"
63113b4d-06ee-4d7a-b04a-39a641665cf6,4b049fff-dd16-42e2-b2fb-59342dbb6063,12f158d2-e3b9-490f-a6ef-4e56400e3505,high,score_penalized,"Synthetic case for presentation: 1 events observed, severity=high, outcome=score_penalized.",d899bf6e-5e7c-47f6-b3a0-38b3ed0c8dce,"2026-09-09 15:09:00"
1f06cedd-c813-4ee2-9d06-8729ff591348,4b049fff-dd16-42e2-b2fb-59342dbb6063,1ac41d90-c61a-47f5-a16d-32565200fdae,medium,warned,"Synthetic case for presentation: 2 events observed, severity=medium, outcome=warned.",d899bf6e-5e7c-47f6-b3a0-38b3ed0c8dce,"2026-09-10 15:18:00"
df80bb7d-b02c-4cbd-b1dc-a51770a0189f,4b049fff-dd16-42e2-b2fb-59342dbb6063,8adbfc42-3a4a-499b-a26b-1adaf1b66226,critical,invalidated,"Synthetic case for presentation: 3 events observed, severity=critical, outcome=invalidated.",d899bf6e-5e7c-47f6-b3a0-38b3ed0c8dce,"2026-09-11 15:27:00"
c465bd11-1671-4a20-b24a-ad2ab9aabffa,4b049fff-dd16-42e2-b2fb-59342dbb6063,96eb617b-a4cb-456d-9ed3-a25200880e11,low,pending,"Synthetic case for presentation: 1 events observed, severity=low, outcome=pending.",,
b8ee421f-ff53-4668-8a2c-03000e0cca28,b01e08f2-b8e8-4ec9-a356-7422b4d5978c,2934e836-21f9-48c3-bf08-3f4bbea139d7,medium,warned,"Synthetic case for presentation: 2 events observed, severity=medium, outcome=warned.",90b1b286-043f-4b76-92e4-23c74608f5ea,"2026-09-10 15:00:00"
e1e3052b-6a51-4e7d-8468-44900dba4c84,b01e08f2-b8e8-4ec9-a356-7422b4d5978c,faf84e3d-51a0-439c-871c-686492950d0a,critical,invalidated,"Synthetic case for presentation: 3 events observed, severity=critical, outcome=invalidated.",3b5d2e12-d586-4bf8-b807-57229960c702,"2026-09-11 15:09:00"
20a94117-6a15-4177-8dc1-b26f67cbdb9a,b01e08f2-b8e8-4ec9-a356-7422b4d5978c,cd2def61-f829-4dd5-ada2-4d3b396e336a,low,pending,"Synthetic case for presentation: 1 events observed, severity=low, outcome=pending.",,
21cbda69-e26f-497f-af92-2fadc6bf4b9c,b01e08f2-b8e8-4ec9-a356-7422b4d5978c,0597b627-33d6-4078-96f6-15319c9f5fdd,medium,warned,"Synthetic case for presentation: 2 events observed, severity=medium, outcome=warned.",3b5d2e12-d586-4bf8-b807-57229960c702,"2026-09-13 15:27:00"
675434c6-3b18-41a1-bae5-3f5801008005,b01e08f2-b8e8-4ec9-a356-7422b4d5978c,6c666be9-3d83-4a63-b57d-fa30453cdf7e,high,score_penalized,"Synthetic case for presentation: 3 events observed, severity=high, outcome=score_penalized.",90b1b286-043f-4b76-92e4-23c74608f5ea,"2026-09-14 15:36:00"
8c3f6ae1-1b82-4e28-bf74-4f7991cdeed6,cab6d7e7-a9d4-4b73-aade-e51db019120e,76233c66-0d4f-4d86-9a54-2a68a665f6da,low,pending,"Synthetic case for presentation: 1 events observed, severity=low, outcome=pending.",,
f48c2bf7-1d78-46c3-a7ea-0c456e01f951,cab6d7e7-a9d4-4b73-aade-e51db019120e,deccdfb0-0008-40a7-af92-a63f9b4df0d3,medium,warned,"Synthetic case for presentation: 2 events observed, severity=medium, outcome=warned.",6b101554-c3d2-470d-a860-6660fdbe98c3,"2026-09-13 15:09:00"
ce47f786-d200-4185-9ada-98394a59b3bb,cab6d7e7-a9d4-4b73-aade-e51db019120e,090c7a12-115a-4501-8a21-e8248ba3016f,high,score_penalized,"Synthetic case for presentation: 3 events observed, severity=high, outcome=score_penalized.",6b101554-c3d2-470d-a860-6660fdbe98c3,"2026-09-14 15:18:00"
532dce88-926e-4d0e-86fe-d654cc3f0e61,cab6d7e7-a9d4-4b73-aade-e51db019120e,2632df88-a89e-41c2-9a9b-b5a9225884d4,low,pending,"Synthetic case for presentation: 1 events observed, severity=low, outcome=pending.",,
08d2dccc-d483-4f63-8175-35b307cf1beb,cab6d7e7-a9d4-4b73-aade-e51db019120e,d40e038a-675b-452e-b279-4b83caf6a4e1,high,score_penalized,"Synthetic case for presentation: 2 events observed, severity=high, outcome=score_penalized.",90b1b286-043f-4b76-92e4-23c74608f5ea,"2026-09-16 15:36:00"
c3f3fbb5-c424-43ae-972c-18487642460b,34592917-7c87-4a34-80af-d36f8a33d01f,65e73ca6-fce9-41f2-a209-06046abde915,high,score_penalized,"Synthetic case for presentation: 3 events observed, severity=high, outcome=score_penalized.",90b1b286-043f-4b76-92e4-23c74608f5ea,"2026-09-14 15:00:00"
5ed4dcb7-ed80-404e-b588-93370cbe85fd,34592917-7c87-4a34-80af-d36f8a33d01f,95d44131-00fa-4429-963d-e4487538bfb3,low,pending,"Synthetic case for presentation: 1 events observed, severity=low, outcome=pending.",,
b5ac32dc-c133-42e8-8139-7224cb8f1d26,34592917-7c87-4a34-80af-d36f8a33d01f,b4705dec-31c0-4e55-a17e-ef81c2e53c2d,high,score_penalized,"Synthetic case for presentation: 2 events observed, severity=high, outcome=score_penalized.",d2c79a71-12b1-447a-a6ab-420759419642,"2026-09-16 15:18:00"
bfbaf62d-41fc-4c55-ad52-caf2b4529990,34592917-7c87-4a34-80af-d36f8a33d01f,caf329cb-0890-45f0-9d61-bebaf12f1fab,high,score_penalized,"Synthetic case for presentation: 3 events observed, severity=high, outcome=score_penalized.",d2c79a71-12b1-447a-a6ab-420759419642,"2026-09-17 15:27:00"
8faea196-fa5a-4587-9f3f-e7cd7cb94dc4,34592917-7c87-4a34-80af-d36f8a33d01f,46a9a5f7-5ceb-4e2f-9c28-77050a835a21,low,pending,"Synthetic case for presentation: 1 events observed, severity=low, outcome=pending.",,
10ea4c53-e7a9-4603-a218-ee38c821d72f,1156164f-1873-4c50-974f-c909723788a9,fd81949d-e5a1-403d-8b1e-aeaf33c41aa2,high,score_penalized,"Synthetic case for presentation: 2 events observed, severity=high, outcome=score_penalized.",90b1b286-043f-4b76-92e4-23c74608f5ea,"2026-09-16 15:00:00"
3e7735a9-1bcd-4b5a-a827-808c6f7651de,1156164f-1873-4c50-974f-c909723788a9,23506ae8-2ad9-463e-b704-fcd8f063b32e,high,score_penalized,"Synthetic case for presentation: 3 events observed, severity=high, outcome=score_penalized.",3d6bfd49-ff71-4dcd-b3d0-1d026d87a6fb,"2026-09-17 15:09:00"
4cc7d310-b139-487f-9ec0-1b824178ad0a,1156164f-1873-4c50-974f-c909723788a9,de5f7ee1-96d0-442b-8ad2-ab04433df97a,low,pending,"Synthetic case for presentation: 1 events observed, severity=low, outcome=pending.",,
27a024af-715f-4527-ae8a-d11f82d06452,1156164f-1873-4c50-974f-c909723788a9,198b82e7-8d41-498e-9586-c78f4ad8d55a,medium,warned,"Synthetic case for presentation: 2 events observed, severity=medium, outcome=warned.",3d6bfd49-ff71-4dcd-b3d0-1d026d87a6fb,"2026-09-19 15:27:00"
33ae2b8d-8f2f-4f6f-ba4d-dc9882ef65b9,1156164f-1873-4c50-974f-c909723788a9,9cb5c43f-426b-4fd3-8feb-0767f9293cb6,high,score_penalized,"Synthetic case for presentation: 3 events observed, severity=high, outcome=score_penalized.",90b1b286-043f-4b76-92e4-23c74608f5ea,"2026-08-26 15:36:00"
323b0f93-a5cc-4f97-8bc1-b03055ae4def,36d1c34f-7dfe-4764-be6f-bc75a97147eb,d7ff0716-c11b-4cef-9b7b-0456fe125b86,low,pending,"Synthetic case for presentation: 1 events observed, severity=low, outcome=pending.",,
e8e25813-1a9b-47cb-8ff2-59f817d38f5f,36d1c34f-7dfe-4764-be6f-bc75a97147eb,4d4633eb-596d-442b-af9c-63ed21438e25,medium,warned,"Synthetic case for presentation: 2 events observed, severity=medium, outcome=warned.",67366b5f-d737-4df2-849e-ae874cd0a868,"2026-09-19 15:09:00"
a23110e2-4249-4e85-a1e5-b1f7ba5a64ad,36d1c34f-7dfe-4764-be6f-bc75a97147eb,1a6b7065-1aed-4545-b20c-8811c19defb2,high,score_penalized,"Synthetic case for presentation: 3 events observed, severity=high, outcome=score_penalized.",67366b5f-d737-4df2-849e-ae874cd0a868,"2026-08-26 15:18:00"
3f485766-ae75-4e82-8b4d-4aa368298d47,36d1c34f-7dfe-4764-be6f-bc75a97147eb,44c97364-dad1-4f0f-8379-a681e36e1fad,high,score_penalized,"Synthetic case for presentation: 1 events observed, severity=high, outcome=score_penalized.",67366b5f-d737-4df2-849e-ae874cd0a868,"2026-08-27 15:27:00"
05674310-d927-4a25-ad08-f43bf5a8b751,36d1c34f-7dfe-4764-be6f-bc75a97147eb,35a41d37-fe97-4642-93f5-d3a5126948b0,medium,warned,"Synthetic case for presentation: 2 events observed, severity=medium, outcome=warned.",90b1b286-043f-4b76-92e4-23c74608f5ea,"2026-08-28 15:36:00"
35091b90-9d84-4b0f-8005-5fa4dd8c38b6,280b337c-06cf-49c1-9f6e-3467f6f08471,1a157656-96a8-44b8-891b-f2d3de5f0d1c,high,score_penalized,"Synthetic case for presentation: 3 events observed, severity=high, outcome=score_penalized.",90b1b286-043f-4b76-92e4-23c74608f5ea,"2026-08-26 15:00:00"
427a1f85-0b51-4b21-b7fd-be68ef559ef5,280b337c-06cf-49c1-9f6e-3467f6f08471,82b1173e-9a13-43a8-87ce-a568cb14e641,high,score_penalized,"Synthetic case for presentation: 1 events observed, severity=high, outcome=score_penalized.",ab903c3f-4c0f-4c0b-8921-8f6906abc2b1,"2026-08-27 15:09:00"
476c8014-2d06-449d-90bd-ad2018d52724,280b337c-06cf-49c1-9f6e-3467f6f08471,ae1bd6b5-5ea5-4d24-989e-22258d4a9e29,medium,warned,"Synthetic case for presentation: 2 events observed, severity=medium, outcome=warned.",ab903c3f-4c0f-4c0b-8921-8f6906abc2b1,"2026-08-28 15:18:00"
188c327c-85d5-4efa-8754-b54b2742e5d7,280b337c-06cf-49c1-9f6e-3467f6f08471,ecb01f10-b660-4c8b-a8d0-2286824043b4,critical,invalidated,"Synthetic case for presentation: 3 events observed, severity=critical, outcome=invalidated.",ab903c3f-4c0f-4c0b-8921-8f6906abc2b1,"2026-08-29 15:27:00"
0511df75-aa0c-42b9-87da-4996f12ed8ef,280b337c-06cf-49c1-9f6e-3467f6f08471,c35ac543-ba60-4913-9746-315cbb98bb5a,low,pending,"Synthetic case for presentation: 1 events observed, severity=low, outcome=pending.",,
2c5d6ab5-5846-4f60-a6ef-73442bdd7729,6fdffbf5-77cf-4338-a074-735196b2bef9,21de305d-f26f-41b3-ab7a-4af76a9c9b67,medium,warned,"Synthetic case for presentation: 2 events observed, severity=medium, outcome=warned.",90b1b286-043f-4b76-92e4-23c74608f5ea,"2026-08-28 15:00:00"
461d1df6-4f9f-4177-8a8c-6716e2d17a88,6fdffbf5-77cf-4338-a074-735196b2bef9,d675c052-db78-4456-b2f8-9c964ae69bb7,critical,invalidated,"Synthetic case for presentation: 3 events observed, severity=critical, outcome=invalidated.",184cc64f-51f5-491d-9cf5-5dea362afe5c,"2026-08-29 15:09:00"
237bc86c-48c7-465c-8c74-89bab530cd59,6fdffbf5-77cf-4338-a074-735196b2bef9,fb4f3335-a9af-49c5-897b-53a6bb31d9b4,low,pending,"Synthetic case for presentation: 1 events observed, severity=low, outcome=pending.",,
395217ba-beea-4002-9b8e-069c5fb04367,6fdffbf5-77cf-4338-a074-735196b2bef9,4123c74a-05b3-4e5e-85e8-5366baf1498d,medium,warned,"Synthetic case for presentation: 2 events observed, severity=medium, outcome=warned.",184cc64f-51f5-491d-9cf5-5dea362afe5c,"2026-08-31 15:27:00"
4b6a90e4-4261-4a03-9a06-4895618de941,6fdffbf5-77cf-4338-a074-735196b2bef9,39ad9fcc-4028-4bd1-9c2e-01cae57eac1f,high,score_penalized,"Synthetic case for presentation: 3 events observed, severity=high, outcome=score_penalized.",90b1b286-043f-4b76-92e4-23c74608f5ea,"2026-09-01 15:36:00"
7aa56b87-82a5-4ef6-b559-bbacf320c284,c0bb7765-a1d7-410d-9a5c-6f8983eaae14,8d4376e3-77bf-49f5-baa2-3221ea00750a,low,pending,"Synthetic case for presentation: 1 events observed, severity=low, outcome=pending.",,
f5efc324-6aea-48a6-bd6b-fbd9ee1e16aa,c0bb7765-a1d7-410d-9a5c-6f8983eaae14,698e6dfc-63f6-4566-8431-e47fb0c19dd8,medium,warned,"Synthetic case for presentation: 2 events observed, severity=medium, outcome=warned.",9c6ecf6b-c718-4d74-9216-c3defba87a9a,"2026-08-31 15:09:00"
fa031156-27c5-45fe-9189-e9873f34aa2a,c0bb7765-a1d7-410d-9a5c-6f8983eaae14,8da5f664-7bb3-45c1-94c5-f80de63ce70a,high,score_penalized,"Synthetic case for presentation: 3 events observed, severity=high, outcome=score_penalized.",9c6ecf6b-c718-4d74-9216-c3defba87a9a,"2026-09-01 15:18:00"
1c94098e-f8ba-4f88-8846-4af354224588,c0bb7765-a1d7-410d-9a5c-6f8983eaae14,7fadbf67-9125-4443-a184-93aa7c58f528,low,pending,"Synthetic case for presentation: 1 events observed, severity=low, outcome=pending.",,
0df3cd1a-3466-41f4-90ad-8143604db0f7,c0bb7765-a1d7-410d-9a5c-6f8983eaae14,97dd321c-e080-4062-9c9b-a12f42427163,high,score_penalized,"Synthetic case for presentation: 2 events observed, severity=high, outcome=score_penalized.",90b1b286-043f-4b76-92e4-23c74608f5ea,"2026-09-03 15:36:00"
0542cd21-1e26-424a-909a-c7def745ad28,7539b95b-a4c4-4549-90e8-b8e6534cb200,ee80853e-0a66-403b-853f-0ca66831b6cc,high,score_penalized,"Synthetic case for presentation: 3 events observed, severity=high, outcome=score_penalized.",90b1b286-043f-4b76-92e4-23c74608f5ea,"2026-09-01 15:00:00"
ee171b16-cd03-46e1-b7bb-3e3000dc4550,7539b95b-a4c4-4549-90e8-b8e6534cb200,b0c67604-874d-4a18-9f44-61e38142f59e,low,pending,"Synthetic case for presentation: 1 events observed, severity=low, outcome=pending.",,
03eb3747-015e-4bab-ad2d-fe111a2a8552,7539b95b-a4c4-4549-90e8-b8e6534cb200,ab2d5a4b-f92f-4303-9202-fa6ff358bcb3,high,score_penalized,"Synthetic case for presentation: 2 events observed, severity=high, outcome=score_penalized.",8db00d53-6754-4b28-97c6-e6ca8fc9b45a,"2026-09-03 15:18:00"
c0543aa0-05dc-4a9a-836b-e486bb78343a,7539b95b-a4c4-4549-90e8-b8e6534cb200,0e1d751d-3b1d-437b-b515-af3df27187d8,high,score_penalized,"Synthetic case for presentation: 3 events observed, severity=high, outcome=score_penalized.",8db00d53-6754-4b28-97c6-e6ca8fc9b45a,"2026-09-04 15:27:00"
700b2de4-0599-4f8e-9812-fc9273dd8d6c,7539b95b-a4c4-4549-90e8-b8e6534cb200,a504920d-d773-40a3-8551-445c9167645c,low,pending,"Synthetic case for presentation: 1 events observed, severity=low, outcome=pending.",,
224411e1-e1d7-4510-8448-a78d41ea59fc,7196b6f8-b33b-4934-8e35-59507c4d4997,4f42a83d-9633-487b-981c-1db1e1200e41,high,score_penalized,"Synthetic case for presentation: 2 events observed, severity=high, outcome=score_penalized.",90b1b286-043f-4b76-92e4-23c74608f5ea,"2026-09-03 15:00:00"
e76d5c1e-ccac-439a-a887-66d06738bd3b,7196b6f8-b33b-4934-8e35-59507c4d4997,fdcf8143-2e5c-4bba-ad3c-370a0c47a2a3,high,score_penalized,"Synthetic case for presentation: 3 events observed, severity=high, outcome=score_penalized.",712e15fe-4f51-44fd-be96-9fea6da4cfff,"2026-09-04 15:09:00"
adcec4b1-4885-4639-88d2-59ea9cb5ab45,7196b6f8-b33b-4934-8e35-59507c4d4997,02b9b15c-cea4-4c46-a862-a7f421bdabd9,low,pending,"Synthetic case for presentation: 1 events observed, severity=low, outcome=pending.",,
c20337f1-6e44-4023-b5ab-892aca2e7cbf,7196b6f8-b33b-4934-8e35-59507c4d4997,d8bd259b-1368-411a-ad2e-6efd33bc5ebb,medium,warned,"Synthetic case for presentation: 2 events observed, severity=medium, outcome=warned.",712e15fe-4f51-44fd-be96-9fea6da4cfff,"2026-09-06 15:27:00"
aa43f4e8-489a-4cfc-8695-ba97a6022b2d,7196b6f8-b33b-4934-8e35-59507c4d4997,219a889e-ac32-4b70-b57f-ecebb90bebd8,high,score_penalized,"Synthetic case for presentation: 3 events observed, severity=high, outcome=score_penalized.",90b1b286-043f-4b76-92e4-23c74608f5ea,"2026-09-07 15:36:00"
5b6f2fc9-eb6b-428a-8521-b7d10f80185b,b7944a3a-9478-4fb2-835a-381f1d927b21,ec4125f0-f72f-42f0-9071-bf0fd9bf64b2,low,pending,"Synthetic case for presentation: 1 events observed, severity=low, outcome=pending.",,
ff6b73bb-1e26-49b0-b4e8-38bc8727fd2f,b7944a3a-9478-4fb2-835a-381f1d927b21,aa5ef489-b680-4c30-9628-3c5cb0ba14d4,medium,warned,"Synthetic case for presentation: 2 events observed, severity=medium, outcome=warned.",016124eb-000c-48d6-bcb5-e9fe09efe246,"2026-09-06 15:09:00"
38e709ce-1b2e-423a-97d1-5bce442373b9,b7944a3a-9478-4fb2-835a-381f1d927b21,18910ae2-fb36-45d3-818b-e978879d303a,high,score_penalized,"Synthetic case for presentation: 3 events observed, severity=high, outcome=score_penalized.",016124eb-000c-48d6-bcb5-e9fe09efe246,"2026-09-07 15:18:00"
bb76f93a-5493-43b5-bdcd-dfa0566faa32,b7944a3a-9478-4fb2-835a-381f1d927b21,6bbce922-107c-4b0a-8d21-76dead4c7903,high,score_penalized,"Synthetic case for presentation: 1 events observed, severity=high, outcome=score_penalized.",016124eb-000c-48d6-bcb5-e9fe09efe246,"2026-09-08 15:27:00"
5b1a8e1b-31e4-4388-8e1e-0a1cf8b806ee,b7944a3a-9478-4fb2-835a-381f1d927b21,634a0433-d79b-449e-b0c1-004b6d4a53bf,medium,warned,"Synthetic case for presentation: 2 events observed, severity=medium, outcome=warned.",90b1b286-043f-4b76-92e4-23c74608f5ea,"2026-09-09 15:36:00"
42668316-b377-4277-9850-29300fa0b64c,05dcfeb7-4862-42d3-b91d-00da91b704d1,2d6590e1-0e4c-41a5-b77e-267bf62c0da1,high,score_penalized,"Synthetic case for presentation: 3 events observed, severity=high, outcome=score_penalized.",90b1b286-043f-4b76-92e4-23c74608f5ea,"2026-09-07 15:00:00"
7b90d186-7dde-415e-8f55-3f6818e76f5b,05dcfeb7-4862-42d3-b91d-00da91b704d1,e0569c84-ca01-4a80-ba31-673c7755dd47,high,score_penalized,"Synthetic case for presentation: 1 events observed, severity=high, outcome=score_penalized.",02a93bfc-53de-4cce-ad38-6dd8de8c7bee,"2026-09-08 15:09:00"
89ef6f72-d2c6-4848-8374-db96fe7a07e9,05dcfeb7-4862-42d3-b91d-00da91b704d1,63167ac6-39d5-4ee1-98c6-84486a3d1324,medium,warned,"Synthetic case for presentation: 2 events observed, severity=medium, outcome=warned.",02a93bfc-53de-4cce-ad38-6dd8de8c7bee,"2026-09-09 15:18:00"
dc6fc0c2-c136-459c-9af8-6442ae9aeeb5,05dcfeb7-4862-42d3-b91d-00da91b704d1,dc10168d-815b-47ce-bcee-59c04af02126,critical,invalidated,"Synthetic case for presentation: 3 events observed, severity=critical, outcome=invalidated.",02a93bfc-53de-4cce-ad38-6dd8de8c7bee,"2026-09-10 15:27:00"
907fa7d0-d77f-4357-b09e-a015e7d07d1a,05dcfeb7-4862-42d3-b91d-00da91b704d1,f7bb2dcc-a43e-4ec6-b089-b10bc052132d,low,pending,"Synthetic case for presentation: 1 events observed, severity=low, outcome=pending.",,
b64f14d3-829a-4034-ae6c-766180d8c407,08a36109-d60e-4a65-b0f5-fdf900503e29,dde38a31-a7e1-441b-9544-b00e13d73476,medium,warned,"Synthetic case for presentation: 2 events observed, severity=medium, outcome=warned.",90b1b286-043f-4b76-92e4-23c74608f5ea,"2026-09-09 15:00:00"
a4220bf6-f296-4072-a79b-723abb433286,08a36109-d60e-4a65-b0f5-fdf900503e29,459aac54-7588-4b35-af15-03b624ca6ebf,critical,invalidated,"Synthetic case for presentation: 3 events observed, severity=critical, outcome=invalidated.",dc7fc7e1-e785-4ac9-b055-a3185a59a49b,"2026-09-10 15:09:00"
f472b462-5102-4b91-a51e-95d65d10fd95,08a36109-d60e-4a65-b0f5-fdf900503e29,b00414eb-434d-493b-bd32-4b3b6a53b751,low,pending,"Synthetic case for presentation: 1 events observed, severity=low, outcome=pending.",,
57464ab6-aefb-4db0-bb72-884604598802,08a36109-d60e-4a65-b0f5-fdf900503e29,fce6e1da-737d-43c2-a3ae-f8879b62bb92,medium,warned,"Synthetic case for presentation: 2 events observed, severity=medium, outcome=warned.",dc7fc7e1-e785-4ac9-b055-a3185a59a49b,"2026-09-12 15:27:00"
c5378e1d-6410-4570-bbff-61c108366007,08a36109-d60e-4a65-b0f5-fdf900503e29,ef498396-2c70-4480-8bb0-9a33aac64e85,high,score_penalized,"Synthetic case for presentation: 3 events observed, severity=high, outcome=score_penalized.",90b1b286-043f-4b76-92e4-23c74608f5ea,"2026-09-13 15:36:00"
9ecfbc58-d09e-45eb-af70-164a401511ce,ef82c47a-723c-468b-ae32-60e7bd7aaf2d,97828a41-1e9b-409f-9ec8-8a69ac60384f,low,pending,"Synthetic case for presentation: 1 events observed, severity=low, outcome=pending.",,
07ca1be0-618f-47a1-a7f8-de630b0b450f,ef82c47a-723c-468b-ae32-60e7bd7aaf2d,5193b7f1-ec61-495d-87f0-c6b9ae2d0c02,medium,warned,"Synthetic case for presentation: 2 events observed, severity=medium, outcome=warned.",55bac8b8-b7ef-4c0e-a25b-6ff0250fd7a4,"2026-09-12 15:09:00"
ddb11bfd-2271-47af-8217-45bd003b4f57,ef82c47a-723c-468b-ae32-60e7bd7aaf2d,9db3a63e-9bef-427a-9f43-60636e15c01c,high,score_penalized,"Synthetic case for presentation: 3 events observed, severity=high, outcome=score_penalized.",55bac8b8-b7ef-4c0e-a25b-6ff0250fd7a4,"2026-09-13 15:18:00"
53354ee9-f025-4e5e-9433-5a5880f023c5,ef82c47a-723c-468b-ae32-60e7bd7aaf2d,297e8726-56d6-4a45-a7dd-451dac675db4,low,pending,"Synthetic case for presentation: 1 events observed, severity=low, outcome=pending.",,
c6f306aa-1f0f-45ee-bb3c-2bca10359cc6,ef82c47a-723c-468b-ae32-60e7bd7aaf2d,15aefbfc-dcaf-4652-ae4c-24dbc75660e5,high,score_penalized,"Synthetic case for presentation: 2 events observed, severity=high, outcome=score_penalized.",90b1b286-043f-4b76-92e4-23c74608f5ea,"2026-09-15 15:36:00"
c89238c9-a9b5-4c69-b47a-c23aa29c75aa,5dd149f5-836b-4f9d-bb51-41f5d5fa9ed3,3c3f38e3-3886-4c01-a30f-b4b221aa6923,high,score_penalized,"Synthetic case for presentation: 3 events observed, severity=high, outcome=score_penalized.",90b1b286-043f-4b76-92e4-23c74608f5ea,"2026-09-13 15:00:00"
c7ae296d-a989-48d9-bce1-14b021a80314,5dd149f5-836b-4f9d-bb51-41f5d5fa9ed3,4216528e-559f-4afa-a92b-1ff88e4c8e06,low,pending,"Synthetic case for presentation: 1 events observed, severity=low, outcome=pending.",,
aaaf5a76-502d-4d02-b785-0ceadc61cd14,5dd149f5-836b-4f9d-bb51-41f5d5fa9ed3,3c68e454-91df-410d-94da-c772f2feebc0,high,score_penalized,"Synthetic case for presentation: 2 events observed, severity=high, outcome=score_penalized.",04fb7ed1-f2ce-41a0-af7c-9f32d226ac87,"2026-09-15 15:18:00"
4beb4230-afce-48cc-85fa-ad0d0998d9ea,5dd149f5-836b-4f9d-bb51-41f5d5fa9ed3,8d67d4cf-09b4-497d-820a-20e9edf619f6,high,score_penalized,"Synthetic case for presentation: 3 events observed, severity=high, outcome=score_penalized.",04fb7ed1-f2ce-41a0-af7c-9f32d226ac87,"2026-09-16 15:27:00"
90511ad2-7453-4072-bd74-dddddfac9cdb,5dd149f5-836b-4f9d-bb51-41f5d5fa9ed3,1a8ea483-1721-4194-bde7-dee5368d73db,low,pending,"Synthetic case for presentation: 1 events observed, severity=low, outcome=pending.",,
d4d4d045-c57b-4fa3-a11a-6c2c80f25dff,9d581871-ffb0-4589-84db-d76fd2ce8956,f1fc743f-85ac-4533-bbe0-dcbbbf676fa8,high,score_penalized,"Synthetic case for presentation: 2 events observed, severity=high, outcome=score_penalized.",90b1b286-043f-4b76-92e4-23c74608f5ea,"2026-09-15 15:00:00"
87385c09-f50a-4405-bff1-4b980e8f48ac,9d581871-ffb0-4589-84db-d76fd2ce8956,6e10fa92-4655-4951-8cd2-11ba83e649ba,high,score_penalized,"Synthetic case for presentation: 3 events observed, severity=high, outcome=score_penalized.",539f181f-65a3-415c-9d1b-38e84ed086eb,"2026-09-16 15:09:00"
d8798922-eb51-4ba8-b267-f63d1b5b4bb7,9d581871-ffb0-4589-84db-d76fd2ce8956,c3e67d74-8688-40e4-9026-ad06e149d91a,low,pending,"Synthetic case for presentation: 1 events observed, severity=low, outcome=pending.",,
2e9670a0-31d9-4f85-ab44-190009937938,9d581871-ffb0-4589-84db-d76fd2ce8956,be675891-2215-4cf6-bdd3-6094bb966f5f,medium,warned,"Synthetic case for presentation: 2 events observed, severity=medium, outcome=warned.",539f181f-65a3-415c-9d1b-38e84ed086eb,"2026-09-18 15:27:00"
7c26c797-89b4-4348-904c-fbe5eece74a1,9d581871-ffb0-4589-84db-d76fd2ce8956,09eb6562-cbb2-4faf-becc-8bcdc2f0c863,high,score_penalized,"Synthetic case for presentation: 3 events observed, severity=high, outcome=score_penalized.",90b1b286-043f-4b76-92e4-23c74608f5ea,"2026-09-19 15:36:00"
85e705c0-33fa-42ee-b974-d310a9dd6a30,eaf0ee44-2d98-4a63-97fd-a3a7df024637,ba9df2ad-14ea-4069-bd00-02dda9c28846,low,pending,"Synthetic case for presentation: 1 events observed, severity=low, outcome=pending.",,
1c9b770c-70a6-450f-9005-986ff53ced2d,eaf0ee44-2d98-4a63-97fd-a3a7df024637,03e14429-142f-4232-9b1e-c086adb7af51,medium,warned,"Synthetic case for presentation: 2 events observed, severity=medium, outcome=warned.",b343edf3-8075-4d89-a622-8458191e80a2,"2026-09-18 15:09:00"
479614d8-cba8-4d04-902d-8c587a68b6af,eaf0ee44-2d98-4a63-97fd-a3a7df024637,e85e14da-89cf-4684-8102-3b8da8fc8ec3,high,score_penalized,"Synthetic case for presentation: 3 events observed, severity=high, outcome=score_penalized.",b343edf3-8075-4d89-a622-8458191e80a2,"2026-09-19 15:18:00"
102131ac-2d38-4917-bbb6-b05d8962e383,eaf0ee44-2d98-4a63-97fd-a3a7df024637,dd08825a-b9c1-4d8e-aea1-146ed3570416,high,score_penalized,"Synthetic case for presentation: 1 events observed, severity=high, outcome=score_penalized.",b343edf3-8075-4d89-a622-8458191e80a2,"2026-08-26 15:27:00"
279b14d9-fe1b-455c-be89-479087bfe77c,eaf0ee44-2d98-4a63-97fd-a3a7df024637,3558f3b6-c526-4a89-a583-0359072b0cbd,medium,warned,"Synthetic case for presentation: 2 events observed, severity=medium, outcome=warned.",90b1b286-043f-4b76-92e4-23c74608f5ea,"2026-08-27 15:36:00"
65014898-860e-4467-bea0-8b3962ed62db,898aaf24-d62d-4ac0-994e-4327e4f88bf1,3eacab6c-d45f-4dbf-906e-a2ab24678e21,high,score_penalized,"Synthetic case for presentation: 3 events observed, severity=high, outcome=score_penalized.",90b1b286-043f-4b76-92e4-23c74608f5ea,"2026-09-19 15:00:00"
5d0be9c5-67f1-4193-b914-aaddb4874d2d,898aaf24-d62d-4ac0-994e-4327e4f88bf1,17d10c63-6861-44d9-98e5-8f9a9bb95fbe,high,score_penalized,"Synthetic case for presentation: 1 events observed, severity=high, outcome=score_penalized.",4e89db8c-2988-4372-9e18-922801c06560,"2026-08-26 15:09:00"
f87b2a9a-156f-436a-96b6-a223332c3882,898aaf24-d62d-4ac0-994e-4327e4f88bf1,877dc7cf-e557-47a0-b13b-b68e5fee8408,medium,warned,"Synthetic case for presentation: 2 events observed, severity=medium, outcome=warned.",4e89db8c-2988-4372-9e18-922801c06560,"2026-08-27 15:18:00"
0b75f210-4149-4211-ac74-3555daeeec56,898aaf24-d62d-4ac0-994e-4327e4f88bf1,b5f1a7e3-4af0-46ac-b044-889cb4a0c9a9,critical,invalidated,"Synthetic case for presentation: 3 events observed, severity=critical, outcome=invalidated.",4e89db8c-2988-4372-9e18-922801c06560,"2026-08-28 15:27:00"
4b64a55e-ba61-42a0-9d0b-ebfbba9e536a,898aaf24-d62d-4ac0-994e-4327e4f88bf1,b0aef00f-a9c1-4aaf-824a-50955de78622,low,pending,"Synthetic case for presentation: 1 events observed, severity=low, outcome=pending.",,
9de252a8-0755-4033-863f-aa750d4df5d3,5c8bb3dd-ccfa-446e-8418-18aa4bff8d84,8310cec7-9f96-45a6-bd1a-9e09af34fe0e,medium,warned,"Synthetic case for presentation: 2 events observed, severity=medium, outcome=warned.",90b1b286-043f-4b76-92e4-23c74608f5ea,"2026-08-27 15:00:00"
9482a0fd-3c19-4093-bb1f-9d2acdfb88f9,5c8bb3dd-ccfa-446e-8418-18aa4bff8d84,92fbf5d2-92e6-428f-8b6b-f08bdec0abcd,critical,invalidated,"Synthetic case for presentation: 3 events observed, severity=critical, outcome=invalidated.",08efa16f-ba9a-4424-b812-e896f7b90401,"2026-08-28 15:09:00"
613ad197-8176-4293-bafe-6eec0414db5b,5c8bb3dd-ccfa-446e-8418-18aa4bff8d84,19cb4a9e-b5ca-4d9a-8d58-30f497a06531,low,pending,"Synthetic case for presentation: 1 events observed, severity=low, outcome=pending.",,
8c5b6282-f46a-48e0-bd33-0938b9fa9494,5c8bb3dd-ccfa-446e-8418-18aa4bff8d84,47037ce1-c301-4ae3-84dd-ee31326f824d,medium,warned,"Synthetic case for presentation: 2 events observed, severity=medium, outcome=warned.",08efa16f-ba9a-4424-b812-e896f7b90401,"2026-08-30 15:27:00"
976dc587-4de7-462f-ab57-db161a9f8f98,5c8bb3dd-ccfa-446e-8418-18aa4bff8d84,5dbd2f54-af09-4fd2-8308-7304019ef786,high,score_penalized,"Synthetic case for presentation: 3 events observed, severity=high, outcome=score_penalized.",90b1b286-043f-4b76-92e4-23c74608f5ea,"2026-08-31 15:36:00"
0aeaf59d-8706-41d2-b7cd-c9dc3a8fea9b,d6e5dee8-bae2-4d19-9cc7-7a2299dd042a,f6632347-d38e-4f82-9293-f2a758d5e625,low,pending,"Synthetic case for presentation: 1 events observed, severity=low, outcome=pending.",,
5562375b-9a33-47a7-a5f8-b9bd62c2eb09,d6e5dee8-bae2-4d19-9cc7-7a2299dd042a,549a8239-b420-4d4f-b2e9-adbf87763cf8,medium,warned,"Synthetic case for presentation: 2 events observed, severity=medium, outcome=warned.",e273ce94-ab3a-4a31-aa3a-db81cbaac4cc,"2026-08-30 15:09:00"
085cddcd-86ce-44a2-96e0-ea7a6d939fa4,d6e5dee8-bae2-4d19-9cc7-7a2299dd042a,e7c7c339-183e-42b9-a506-7e669ca1bdac,high,score_penalized,"Synthetic case for presentation: 3 events observed, severity=high, outcome=score_penalized.",e273ce94-ab3a-4a31-aa3a-db81cbaac4cc,"2026-08-31 15:18:00"
87f79bdc-cdbb-469d-867f-3e47bb64484a,d6e5dee8-bae2-4d19-9cc7-7a2299dd042a,090a9172-b331-41c1-8a6f-b86dbddf72c4,low,pending,"Synthetic case for presentation: 1 events observed, severity=low, outcome=pending.",,
064e70ff-d377-474a-b9ea-de41ae2119df,d6e5dee8-bae2-4d19-9cc7-7a2299dd042a,97e928c9-08dd-4004-90e5-16cd4d4913cc,high,score_penalized,"Synthetic case for presentation: 2 events observed, severity=high, outcome=score_penalized.",90b1b286-043f-4b76-92e4-23c74608f5ea,"2026-09-02 15:36:00"
06ab3d6d-6949-4550-a615-c978713ceef4,4758014f-646e-4ca9-b660-5ee5b0967ff1,07cbeb69-9514-4ea7-af87-8f017bc5cc9e,high,score_penalized,"Synthetic case for presentation: 3 events observed, severity=high, outcome=score_penalized.",90b1b286-043f-4b76-92e4-23c74608f5ea,"2026-08-31 15:00:00"
80cb9b81-2cba-4895-8bd2-ea2e6f557440,4758014f-646e-4ca9-b660-5ee5b0967ff1,b2b4d66c-1e2b-4d23-ae7f-bf0388337940,low,pending,"Synthetic case for presentation: 1 events observed, severity=low, outcome=pending.",,
2b0d1501-42b4-45a4-9f56-2cb6d1eba8eb,4758014f-646e-4ca9-b660-5ee5b0967ff1,8350aa8c-6e71-4016-99fa-4448fd5b3834,high,score_penalized,"Synthetic case for presentation: 2 events observed, severity=high, outcome=score_penalized.",d887c3df-1a31-4bb6-80e3-c36d64b5b684,"2026-09-02 15:18:00"
e25ecc48-c83c-4622-997f-9d01e5204470,4758014f-646e-4ca9-b660-5ee5b0967ff1,b52e9922-7c7a-4a61-b081-7240e5593df9,high,score_penalized,"Synthetic case for presentation: 3 events observed, severity=high, outcome=score_penalized.",d887c3df-1a31-4bb6-80e3-c36d64b5b684,"2026-09-03 15:27:00"
2c01bcd2-de34-4f33-a33d-b0ca3dc9f745,4758014f-646e-4ca9-b660-5ee5b0967ff1,0b112d98-9a07-4c38-8ce2-9dfb1f61e0b5,low,pending,"Synthetic case for presentation: 1 events observed, severity=low, outcome=pending.",,
7dd4f4fc-bbe7-4731-bf56-8554d22be7e4,7e632508-5cd8-41ea-acfa-afbecb3687aa,2168be45-1dbf-4df5-9001-9864d98c9fc5,high,score_penalized,"Synthetic case for presentation: 2 events observed, severity=high, outcome=score_penalized.",90b1b286-043f-4b76-92e4-23c74608f5ea,"2026-09-02 15:00:00"
b5d0bd2a-751c-4dbe-84c0-bdff886f5bcd,7e632508-5cd8-41ea-acfa-afbecb3687aa,06b15db8-12e4-4410-99ba-d6df7f0c1d9d,high,score_penalized,"Synthetic case for presentation: 3 events observed, severity=high, outcome=score_penalized.",39f8dfda-98ee-40c9-9331-37557c3c6dc1,"2026-09-03 15:09:00"
f245354d-f5b0-47f0-94b6-e548b676fd62,7e632508-5cd8-41ea-acfa-afbecb3687aa,63f35f9c-fe94-47f5-99e2-2c04482c50d9,low,pending,"Synthetic case for presentation: 1 events observed, severity=low, outcome=pending.",,
acadbbf1-8383-4238-844d-36679318d182,7e632508-5cd8-41ea-acfa-afbecb3687aa,8b98a623-d825-4506-87e8-0f363c69e5a0,medium,warned,"Synthetic case for presentation: 2 events observed, severity=medium, outcome=warned.",39f8dfda-98ee-40c9-9331-37557c3c6dc1,"2026-09-05 15:27:00"
15423e35-bbe7-4375-bc35-a14b04d1aa5a,7e632508-5cd8-41ea-acfa-afbecb3687aa,93543a86-924c-4e33-830f-5b1a14d0f776,high,score_penalized,"Synthetic case for presentation: 3 events observed, severity=high, outcome=score_penalized.",90b1b286-043f-4b76-92e4-23c74608f5ea,"2026-09-06 15:36:00"
145efb67-2023-42b7-b8b3-3fe988a8c26b,cde859a4-cf60-4bc9-b4cb-10ed1216267e,e7a98deb-f17f-4cad-ab90-4ff2542ed4a1,low,pending,"Synthetic case for presentation: 1 events observed, severity=low, outcome=pending.",,
699974da-0f3e-41d0-a92a-0dae64a17ebc,cde859a4-cf60-4bc9-b4cb-10ed1216267e,3f01a68f-4350-4373-a3a9-f2164513dbd5,medium,warned,"Synthetic case for presentation: 2 events observed, severity=medium, outcome=warned.",7653f27f-d10e-4cd4-aaab-bef12f65fdaf,"2026-09-05 15:09:00"
5cebabdc-55d1-4e07-8a3e-9e20846f2260,cde859a4-cf60-4bc9-b4cb-10ed1216267e,55ee2ab4-7845-42da-8dc4-2792f5c717c2,high,score_penalized,"Synthetic case for presentation: 3 events observed, severity=high, outcome=score_penalized.",7653f27f-d10e-4cd4-aaab-bef12f65fdaf,"2026-09-06 15:18:00"
f6f6c440-cab6-43f5-8c9e-cd4d26930881,cde859a4-cf60-4bc9-b4cb-10ed1216267e,4b0ec22f-5e7c-45c5-b320-7e68dc6e6579,high,score_penalized,"Synthetic case for presentation: 1 events observed, severity=high, outcome=score_penalized.",7653f27f-d10e-4cd4-aaab-bef12f65fdaf,"2026-09-07 15:27:00"
fc824f2c-7215-40aa-b208-202ec1f1a486,cde859a4-cf60-4bc9-b4cb-10ed1216267e,4509bc05-0449-4a7e-8b8f-36d50038fd21,medium,warned,"Synthetic case for presentation: 2 events observed, severity=medium, outcome=warned.",90b1b286-043f-4b76-92e4-23c74608f5ea,"2026-09-08 15:36:00"
a5d6cc9f-5ce4-43e6-b6c3-b9f922577bb7,fa570106-cf2b-43f2-900b-e89f918e7df1,6b031a8b-2a89-40d8-a058-584fb3a3648f,high,score_penalized,"Synthetic case for presentation: 3 events observed, severity=high, outcome=score_penalized.",90b1b286-043f-4b76-92e4-23c74608f5ea,"2026-09-06 15:00:00"
8b4c0227-f142-4d1e-913f-8e6b79683467,fa570106-cf2b-43f2-900b-e89f918e7df1,dfed6f89-a40d-4376-9cb9-528836fc327b,high,score_penalized,"Synthetic case for presentation: 1 events observed, severity=high, outcome=score_penalized.",b9f6bb55-9d61-4f51-9bc3-0be891901933,"2026-09-07 15:09:00"
f5335b35-6434-4182-8512-10bb9ade7f30,fa570106-cf2b-43f2-900b-e89f918e7df1,21020a73-cb3a-4f3a-ac33-0d559e432fe5,medium,warned,"Synthetic case for presentation: 2 events observed, severity=medium, outcome=warned.",b9f6bb55-9d61-4f51-9bc3-0be891901933,"2026-09-08 15:18:00"
3c3e26a7-d14e-49f8-914a-03bfb7fd6b5e,fa570106-cf2b-43f2-900b-e89f918e7df1,69c5539d-e7a8-415c-be46-899a91b605e1,critical,invalidated,"Synthetic case for presentation: 3 events observed, severity=critical, outcome=invalidated.",b9f6bb55-9d61-4f51-9bc3-0be891901933,"2026-09-09 15:27:00"
921bf7f1-50ee-4da1-b390-72013b99ba19,fa570106-cf2b-43f2-900b-e89f918e7df1,c3fc332c-8fdb-4634-8c99-9d571e81d0bd,low,pending,"Synthetic case for presentation: 1 events observed, severity=low, outcome=pending.",,
5742b578-3e16-4473-b59f-3327816f7ff6,80a8c081-d0fa-45ad-bbb0-3ac97f9df626,0ca6e245-201a-4fc4-85b8-7e51f2cf8a60,medium,warned,"Synthetic case for presentation: 2 events observed, severity=medium, outcome=warned.",90b1b286-043f-4b76-92e4-23c74608f5ea,"2026-09-08 15:00:00"
49304755-3264-4425-8956-fd17627adc96,80a8c081-d0fa-45ad-bbb0-3ac97f9df626,312c75d2-30f8-4ea8-89a8-5305716b36d9,critical,invalidated,"Synthetic case for presentation: 3 events observed, severity=critical, outcome=invalidated.",3abd2c48-c877-4ab6-9ae2-fa1ef0aa68ba,"2026-09-09 15:09:00"
580c6447-dcaf-45a6-a0da-a63a790dd6b2,80a8c081-d0fa-45ad-bbb0-3ac97f9df626,e1bc4eba-c818-4ccd-be86-0efe334c3e3d,low,pending,"Synthetic case for presentation: 1 events observed, severity=low, outcome=pending.",,
44132e92-bb7b-48aa-b3a6-7f783e8b58cf,80a8c081-d0fa-45ad-bbb0-3ac97f9df626,48e7acfc-92db-434f-bd44-b16979e031ed,medium,warned,"Synthetic case for presentation: 2 events observed, severity=medium, outcome=warned.",3abd2c48-c877-4ab6-9ae2-fa1ef0aa68ba,"2026-09-11 15:27:00"
160a6fac-638f-472b-bf5a-d9e0c14b44ce,80a8c081-d0fa-45ad-bbb0-3ac97f9df626,baabbc26-6c75-4106-a16a-ebbda5baac00,high,score_penalized,"Synthetic case for presentation: 3 events observed, severity=high, outcome=score_penalized.",90b1b286-043f-4b76-92e4-23c74608f5ea,"2026-09-12 15:36:00"
49d9822b-6e04-47f1-9dc8-c7d08711f038,21af1525-ce77-4e2e-a1e1-37363ee4eab4,ea394e24-e712-42f0-81d5-15b11833db9b,low,pending,"Synthetic case for presentation: 1 events observed, severity=low, outcome=pending.",,
d5df1293-fae5-487e-b73d-046749789b05,21af1525-ce77-4e2e-a1e1-37363ee4eab4,a8045447-5598-419b-87b5-ebbf13e1e1e1,medium,warned,"Synthetic case for presentation: 2 events observed, severity=medium, outcome=warned.",22fc3f4e-02e3-4dde-8b7f-8a188d3b0e52,"2026-09-11 15:09:00"
e84ef2e9-87eb-4e84-9aa2-a1af15385334,21af1525-ce77-4e2e-a1e1-37363ee4eab4,d0896b17-1ae3-49f7-bf4e-07d35c30df47,high,score_penalized,"Synthetic case for presentation: 3 events observed, severity=high, outcome=score_penalized.",22fc3f4e-02e3-4dde-8b7f-8a188d3b0e52,"2026-09-12 15:18:00"
2877367f-5d1c-43c9-9588-c05de5442f0a,21af1525-ce77-4e2e-a1e1-37363ee4eab4,54606c7b-564d-4f40-b761-c04d889d7942,low,pending,"Synthetic case for presentation: 1 events observed, severity=low, outcome=pending.",,
14180653-a4a8-4402-91f8-60ef26ceb8fc,21af1525-ce77-4e2e-a1e1-37363ee4eab4,12d79397-486c-4f91-b241-2531b6dd8fd3,high,score_penalized,"Synthetic case for presentation: 2 events observed, severity=high, outcome=score_penalized.",90b1b286-043f-4b76-92e4-23c74608f5ea,"2026-09-14 15:36:00"
76d4dc29-96c3-4433-b1ac-672d1fe9ea41,947e413c-6fd0-4d58-a0b0-405674142f03,432ab93b-26b3-4fc1-884c-e9c10ee9ddc0,high,score_penalized,"Synthetic case for presentation: 3 events observed, severity=high, outcome=score_penalized.",90b1b286-043f-4b76-92e4-23c74608f5ea,"2026-09-12 15:00:00"
7e712c02-69bf-4d04-8dcb-1a1ef32b1518,947e413c-6fd0-4d58-a0b0-405674142f03,1a3b4b15-1759-4e48-a91f-fd860db0489e,low,pending,"Synthetic case for presentation: 1 events observed, severity=low, outcome=pending.",,
b204b886-779d-4534-9152-04dc052a78ee,947e413c-6fd0-4d58-a0b0-405674142f03,8bb76231-0bd1-4d5d-8536-b53e28187098,high,score_penalized,"Synthetic case for presentation: 2 events observed, severity=high, outcome=score_penalized.",7b9d88d2-e672-47a0-9500-88cee25125f4,"2026-09-14 15:18:00"
4d82075b-a6e9-48b6-87cb-188921d9f81a,947e413c-6fd0-4d58-a0b0-405674142f03,bb71597f-d78e-41f5-9962-a4b0e8ed7da8,high,score_penalized,"Synthetic case for presentation: 3 events observed, severity=high, outcome=score_penalized.",7b9d88d2-e672-47a0-9500-88cee25125f4,"2026-09-15 15:27:00"
96a88aec-6450-4d59-909b-1e51044585be,947e413c-6fd0-4d58-a0b0-405674142f03,9e5d2e20-8c85-48ba-9169-cd23f28d3f4f,low,pending,"Synthetic case for presentation: 1 events observed, severity=low, outcome=pending.",,
2a4a61df-cbe8-446e-b1f4-4a035245ad05,de4c6641-6723-4e68-b4f5-a979ca68b64b,41ca44f4-e802-48ed-85bf-7fa55783afa4,high,score_penalized,"Synthetic case for presentation: 2 events observed, severity=high, outcome=score_penalized.",90b1b286-043f-4b76-92e4-23c74608f5ea,"2026-09-14 15:00:00"
76df8431-12b6-4c4f-87c7-f401829f21e9,de4c6641-6723-4e68-b4f5-a979ca68b64b,8e27c364-0f2d-4ab8-a608-04e030f73d45,high,score_penalized,"Synthetic case for presentation: 3 events observed, severity=high, outcome=score_penalized.",5d2cdd26-4547-415b-85dc-29b42d576507,"2026-09-15 15:09:00"
9ad5485c-9085-4887-918a-c3026bcf393a,de4c6641-6723-4e68-b4f5-a979ca68b64b,b3b89e27-df52-484b-bf9d-c5a331b90d96,low,pending,"Synthetic case for presentation: 1 events observed, severity=low, outcome=pending.",,
2298f6eb-a66c-48b1-8216-d4de45d75583,de4c6641-6723-4e68-b4f5-a979ca68b64b,796087af-b3e6-48f1-b916-b0fde9d3bb60,medium,warned,"Synthetic case for presentation: 2 events observed, severity=medium, outcome=warned.",5d2cdd26-4547-415b-85dc-29b42d576507,"2026-09-17 15:27:00"
4a7b8f0d-00e9-48b1-841a-021e1d512c3a,de4c6641-6723-4e68-b4f5-a979ca68b64b,8f729b27-88f7-4777-b3b3-f01abb0e4daa,high,score_penalized,"Synthetic case for presentation: 3 events observed, severity=high, outcome=score_penalized.",90b1b286-043f-4b76-92e4-23c74608f5ea,"2026-09-18 15:36:00"
ec6cfa76-f9ad-4e1b-a2f2-d7e8b114492f,3657cdce-7b0a-491b-a724-452703d73454,b42a5e90-cdd6-48eb-bd5d-986947edf324,low,pending,"Synthetic case for presentation: 1 events observed, severity=low, outcome=pending.",,
6140880b-0759-4239-a9f3-bffdc1fab089,3657cdce-7b0a-491b-a724-452703d73454,48c7ccca-3fe9-437c-8643-b67dcb449ca6,medium,warned,"Synthetic case for presentation: 2 events observed, severity=medium, outcome=warned.",569101b3-9551-48a3-a033-eee2e6a4b910,"2026-09-17 15:09:00"
d02549d2-6326-447a-bc85-750a02e1ca5f,3657cdce-7b0a-491b-a724-452703d73454,7cd21221-84b3-4d9c-bed3-c51324bbc7e2,high,score_penalized,"Synthetic case for presentation: 3 events observed, severity=high, outcome=score_penalized.",569101b3-9551-48a3-a033-eee2e6a4b910,"2026-09-18 15:18:00"
b9931e4b-6c52-4d2c-b122-e12675d6db63,3657cdce-7b0a-491b-a724-452703d73454,2b52dd7c-2559-4e69-978c-e828325a3039,high,score_penalized,"Synthetic case for presentation: 1 events observed, severity=high, outcome=score_penalized.",569101b3-9551-48a3-a033-eee2e6a4b910,"2026-09-19 15:27:00"
fc370361-301f-489e-adc2-3dfc1af0d24a,3657cdce-7b0a-491b-a724-452703d73454,238ccacb-e7db-4207-9bb7-b2b986edee5a,medium,warned,"Synthetic case for presentation: 2 events observed, severity=medium, outcome=warned.",90b1b286-043f-4b76-92e4-23c74608f5ea,"2026-08-26 15:36:00"
86d0691e-d393-4c26-b45a-313eca42269a,f8c53574-9f6e-49a1-adc7-58ffac0b324e,5df46231-6e0f-410a-b47a-7e2e516a0621,high,score_penalized,"Synthetic case for presentation: 3 events observed, severity=high, outcome=score_penalized.",90b1b286-043f-4b76-92e4-23c74608f5ea,"2026-09-18 15:00:00"
82723aec-3f9f-4c3e-add5-a2f08278b546,f8c53574-9f6e-49a1-adc7-58ffac0b324e,d6415f6f-1ed0-47fe-9c03-a6880d4934af,high,score_penalized,"Synthetic case for presentation: 1 events observed, severity=high, outcome=score_penalized.",c95d0988-b545-4fed-bd6b-7bdee448a47b,"2026-09-19 15:09:00"
dc9ba60b-274e-4e4c-a9d3-14ca1a817542,f8c53574-9f6e-49a1-adc7-58ffac0b324e,a51cf7b3-d74c-4cae-8348-b620fc39e96f,medium,warned,"Synthetic case for presentation: 2 events observed, severity=medium, outcome=warned.",c95d0988-b545-4fed-bd6b-7bdee448a47b,"2026-08-26 15:18:00"
62bc1838-3034-4f41-9f2e-381b44345849,f8c53574-9f6e-49a1-adc7-58ffac0b324e,68ea62a7-183f-4529-84f9-23e286d221c9,critical,invalidated,"Synthetic case for presentation: 3 events observed, severity=critical, outcome=invalidated.",c95d0988-b545-4fed-bd6b-7bdee448a47b,"2026-08-27 15:27:00"
1708a314-7cbc-47b1-8222-bbbc57e79779,f8c53574-9f6e-49a1-adc7-58ffac0b324e,e1cafff8-a8db-4f23-816f-8d3a2b5f26a7,low,pending,"Synthetic case for presentation: 1 events observed, severity=low, outcome=pending.",,
a732b9ce-f110-42e1-bbcf-28207c8fc8c9,3f4c5849-9e08-44a6-a282-4746c4c6e99b,5913428c-0267-40d4-b715-8b5e34cec2bb,medium,warned,"Synthetic case for presentation: 2 events observed, severity=medium, outcome=warned.",90b1b286-043f-4b76-92e4-23c74608f5ea,"2026-08-26 15:00:00"
d33afcc3-3f53-4783-a1f5-5c808623fd0a,3f4c5849-9e08-44a6-a282-4746c4c6e99b,bc65d06c-128b-4f06-af3d-66806a01ef5b,critical,invalidated,"Synthetic case for presentation: 3 events observed, severity=critical, outcome=invalidated.",dec8614e-5f89-4751-af57-42f9d8566518,"2026-08-27 15:09:00"
2ac6050f-c787-4498-a3d3-882950a68c97,3f4c5849-9e08-44a6-a282-4746c4c6e99b,bf5bc4f5-5f46-466b-b2e6-645d6c7e0f92,low,pending,"Synthetic case for presentation: 1 events observed, severity=low, outcome=pending.",,
8f514536-1c06-4f2d-beb8-b9194a4ab2ed,3f4c5849-9e08-44a6-a282-4746c4c6e99b,b26217ea-f067-4e00-887e-d9e6c4596d5a,medium,warned,"Synthetic case for presentation: 2 events observed, severity=medium, outcome=warned.",dec8614e-5f89-4751-af57-42f9d8566518,"2026-08-29 15:27:00"
2aa67189-de3a-4ee7-9f2e-87b3ec2fd115,3f4c5849-9e08-44a6-a282-4746c4c6e99b,e4a8e9b5-d76d-4d15-9279-268df9941b97,high,score_penalized,"Synthetic case for presentation: 3 events observed, severity=high, outcome=score_penalized.",90b1b286-043f-4b76-92e4-23c74608f5ea,"2026-08-30 15:36:00"
102147d5-0c89-4e9f-8439-92378914f91b,5231e819-8197-4635-a2d6-6b59d7cefdf9,2ab7eeb3-9ffd-4858-8c16-04860123a854,low,pending,"Synthetic case for presentation: 1 events observed, severity=low, outcome=pending.",,
d53cef2c-88f4-4f61-aaa9-6e78976f384e,5231e819-8197-4635-a2d6-6b59d7cefdf9,72d02b77-5415-4a64-89b1-e6021a78d56d,medium,warned,"Synthetic case for presentation: 2 events observed, severity=medium, outcome=warned.",1971694f-0b22-479a-8805-61eb39f96bc5,"2026-08-29 15:09:00"
e52a5b34-c2f1-4b5c-98ef-d6a5899f382c,5231e819-8197-4635-a2d6-6b59d7cefdf9,215441f5-97c7-4a51-90fc-72805cd55a90,high,score_penalized,"Synthetic case for presentation: 3 events observed, severity=high, outcome=score_penalized.",1971694f-0b22-479a-8805-61eb39f96bc5,"2026-08-30 15:18:00"
2af4a90d-8346-4cb2-af0c-a4d19a66672a,5231e819-8197-4635-a2d6-6b59d7cefdf9,0309e3c7-2fcd-43e8-9ea3-05189ae21d04,low,pending,"Synthetic case for presentation: 1 events observed, severity=low, outcome=pending.",,
68e592f9-e744-4eb2-9148-54073d2da6b0,5231e819-8197-4635-a2d6-6b59d7cefdf9,ccbc7a87-53ad-479c-aa3d-e2a67f30fa94,high,score_penalized,"Synthetic case for presentation: 2 events observed, severity=high, outcome=score_penalized.",90b1b286-043f-4b76-92e4-23c74608f5ea,"2026-09-01 15:36:00"
f5563f8e-ad86-4f50-913c-d89b30c23fbc,0273f7d3-c838-41d5-9a2d-35cb91d0472c,16d8765f-08aa-4db5-9ff9-c7b706a065b0,high,score_penalized,"Synthetic case for presentation: 3 events observed, severity=high, outcome=score_penalized.",90b1b286-043f-4b76-92e4-23c74608f5ea,"2026-08-30 15:00:00"
497f83fa-91ee-431d-8a9b-e9cc2399a7b4,0273f7d3-c838-41d5-9a2d-35cb91d0472c,49115e7e-204b-48a0-ba40-a5b8829bbee9,low,pending,"Synthetic case for presentation: 1 events observed, severity=low, outcome=pending.",,
adba02b3-8b2a-4ef3-8d0d-63d682beeba2,0273f7d3-c838-41d5-9a2d-35cb91d0472c,353ff1be-8d55-4352-a86c-25f526ef829c,high,score_penalized,"Synthetic case for presentation: 2 events observed, severity=high, outcome=score_penalized.",f3dc32d0-20cf-4770-8c48-ad66268e99f2,"2026-09-01 15:18:00"
e3d08ea4-0f64-4661-8707-d9b28a12dafb,0273f7d3-c838-41d5-9a2d-35cb91d0472c,0b4e4914-a608-401b-98b0-9a667b6936f5,high,score_penalized,"Synthetic case for presentation: 3 events observed, severity=high, outcome=score_penalized.",f3dc32d0-20cf-4770-8c48-ad66268e99f2,"2026-09-02 15:27:00"
dd3483e9-6a0e-4d24-b57a-2df637af91cf,0273f7d3-c838-41d5-9a2d-35cb91d0472c,382610c7-5830-4a8f-87bc-2f3ab6123847,low,pending,"Synthetic case for presentation: 1 events observed, severity=low, outcome=pending.",,
2bc51901-a41d-4e72-842d-f4dafe013a29,469c11a9-7e13-4a3a-9251-26d84ae8b2ec,bd4281ef-46bb-4d62-a0c4-167b1323d3ee,high,score_penalized,"Synthetic case for presentation: 2 events observed, severity=high, outcome=score_penalized.",90b1b286-043f-4b76-92e4-23c74608f5ea,"2026-09-01 15:00:00"
04e0964d-4780-4739-b43c-ce2eba34b24f,469c11a9-7e13-4a3a-9251-26d84ae8b2ec,8a99c2c5-ba0b-4f58-b88d-1505c105b8c8,high,score_penalized,"Synthetic case for presentation: 3 events observed, severity=high, outcome=score_penalized.",f7008cfa-fa78-4ce2-8733-8a96b5d1005b,"2026-09-02 15:09:00"
a388da43-3b48-4cee-8900-1c3d0c07d401,469c11a9-7e13-4a3a-9251-26d84ae8b2ec,8ea75cdf-721d-44d5-b907-f791a5f43d56,low,pending,"Synthetic case for presentation: 1 events observed, severity=low, outcome=pending.",,
076a7b94-5e9e-4fd0-98f7-13a0a3b61b1a,469c11a9-7e13-4a3a-9251-26d84ae8b2ec,c8f45e2c-7721-44b7-b421-03db41704cc9,medium,warned,"Synthetic case for presentation: 2 events observed, severity=medium, outcome=warned.",f7008cfa-fa78-4ce2-8733-8a96b5d1005b,"2026-09-04 15:27:00"
b9d556d7-6282-4cfd-b945-08b48f2634e6,469c11a9-7e13-4a3a-9251-26d84ae8b2ec,02046b7f-40d7-4693-a73d-c12976182469,high,score_penalized,"Synthetic case for presentation: 3 events observed, severity=high, outcome=score_penalized.",90b1b286-043f-4b76-92e4-23c74608f5ea,"2026-09-05 15:36:00"
ea1f4a0c-19ed-4c25-978e-926da1e9aacf,f2572a50-7582-4fc2-b451-0b61f45959b6,49555493-86e9-4a8e-accb-ed90e4e60e81,low,pending,"Synthetic case for presentation: 1 events observed, severity=low, outcome=pending.",,
b9ad7ead-2d11-47b7-8d82-8b8e12b4ec7a,f2572a50-7582-4fc2-b451-0b61f45959b6,554285ee-9e78-4c68-8952-820a39b14795,medium,warned,"Synthetic case for presentation: 2 events observed, severity=medium, outcome=warned.",8690727d-d8b8-4ab2-9e0b-31d6aa2657c6,"2026-09-04 15:09:00"
4e01a13d-3133-49f3-9f3d-31021ecd720e,f2572a50-7582-4fc2-b451-0b61f45959b6,f0af00df-e870-4f49-bb98-e0a253676ce3,high,score_penalized,"Synthetic case for presentation: 3 events observed, severity=high, outcome=score_penalized.",8690727d-d8b8-4ab2-9e0b-31d6aa2657c6,"2026-09-05 15:18:00"
7535a0d7-9174-42ee-9ea0-1a581c379f9e,f2572a50-7582-4fc2-b451-0b61f45959b6,14b56946-e5b0-4719-851a-d9d668f8be46,high,score_penalized,"Synthetic case for presentation: 1 events observed, severity=high, outcome=score_penalized.",8690727d-d8b8-4ab2-9e0b-31d6aa2657c6,"2026-09-06 15:27:00"
45ce79f5-6c9c-4d9c-8384-d10c7b02b4d5,f2572a50-7582-4fc2-b451-0b61f45959b6,d9a48795-8471-4b78-bd97-2434783eef87,medium,warned,"Synthetic case for presentation: 2 events observed, severity=medium, outcome=warned.",90b1b286-043f-4b76-92e4-23c74608f5ea,"2026-09-07 15:36:00"
ce2bf5c6-0102-4adb-b675-b8bf6dd6081e,b09837a9-9cfc-4a54-8623-0ef683fad6ed,ca0fef9d-2c59-481f-90d8-1aede4ea2300,high,score_penalized,"Synthetic case for presentation: 3 events observed, severity=high, outcome=score_penalized.",90b1b286-043f-4b76-92e4-23c74608f5ea,"2026-09-05 15:00:00"
cc606ded-c5f6-4d75-9c5a-39fd0c29b635,b09837a9-9cfc-4a54-8623-0ef683fad6ed,7a598cef-a4fb-4a8e-8b8b-3913b180a5f0,high,score_penalized,"Synthetic case for presentation: 1 events observed, severity=high, outcome=score_penalized.",369fd30b-4d8a-4531-be36-e9651e39a6d3,"2026-09-06 15:09:00"
9922ddfa-0571-4ff5-8d5a-2b0712145e75,b09837a9-9cfc-4a54-8623-0ef683fad6ed,7a693914-8fdb-4487-b88d-ae4e90bdbf43,medium,warned,"Synthetic case for presentation: 2 events observed, severity=medium, outcome=warned.",369fd30b-4d8a-4531-be36-e9651e39a6d3,"2026-09-07 15:18:00"
fd221ff7-80c4-47a7-84d5-60cfcbb2c3e7,b09837a9-9cfc-4a54-8623-0ef683fad6ed,69ce6cbd-6a52-4eaf-9808-abe2351f7713,critical,invalidated,"Synthetic case for presentation: 3 events observed, severity=critical, outcome=invalidated.",369fd30b-4d8a-4531-be36-e9651e39a6d3,"2026-09-08 15:27:00"
64cd4e0e-a8aa-47b6-8863-ba47df00713f,b09837a9-9cfc-4a54-8623-0ef683fad6ed,c22bf622-f533-4415-bbf0-eaaf32620fe9,low,pending,"Synthetic case for presentation: 1 events observed, severity=low, outcome=pending.",,
abefb664-022d-42cd-9b32-67b9ae693a99,000c4e7c-5e50-4d80-978b-3b9186a41eca,bc1cbd3f-3c33-4d97-9a50-aa3c60f0c854,medium,warned,"Synthetic case for presentation: 2 events observed, severity=medium, outcome=warned.",90b1b286-043f-4b76-92e4-23c74608f5ea,"2026-09-07 15:00:00"
9a3ab7b8-d95b-41a1-b48e-0ce332fff9ec,000c4e7c-5e50-4d80-978b-3b9186a41eca,10788729-480f-4cd5-b46a-da61b37ce58e,critical,invalidated,"Synthetic case for presentation: 3 events observed, severity=critical, outcome=invalidated.",7ddf9799-3bc6-47b5-afe8-bbf04f58fcef,"2026-09-08 15:09:00"
a1949d6a-3f8a-48a6-9e4f-5f98490d6a27,000c4e7c-5e50-4d80-978b-3b9186a41eca,ef048816-7950-49b9-8af7-e9eb8e7475a6,low,pending,"Synthetic case for presentation: 1 events observed, severity=low, outcome=pending.",,
df276d2a-cd8b-420c-ba23-c0f32c303c1d,000c4e7c-5e50-4d80-978b-3b9186a41eca,57d358f2-411f-45aa-817e-d7c8cd80e841,medium,warned,"Synthetic case for presentation: 2 events observed, severity=medium, outcome=warned.",7ddf9799-3bc6-47b5-afe8-bbf04f58fcef,"2026-09-10 15:27:00"
4254b4fb-e91f-4d51-9f95-6705f0871cf9,000c4e7c-5e50-4d80-978b-3b9186a41eca,3d579364-b37d-4466-99a4-da8afb893757,high,score_penalized,"Synthetic case for presentation: 3 events observed, severity=high, outcome=score_penalized.",90b1b286-043f-4b76-92e4-23c74608f5ea,"2026-09-11 15:36:00"
2943aead-e09c-403b-a517-b328fcb4c4f9,519b1538-4ac7-4819-8434-51a84c5fc8d6,770e0a6c-9aab-48f4-b3ee-111c24ecded4,low,pending,"Synthetic case for presentation: 1 events observed, severity=low, outcome=pending.",,
98a6ec3d-68d3-416c-bc4b-87bfba40c0d8,519b1538-4ac7-4819-8434-51a84c5fc8d6,d2601ba3-e506-43b6-abbc-5a1702d46aee,medium,warned,"Synthetic case for presentation: 2 events observed, severity=medium, outcome=warned.",a7b84cf7-5000-4128-9097-b046c3d7bb5d,"2026-09-10 15:09:00"
12eed98d-6ec9-4ec4-984d-8ba47e3227fa,519b1538-4ac7-4819-8434-51a84c5fc8d6,16a4a67a-cb66-4872-923c-5754a2cfc541,high,score_penalized,"Synthetic case for presentation: 3 events observed, severity=high, outcome=score_penalized.",a7b84cf7-5000-4128-9097-b046c3d7bb5d,"2026-09-11 15:18:00"
4712c8a2-ddc7-4763-971a-15d83701f80e,519b1538-4ac7-4819-8434-51a84c5fc8d6,f0b62a7f-6bf5-437c-bf18-82b159d7150d,low,pending,"Synthetic case for presentation: 1 events observed, severity=low, outcome=pending.",,
e0eb282a-efcc-4a23-b565-cb180ec1a95f,519b1538-4ac7-4819-8434-51a84c5fc8d6,fe38fbb6-f7f4-4220-aa61-ad3adc73fc79,high,score_penalized,"Synthetic case for presentation: 2 events observed, severity=high, outcome=score_penalized.",90b1b286-043f-4b76-92e4-23c74608f5ea,"2026-09-13 15:36:00"
756ed796-2bed-4f5f-8354-18eacbc30995,ff5d1dfa-3172-4585-bd57-7c4317ddc8b1,01c4149f-1e55-49ef-9831-5e157c19e141,high,score_penalized,"Synthetic case for presentation: 3 events observed, severity=high, outcome=score_penalized.",90b1b286-043f-4b76-92e4-23c74608f5ea,"2026-09-11 15:00:00"
e20cb572-04af-4480-a409-eb50e68b3ea9,ff5d1dfa-3172-4585-bd57-7c4317ddc8b1,d0e3ff1e-ebec-47cc-b214-8e9f25336820,low,pending,"Synthetic case for presentation: 1 events observed, severity=low, outcome=pending.",,
a459c01e-f55a-4d95-a3ff-a6fe24a5fa44,ff5d1dfa-3172-4585-bd57-7c4317ddc8b1,d086111e-9881-401f-a1e3-cc3438940222,high,score_penalized,"Synthetic case for presentation: 2 events observed, severity=high, outcome=score_penalized.",05929a13-479b-4448-9bc2-f59faf19a350,"2026-09-13 15:18:00"
c7959f3b-fc4b-4ebe-a11c-1002c99c4a2d,ff5d1dfa-3172-4585-bd57-7c4317ddc8b1,92b37ce5-0f77-4e73-a83a-b0d963080a12,high,score_penalized,"Synthetic case for presentation: 3 events observed, severity=high, outcome=score_penalized.",05929a13-479b-4448-9bc2-f59faf19a350,"2026-09-14 15:27:00"
dc47994c-ce88-469f-997c-1ac4fcca8d2c,ff5d1dfa-3172-4585-bd57-7c4317ddc8b1,60cab33b-ec66-4ab9-8577-d68ae0695659,low,pending,"Synthetic case for presentation: 1 events observed, severity=low, outcome=pending.",,
894577de-789e-44b7-9399-cf47098d2dc1,429215db-bf07-4542-871f-d850433b3efc,7f87dc48-5949-4291-a569-d05b299753a0,high,score_penalized,"Synthetic case for presentation: 2 events observed, severity=high, outcome=score_penalized.",90b1b286-043f-4b76-92e4-23c74608f5ea,"2026-09-13 15:00:00"
a6c93731-569c-44d5-9ba2-ae6fc17113cd,429215db-bf07-4542-871f-d850433b3efc,9d2beb30-83ab-4087-bd6b-b60dd3456cf7,high,score_penalized,"Synthetic case for presentation: 3 events observed, severity=high, outcome=score_penalized.",3114c192-a7b8-41a4-89bc-eefda21e82df,"2026-09-14 15:09:00"
6554b146-94d5-4cfa-b767-2473d035bb63,429215db-bf07-4542-871f-d850433b3efc,036274fb-43cb-4135-ac67-d6bfc20e6f9f,low,pending,"Synthetic case for presentation: 1 events observed, severity=low, outcome=pending.",,
0481daef-8e1d-4977-a871-2903d913a427,429215db-bf07-4542-871f-d850433b3efc,90cc7aef-fc0a-402d-adda-891da3d087d9,medium,warned,"Synthetic case for presentation: 2 events observed, severity=medium, outcome=warned.",3114c192-a7b8-41a4-89bc-eefda21e82df,"2026-09-16 15:27:00"
867a0a74-672c-4048-8bf2-e58ef5608b8c,429215db-bf07-4542-871f-d850433b3efc,28c4e74b-bb8b-4e32-9175-5a175b88cf81,high,score_penalized,"Synthetic case for presentation: 3 events observed, severity=high, outcome=score_penalized.",90b1b286-043f-4b76-92e4-23c74608f5ea,"2026-09-17 15:36:00"
ed9e89a7-7281-4e34-94f4-706c634473c7,0d7c1e0d-b8f5-48a9-a246-9d8e200960b4,909cbff5-306f-46d0-84bc-414b91bee76f,low,pending,"Synthetic case for presentation: 1 events observed, severity=low, outcome=pending.",,
f760e6c2-eab7-4b40-b380-dcddf6f67de8,0d7c1e0d-b8f5-48a9-a246-9d8e200960b4,bed70342-b412-4070-922b-7a264df67f02,medium,warned,"Synthetic case for presentation: 2 events observed, severity=medium, outcome=warned.",b0fecb7c-6fe4-45bb-9c6e-ff5b04828bad,"2026-09-16 15:09:00"
a7c37a5a-8861-4f9d-be8f-ec366249e8f2,0d7c1e0d-b8f5-48a9-a246-9d8e200960b4,90f9f0f9-b9e8-48e8-b985-a220b9d5ff82,high,score_penalized,"Synthetic case for presentation: 3 events observed, severity=high, outcome=score_penalized.",b0fecb7c-6fe4-45bb-9c6e-ff5b04828bad,"2026-09-17 15:18:00"
68620411-a80f-43c1-9af0-3fb3a0856ee8,0d7c1e0d-b8f5-48a9-a246-9d8e200960b4,15b1a025-964b-467d-b8b7-d610314fb135,high,score_penalized,"Synthetic case for presentation: 1 events observed, severity=high, outcome=score_penalized.",b0fecb7c-6fe4-45bb-9c6e-ff5b04828bad,"2026-09-18 15:27:00"
16a0028f-67e8-4b57-8f93-9976ea678826,0d7c1e0d-b8f5-48a9-a246-9d8e200960b4,d89080eb-b99f-4f14-9d3c-12bb4617047d,medium,warned,"Synthetic case for presentation: 2 events observed, severity=medium, outcome=warned.",90b1b286-043f-4b76-92e4-23c74608f5ea,"2026-09-19 15:36:00"
fe4bc404-9426-41cf-9cba-0d036f4b8101,76fba746-1567-4d5c-8062-f747cb38fb48,2551264b-6c68-469c-b1aa-f2e40c59e8d9,high,score_penalized,"Synthetic case for presentation: 3 events observed, severity=high, outcome=score_penalized.",90b1b286-043f-4b76-92e4-23c74608f5ea,"2026-09-17 15:00:00"
9a11f4c8-9984-45b8-b673-6af5fffeaefd,76fba746-1567-4d5c-8062-f747cb38fb48,46d6c648-c459-431a-a56a-b28af0ddc325,high,score_penalized,"Synthetic case for presentation: 1 events observed, severity=high, outcome=score_penalized.",4ac27712-3309-4978-b27a-f9cdae1dd592,"2026-09-18 15:09:00"
fa1c0ae0-526f-45b1-a0e5-0661210b3c84,76fba746-1567-4d5c-8062-f747cb38fb48,7cca4f1a-855e-475d-89f1-2788ccb84a0c,medium,warned,"Synthetic case for presentation: 2 events observed, severity=medium, outcome=warned.",4ac27712-3309-4978-b27a-f9cdae1dd592,"2026-09-19 15:18:00"
859d2004-6b0f-4be5-810d-666f6a169e1b,76fba746-1567-4d5c-8062-f747cb38fb48,e67eb41c-e390-4583-a1ce-31f5f9e1bf09,critical,invalidated,"Synthetic case for presentation: 3 events observed, severity=critical, outcome=invalidated.",4ac27712-3309-4978-b27a-f9cdae1dd592,"2026-08-26 15:27:00"
f4fa86b5-09f7-48fd-b018-8a1009cd10b3,76fba746-1567-4d5c-8062-f747cb38fb48,82178a96-c94f-4f7d-933d-8e5b86768d03,low,pending,"Synthetic case for presentation: 1 events observed, severity=low, outcome=pending.",,
1b84cfee-a741-4e11-9ac0-0a1b0d8a3b12,0b695fe0-a11b-4211-be46-0546abbdfada,f8b427a7-c80f-4001-a0d3-6d58da3b5c6d,medium,warned,"Synthetic case for presentation: 2 events observed, severity=medium, outcome=warned.",90b1b286-043f-4b76-92e4-23c74608f5ea,"2026-09-19 15:00:00"
e8b0c998-7f4c-4ee2-90bc-43606dff2eee,0b695fe0-a11b-4211-be46-0546abbdfada,2ab54f77-ed12-4d1d-8bc1-85503a818d74,critical,invalidated,"Synthetic case for presentation: 3 events observed, severity=critical, outcome=invalidated.",495726c0-b09c-463d-8893-4e8db325ec56,"2026-08-26 15:09:00"
167304cc-25be-4905-a832-3c5ed0b970ce,0b695fe0-a11b-4211-be46-0546abbdfada,95810883-f123-4368-8a65-3fd9ff225fca,low,pending,"Synthetic case for presentation: 1 events observed, severity=low, outcome=pending.",,
f9572aff-a4d9-4cef-8b29-98f54e7a2060,0b695fe0-a11b-4211-be46-0546abbdfada,79366dc4-bf71-4a68-aefa-80e33cb90705,medium,warned,"Synthetic case for presentation: 2 events observed, severity=medium, outcome=warned.",495726c0-b09c-463d-8893-4e8db325ec56,"2026-08-28 15:27:00"
d0e2c321-74c6-4c1d-bb9c-d37396eeddce,0b695fe0-a11b-4211-be46-0546abbdfada,9e659a75-c0e5-42d4-958f-2a3be10273c6,high,score_penalized,"Synthetic case for presentation: 3 events observed, severity=high, outcome=score_penalized.",90b1b286-043f-4b76-92e4-23c74608f5ea,"2026-08-29 15:36:00"
